id,field,class,before,action,after,reason,pattern,confidence
bzk-papoyan-malinin-2026-09-26,why,generic,Сегодняшний концерт базовой площадки — именно такие события радар не должен пропускать.,remove,,generic/process rationale does not state a concrete event-specific reason,base_venue_radar_policy,high
bzk-papoyan-malinin-2026-09-26,details,content,"26 сентября 2026, 19:00. Большой зал Московской консерватории.",keep,"26 сентября 2026, 19:00. Большой зал Московской консерватории.",user-facing factual content,none,high
phil-nekrassov-impressions-2026-09-26,why,editorial,Сегодняшний живой концерт Камерного зала; текущая база Филармонии должна отражать и такие даты.,keep,Сегодняшний живой концерт Камерного зала; текущая база Филармонии должна отражать и такие даты.,content-specific editorial reason,none,high
phil-nekrassov-impressions-2026-09-26,details,content,Импровизационная программа от би-бопа к европейской сцене.,keep,Импровизационная программа от би-бопа к европейской сцене.,user-facing factual content,none,high
pokrovskie-new-wine-2026-09-26,why,generic,Текущее содержательное событие обязательной площадки.,remove,,generic/process rationale does not state a concrete event-specific reason,mandatory_venue_placeholder,high
pokrovskie-new-wine-2026-09-26,details,content,"26 сентября, 19:00–21:00, Покровка, 27.",keep,"26 сентября, 19:00–21:00, Покровка, 27.",user-facing factual content,none,high
phil-kzch-history-rehearsal-2026-09-27,why,technical,Подтверждённая дата полного sweep Московской филармонии до 31.12.2026; включена в широкий календарь без вкусового отсева.,remove,,confirmation/provenance is not an editorial reason,confirmed_placeholder,high
phil-kzch-history-rehearsal-2026-09-27,details,content,Открытая репетиция-экскурсия по Концертному залу имени П. И. Чайковского.,keep,Открытая репетиция-экскурсия по Концертному залу имени П. И. Чайковского.,user-facing factual content,none,high
dost-tolstoy-khamovniki-2026-09-27,why,editorial,"Литература не как отвлечённая лекция, а через реальное пространство жизни Толстого и разговор о его позднем творчестве и духовных поисках.",keep,"Литература не как отвлечённая лекция, а через реальное пространство жизни Толстого и разговор о его позднем творчестве и духовных поисках.",content-specific editorial reason,none,high
dost-tolstoy-khamovniki-2026-09-27,details,content,Экскурсия по дому Толстого в Хамовниках; около 2 часов.,keep,Экскурсия по дому Толстого в Хамовниках; около 2 часов.,user-facing factual content,none,high
phil-language-opera-2026-09-27,why,technical,Подтверждённая дата полного sweep Московской филармонии до 31.12.2026; включена в широкий календарь без вкусового отсева.,remove,,confirmation/provenance is not an editorial reason,confirmed_placeholder,high
phil-language-opera-2026-09-27,details,content,Фрагменты опер от Монтеверди и Пёрселла до Гласса и Десятникова.,keep,Фрагменты опер от Монтеверди и Пёрселла до Гласса и Десятникова.,user-facing factual content,none,high
consv-bzk-vocal-masterpieces-2026-09-27,why,generic,Содержательная дата Консерватории: Шедевры вокального искусства.,remove,,generic content-date label repeats event content but does not explain why the event merits attention,conservatory_content_date_placeholder,high
consv-bzk-vocal-masterpieces-2026-09-27,details,content,Программа концерта вокального факультета на странице календаря не раскрыта.,keep,Программа концерта вокального факультета на странице календаря не раскрыта.,user-facing factual content,none,high
consv-mzk-rasputina-memory-2026-09-27,why,generic,Содержательная дата Консерватории: Памяти органистки и музыковеда М. В. Распутиной.,remove,,generic content-date label repeats event content but does not explain why the event merits attention,conservatory_content_date_placeholder,high
consv-mzk-rasputina-memory-2026-09-27,details,content,Программа в календарном анонсе не раскрыта.,keep,Программа в календарном анонсе не раскрыта.,user-facing factual content,none,high
consv-rach-brass-percussion-festival-2026-09-27,why,generic,Содержательная дата Консерватории: V Фестиваль ансамблей медных духовых и ударных инструментов.,remove,,generic content-date label repeats event content but does not explain why the event merits attention,conservatory_content_date_placeholder,high
consv-rach-brass-percussion-festival-2026-09-27,details,content,Программа открытия фестиваля не детализирована.,keep,Программа открытия фестиваля не детализирована.,user-facing factual content,none,high
consv-bzk-arm-mokhorev-klyuchko-2026-09-27,why,generic,Содержательная дата Консерватории: Академия Русской Музыки / Максим Мохорев / Александр Ключко.,remove,,generic content-date label repeats event content but does not explain why the event merits attention,conservatory_content_date_placeholder,high
consv-bzk-arm-mokhorev-klyuchko-2026-09-27,details,content,Конкретные произведения в календарном анонсе не перечислены.,keep,Конкретные произведения в календарном анонсе не перечислены.,user-facing factual content,none,high
consv-myaskovsky-mishin-2026-09-27,why,generic,Содержательная дата Консерватории: Михаил Мишин — фортепианный вечер.,remove,,generic content-date label repeats event content but does not explain why the event merits attention,conservatory_content_date_placeholder,high
consv-myaskovsky-mishin-2026-09-27,details,content,Вечер фортепианной музыки; программа не раскрыта.,keep,Вечер фортепианной музыки; программа не раскрыта.,user-facing factual content,none,high
consv-mzk-gaso90-soloists-2026-09-27,why,generic,Содержательная дата Консерватории: К 90-летию ГАСО — солисты оркестра.,remove,,generic content-date label repeats event content but does not explain why the event merits attention,conservatory_content_date_placeholder,high
consv-mzk-gaso90-soloists-2026-09-27,details,content,Программа солистов в календарном анонсе не раскрыта.,keep,Программа солистов в календарном анонсе не раскрыта.,user-facing factual content,none,high
consv-rach-immensa-musica-2026-09-27,why,generic,Содержательная дата Консерватории: Камерный оркестр «Immensa Musica».,remove,,generic content-date label repeats event content but does not explain why the event merits attention,conservatory_content_date_placeholder,high
consv-rach-immensa-musica-2026-09-27,details,content,Сентябрьский фестиваль «Творческая молодёжь Московской консерватории»; программа не раскрыта.,keep,Сентябрьский фестиваль «Творческая молодёжь Московской консерватории»; программа не раскрыта.,user-facing factual content,none,high
helikon-lady-macbeth-2026-09-27,why,editorial,Одна из центральных опер Шостаковича в профильном фестивальном контексте.,keep,Одна из центральных опер Шостаковича в профильном фестивальном контексте.,content-specific editorial reason,none,high
helikon-lady-macbeth-2026-09-27,details,content,"27 сентября, зал «Стравинский».",keep,"27 сентября, зал «Стравинский».",user-facing factual content,none,high
phil-bessonov-nikiforchin-2026-09-27,why,technical,Подтверждённая дата полного sweep Московской филармонии до 31.12.2026; включена в широкий календарь без вкусового отсева.,remove,,confirmation/provenance is not an editorial reason,confirmed_placeholder,high
phil-bessonov-nikiforchin-2026-09-27,details,content,Рахманинов — Концерт №3 для фортепиано с оркестром; Скрябин — Симфония №3 «Божественная поэма»,keep,Рахманинов — Концерт №3 для фортепиано с оркестром; Скрябин — Симфония №3 «Божественная поэма»,user-facing factual content,none,high
phil-laul-mozart-2026-09-27,why,mixed,Полноценная моцартовская сольная программа; сохраняем даже sold out как часть реального календаря.,rewrite_existing_content_only,Полноценная моцартовская сольная программа.,retain only existing event-specific content; remove radar/contour/calendar/inclusion policy wording,process_clause_removed,high
phil-laul-mozart-2026-09-27,details,content,"Рондо, сонаты и фантазии Моцарта.",keep,"Рондо, сонаты и фантазии Моцарта.",user-facing factual content,none,high
consv-bzk-revueltas-mexico-2026-09-28,why,mixed,Ключевая программа текущего sweep Консерватории: Ревуэльтас — «Да здравствует Мексика!».,rewrite_existing_content_only,Ревуэльтас — «Да здравствует Мексика!».,remove sweep provenance and retain the existing program core,key_program_sweep_prefix,high
consv-bzk-revueltas-mexico-2026-09-28,details,content,Музыка к фильму «Да здравствует Мексика!»,keep,Музыка к фильму «Да здравствует Мексика!»,user-facing factual content,none,high
consv-mzk-bolshoi-rigoletto-2026-09-28,why,mixed,Ключевая программа текущего sweep Консерватории: Верди — «Риголетто» / солисты Большого театра.,rewrite_existing_content_only,Верди — «Риголетто» / солисты Большого театра.,remove sweep provenance and retain the existing program core,key_program_sweep_prefix,high
consv-mzk-bolshoi-rigoletto-2026-09-28,details,content,«Риголетто» — опера в концертном исполнении,keep,«Риголетто» — опера в концертном исполнении,user-facing factual content,none,high
consv-rach-tulskaya-igumnova-2026-09-28,why,generic,Содержательная дата Консерватории: Виктория Тульская / Наталья Игумнова.,remove,,generic content-date label repeats event content but does not explain why the event merits attention,conservatory_content_date_placeholder,high
consv-rach-tulskaya-igumnova-2026-09-28,details,content,Программа в календарном анонсе не раскрыта.,keep,Программа в календарном анонсе не раскрыта.,user-facing factual content,none,high
phil-laul-mozart-2026-09-28,why,generic,Вторая дата той же программы; важна как отдельное календарное событие.,remove,,generic/process rationale does not state a concrete event-specific reason,calendar_presence_policy,high
phil-laul-mozart-2026-09-28,details,content,"Рондо, сонаты и фантазии Моцарта.",keep,"Рондо, сонаты и фантазии Моцарта.",user-facing factual content,none,high
rassvet-duo-inspiro-2026-09-28,why,mixed,"Вайнберг, Хиндемит и Прокофьев в камерной программе — ровно профиль радара.",rewrite_existing_content_only,"Вайнберг, Хиндемит и Прокофьев в камерной программе.",retain only existing event-specific content; remove radar/contour/calendar/inclusion policy wording,process_clause_removed,high
rassvet-duo-inspiro-2026-09-28,details,content,"Сонаты эпохи войны: Вайнберг, Хиндемит, Прокофьев.",keep,"Сонаты эпохи войны: Вайнберг, Хиндемит, Прокофьев.",user-facing factual content,none,high
consv-bzk-carmina-burana-organ-2026-09-29,why,mixed,Ключевая программа текущего sweep Консерватории: Орф — «Кармина Бурана» / органная мультимедийная версия.,rewrite_existing_content_only,Орф — «Кармина Бурана» / органная мультимедийная версия.,remove sweep provenance and retain the existing program core,key_program_sweep_prefix,high
consv-bzk-carmina-burana-organ-2026-09-29,details,content,«Кармина Бурана»,keep,«Кармина Бурана»,user-facing factual content,none,high
phil-grindenko-bach-biber-2026-09-29,why,mixed,Прямой watchlist: Гринденко + барокко + Бах. Даже sold out событие должно присутствовать в календаре.,rewrite_existing_content_only,Гринденко + барокко + Бах.,retain only existing event-specific content; remove radar/contour/calendar/inclusion policy wording,process_clause_removed,high
phil-grindenko-bach-biber-2026-09-29,details,content,Барочная программа Баха и Бибера.,keep,Барочная программа Баха и Бибера.,user-facing factual content,none,high
phil-prokofiev-nevsky-2026-09-29,why,mixed,"Крупная прокофьевская программа с хором и оркестром; очевидный кандидат, которого база не должна была пропускать.",rewrite_existing_content_only,Крупная прокофьевская программа с хором и оркестром.,retain only existing event-specific content; remove radar/contour/calendar/inclusion policy wording,process_clause_removed,high
phil-prokofiev-nevsky-2026-09-29,details,content,Кантата «Александр Невский» и большая сюита из балета «Ромео и Джульетта».,keep,Кантата «Александр Невский» и большая сюита из балета «Ромео и Джульетта».,user-facing factual content,none,high
rassvet-batagov-dreamer-2026-09-29,why,editorial,"Watchlist-исполнитель и программа из 12 пьес, написанных для театра, кино и телевидения.",keep,"Watchlist-исполнитель и программа из 12 пьес, написанных для театра, кино и телевидения.",content-specific editorial reason,none,high
rassvet-batagov-dreamer-2026-09-29,details,content,"12 пьес, когда-то написанных для театра, кино и телевидения.",keep,"12 пьес, когда-то написанных для театра, кино и телевидения.",user-facing factual content,none,high
dost-battle-moscow-2026-09-30,why,editorial,"Содержательная публичная историческая лекция с опорой на архивные источники, мемуары, дневники и письма.",keep,"Содержательная публичная историческая лекция с опорой на архивные источники, мемуары, дневники и письма.",content-specific editorial reason,none,high
dost-battle-moscow-2026-09-30,details,content,"Хронология Битвы за Москву, планы сторон и международный контекст.",keep,"Хронология Битвы за Москву, планы сторон и международный контекст.",user-facing factual content,none,high
phil-madrigal-new-shores-2026-09-30,why,generic,Старинная музыка базовой площадки; не должна исчезать из календаря из-за sold out.,remove,,generic/process rationale does not state a concrete event-specific reason,base_venue_calendar_policy,high
phil-madrigal-new-shores-2026-09-30,details,content,Ансамбль «Мадригал».,keep,Ансамбль «Мадригал».,user-facing factual content,none,high
drugoe-literary-club-12-2026-09-30,why,editorial,Регулярный содержательный литературный клуб малой независимой площадки.,keep,Регулярный содержательный литературный клуб малой независимой площадки.,content-specific editorial reason,none,high
drugoe-literary-club-12-2026-09-30,details,content,"30 сентября, 19:30. Регулярная серия: двенадцать участников обсуждают высокую литературу за общим столом; ведущий — кандидат филологических наук Михаил Свердлов.",keep,"30 сентября, 19:30. Регулярная серия: двенадцать участников обсуждают высокую литературу за общим столом; ведущий — кандидат филологических наук Михаил Свердлов.",user-facing factual content,none,high
voz-lessing-cursed-culture-2026-09-30,why,mixed,Философская презентация первого русского издания эссе Теодора Лессинга; соответствует философскому talks-контуру.,rewrite_existing_content_only,Философская презентация первого русского издания эссе Теодора Лессинга.,retain only existing event-specific content; remove radar/contour/calendar/inclusion policy wording,process_clause_removed,high
voz-lessing-cursed-culture-2026-09-30,details,content,"30 сентября, 19:30. Презентация первого русского издания эссе Теодора Лессинга «Про́клятая культура».",keep,"30 сентября, 19:30. Презентация первого русского издания эссе Теодора Лессинга «Про́клятая культура».",user-facing factual content,none,high
lapp83-tiffany-dream-2026-10-01,why,editorial,Содержательная культурно-историческая встреча об одном из ключевых ювелирных домов; входит в опубликованную афишу камерного лектория.,keep,Содержательная культурно-историческая встреча об одном из ключевых ювелирных домов; входит в опубликованную афишу камерного лектория.,content-specific editorial reason,none,high
lapp83-tiffany-dream-2026-10-01,details,content,"1 октября. Официальный магазин L’Appartement 83 подтверждает событие и цену 4000 ₽; точное время в доступной выдаче не опубликовано, поэтому используется date_only.",keep,"1 октября. Официальный магазин L’Appartement 83 подтверждает событие и цену 4000 ₽; точное время в доступной выдаче не опубликовано, поэтому используется date_only.",user-facing factual content,none,high
myaskovsky-koroleva-masterclass-2026-10-01,why,technical,Подтверждено официальной афишей Московской консерватории при полном повторном sweep зала Мясковского за октябрь 2026.,remove,,confirmation/provenance is not an editorial reason,confirmed_placeholder,high
myaskovsky-koroleva-masterclass-2026-10-01,details,technical,Публичная позиция официальной афиши; редакционная приоритизация отделена от факта включения.,remove,,source verification or internal process text without user-facing event content,pure_public_provenance,high
gnesin-rimsky-opera-world-2026-10-01,why,generic,Публичное событие актуальной афиши РАМ имени Гнесиных.,remove,,generic/process rationale does not state a concrete event-specific reason,public_current_listing_placeholder,high
gnesin-rimsky-opera-world-2026-10-01,details,content,"1 октября, 17:00–19:00. Вокальная тематическая программа по операм Н. А. Римского-Корсакова.",keep,"1 октября, 17:00–19:00. Вокальная тематическая программа по операм Н. А. Римского-Корсакова.",user-facing factual content,none,high
yeltsin-writing-course-memory-2026-10-01,why,mixed,Литературная мастерская о превращении памяти и личного опыта в текст; соответствует литературному talks-контуру.,rewrite_existing_content_only,Литературная мастерская о превращении памяти и личного опыта в текст.,retain only existing event-specific content; remove radar/contour/calendar/inclusion policy wording,process_clause_removed,high
yeltsin-writing-course-memory-2026-10-01,details,mixed,"Курс из восьми встреч: 1, 8, 15, 22, 29 октября; 5, 12 и 26 ноября, начало в 18:00. В карточке хранится первая дата, полный график указан в деталях.",rewrite_existing_content_only,"Курс из восьми встреч: 1, 8, 15, 22, 29 октября; 5, 12 и 26 ноября, начало в 18:00.","retain existing schedule, remove internal card-storage note",schedule_plus_internal_card_note,high
bolshoi-barber-seville-2026-10-01-1900,why,technical,Подтверждённая позиция полного октябрьского sweep Большого театра.,remove,,confirmation/provenance is not an editorial reason,confirmed_placeholder,high
bolshoi-barber-seville-2026-10-01-1900,details,technical,Дата и площадка подтверждены актуальной афишей Большого театра.,remove,,source verification or internal process text without user-facing event content,pure_public_provenance,high
bolshoi-master-margarita-2026-10-01-1900,why,technical,Подтверждённая позиция полного октябрьского sweep Большого театра.,remove,,confirmation/provenance is not an editorial reason,confirmed_placeholder,high
bolshoi-master-margarita-2026-10-01-1900,details,content,"Октябрьская серия 1–3 октября; 3 октября — два показа, в 12:00 и 19:00.",keep,"Октябрьская серия 1–3 октября; 3 октября — два показа, в 12:00 и 19:00.",user-facing factual content,none,high
consv-bzk-world-music-day-2026-10-01,why,generic,Содержательное событие официальной афиши Московской консерватории; добавлено при системном проходе до конца 2026 года.,remove,,generic placeholder plus internal pass provenance,generic_official_listing_system_pass,high
consv-bzk-world-music-day-2026-10-01,details,content,"Чайковский, Глинка, Бородин, Римский-Корсаков.",keep,"Чайковский, Глинка, Бородин, Римский-Корсаков.",user-facing factual content,none,high
maly-dead-souls-oct26,why,generic,Репертуарная карточка: сохраняем постановку в полном театральном календаре.,remove,,"generic repertoire placeholder, not an editorial reason",repertoire_card_placeholder,high
maly-dead-souls-oct26,details,content,"1 и 13 октября. 2 ч 45 мин, один антракт.",keep,"1 и 13 октября. 2 ч 45 мин, один антракт.",user-facing factual content,none,high
maly-marriage-oct26,why,generic,Репертуарная карточка: сохраняем постановку в полном театральном календаре.,remove,,"generic repertoire placeholder, not an editorial reason",repertoire_card_placeholder,high
maly-marriage-oct26,details,content,"1 и 13 октября. 2 ч 35 мин, один антракт.",keep,"1 и 13 октября. 2 ч 35 мин, один антракт.",user-facing factual content,none,high
mm-golovanov-blagovest-2026-10-01,why,editorial,Биография Голованова в его собственной квартире с живой музыкой.,keep,Биография Голованова в его собственной квартире с живой музыкой.,content-specific editorial reason,none,high
mm-golovanov-blagovest-2026-10-01,details,content,75 минут; история становления Николая Голованова с фортепианными иллюстрациями.,keep,75 минут; история становления Николая Голованова с фортепианными иллюстрациями.,user-facing factual content,none,high
mmdm-7228,why,technical,Подтверждённая позиция полного sweep Московского международного Дома музыки.,remove,,confirmation/provenance is not an editorial reason,confirmed_placeholder,high
mmdm-7228,details,technical,Событие подтверждено официальной афишей Московского международного Дома музыки.,remove,,source verification or internal process text without user-facing event content,pure_public_provenance,high
mmdm-7312,why,technical,Подтверждённая позиция полного sweep Московского международного Дома музыки.,remove,,confirmation/provenance is not an editorial reason,confirmed_placeholder,high
mmdm-7312,details,technical,Событие подтверждено официальной афишей Московского международного Дома музыки.,remove,,source verification or internal process text without user-facing event content,pure_public_provenance,high
mmdm-7441,why,technical,Подтверждённая позиция полного sweep Московского международного Дома музыки.,remove,,confirmation/provenance is not an editorial reason,confirmed_placeholder,high
mmdm-7441,details,technical,Событие подтверждено официальной афишей Московского международного Дома музыки.,remove,,source verification or internal process text without user-facing event content,pure_public_provenance,high
myaskovsky-young-harpists-2026-10-01,why,technical,Подтверждено официальной афишей Московской консерватории при полном повторном sweep зала Мясковского за октябрь 2026.,remove,,confirmation/provenance is not an editorial reason,confirmed_placeholder,high
myaskovsky-young-harpists-2026-10-01,details,technical,Публичная позиция официальной афиши; редакционная приоритизация отделена от факта включения.,remove,,source verification or internal process text without user-facing event content,pure_public_provenance,high
nikitskie-skameyka-2026-10-01,why,generic,Репертуарная карточка: по театрам сохраняем практически весь доступный октябрьский репертуар.,remove,,"generic repertoire placeholder, not an editorial reason",repertoire_card_placeholder,high
nikitskie-skameyka-2026-10-01,details,mixed,Октябрьская афиша театра. Билеты от 750 ₽ по текущему агрегатору.,rewrite_existing_content_only,Билеты от 750 ₽,"retain existing price fact, remove source/provenance wording",theatre_aggregator_price,high
phil-gpc-rogovoy-2026-10-01,why,mixed,Сольный вечер сильного молодого пианиста; sold out всё равно сохраняем как часть реального календаря.,rewrite_existing_content_only,Сольный вечер сильного молодого пианиста.,retain only existing event-specific content; remove radar/contour/calendar/inclusion policy wording,process_clause_removed,high
phil-gpc-rogovoy-2026-10-01,details,content,"Шопен — мазурки, Полонез-фантазия, Скерцо № 4; Чайковский — Соната до-диез минор.",keep,"Шопен — мазурки, Полонез-фантазия, Скерцо № 4; Чайковский — Соната до-диез минор.",user-facing factual content,none,high
phil-stars21-2026-10-01,why,editorial,Плотная программа XX века и несколько сильных молодых солистов.,keep,Плотная программа XX века и несколько сильных молодых солистов.,content-specific editorial reason,none,high
phil-stars21-2026-10-01,details,content,Шостакович — Концерт № 2; Хачатурян — Скрипичный концерт; Прокофьев — Концерт № 3 и сюита «1941».,keep,Шостакович — Концерт № 2; Хачатурян — Скрипичный концерт; Прокофьев — Концерт № 3 и сюита «1941».,user-facing factual content,none,high
sov-edimomyslenniki-2026-10-01,why,editorial,Новая документальная работа Марины Брусникиной — прямое попадание в интерес к современному и документальному театру.,keep,Новая документальная работа Марины Брусникиной — прямое попадание в интерес к современному и документальному театру.,content-specific editorial reason,none,high
sov-edimomyslenniki-2026-10-01,details,content,Документальный спектакль. Премьера 1 октября 2026.,keep,Документальный спектакль. Премьера 1 октября 2026.,user-facing factual content,none,high
sphere-raskas-2026-10-01,why,generic,Содержательная театральная работа из приоритетного контура Культрадара.,remove,,generic/process rationale does not state a concrete event-specific reason,priority_contour_placeholder,high
sphere-raskas-2026-10-01,details,empty,,no_action,,field is empty or absent,empty,high
zaryadye-dsch-rudin-2026-10-01,why,mixed,"Октябрьский блок Шостаковича в Зарядье; событие базовой площадки, которое нельзя было оставлять за пределами календаря.",rewrite_existing_content_only,Октябрьский блок Шостаковича в Зарядье.,retain only existing event-specific content; remove radar/contour/calendar/inclusion policy wording,process_clause_removed,high
zaryadye-dsch-rudin-2026-10-01,details,content,Концерт цикла DSCH к 120-летию Дмитрия Шостаковича.,keep,Концерт цикла DSCH к 120-летию Дмитрия Шостаковича.,user-facing factual content,none,high
drugoe-slovo-2026-10-01,why,editorial,Камерный независимый театр на малой площадке; содержательная работа вокруг «Слова о полку Игореве» и филологической загадки авторства.,keep,Камерный независимый театр на малой площадке; содержательная работа вокруг «Слова о полку Игореве» и филологической загадки авторства.,content-specific editorial reason,none,high
drugoe-slovo-2026-10-01,details,content,"1 октября, 19:00–21:00. Спектакль независимого театра «Сван»; сбор гостей в 19:00, начало спектакля в 19:30.",keep,"1 октября, 19:00–21:00. Спектакль независимого театра «Сван»; сбор гостей в 19:00, начало спектакля в 19:30.",user-facing factual content,none,high
pokrovskie-francis-opening-2026-10-01,why,editorial,Содержательная искусствоведческая программа малой площадки: западная и восточная иконография святого Франциска.,keep,Содержательная искусствоведческая программа малой площадки: западная и восточная иконография святого Франциска.,content-specific editorial reason,none,high
pokrovskie-francis-opening-2026-10-01,details,content,"1 октября, 19:00. На открытии выставки Ирина Языкова и Наталья Боровская читают лекции об образе святого Франциска в православном и западном искусстве.",keep,"1 октября, 19:00. На открытии выставки Ирина Языкова и Наталья Боровская читают лекции об образе святого Франциска в православном и западном искусстве.",user-facing factual content,none,high
ile-dhrupad-nirmalya-2026-10-01,why,editorial,Первое российское выступление представителя традиции Dagar gharana; редкая североиндийская классическая традиция.,keep,Первое российское выступление представителя традиции Dagar gharana; редкая североиндийская классическая традиция.,content-specific editorial reason,none,high
ile-dhrupad-nirmalya-2026-10-01,details,content,Неделя средневековой индийской музыки. Дхрупад: микротональная работа со звуком и импровизационная форма.,keep,Неделя средневековой индийской музыки. Дхрупад: микротональная работа со звуком и импровизационная форма.,user-facing factual content,none,high
voz-punk-2026-10-01,why,generic,Содержательная программа Центра Вознесенского; добавлена как часть полного прохода источников.,remove,,generic/process rationale does not state a concrete event-specific reason,full_source_pass_placeholder,high
voz-punk-2026-10-01,details,technical,Подтверждено официальной страницей события.,remove,,source verification or internal process text without user-facing event content,pure_public_provenance,high
nations-ordinary-death-2026-10-01,why,editorial,"«Смерть Ивана Ильича» в постановке Фокина — сильный психологический кандидат; sold out полезно видеть как факт, а не как повод искать серый рынок.",keep,"«Смерть Ивана Ильича» в постановке Фокина — сильный психологический кандидат; sold out полезно видеть как факт, а не как повод искать серый рынок.",content-specific editorial reason,none,high
nations-ordinary-death-2026-10-01,details,content,1 и 2 октября; следующие показы 20–21 ноября. 1 час 40 минут без антракта.,keep,1 и 2 октября; следующие показы 20–21 ноября. 1 час 40 минут без антракта.,user-facing factual content,none,high
ile-sobolev-hiphop-political-history-2026-10-01,why,editorial,"Содержательный разговор о музыкальной культуре, политической истории и книге Джеффа Чанга; соответствует talks-профилю проекта.",keep,"Содержательный разговор о музыкальной культуре, политической истории и книге Джеффа Чанга; соответствует talks-профилю проекта.",content-specific editorial reason,none,high
ile-sobolev-hiphop-political-history-2026-10-01,details,content,"1 октября, 20:00. Уроки книги Джеффа Чанга Can’t Stop Won’t Stop: история политических идей, расовых меньшинств США и их отражения в звуковой фактуре хип-хопа. Событие Московской книжной недели.",keep,"1 октября, 20:00. Уроки книги Джеффа Чанга Can’t Stop Won’t Stop: история политических идей, расовых меньшинств США и их отражения в звуковой фактуре хип-хопа. Событие Московской книжной недели.",user-facing factual content,none,high
yeltsin-auzan-cultural-codes-2026-10-02,why,editorial,"Лекция о культурных установках, доверии и институтах; содержательный общественно-гуманитарный talks.",keep,"Лекция о культурных установках, доверии и институтах; содержательный общественно-гуманитарный talks.",content-specific editorial reason,none,high
yeltsin-auzan-cultural-codes-2026-10-02,details,content,"2 октября, 18:00–19:30. Лекция о связи культурных установок, доверия и экономического поведения.",keep,"2 октября, 18:00–19:30. Лекция о связи культурных установок, доверия и экономического поведения.",user-facing factual content,none,high
gnesin-masters-day-music-teacher-2026-10-02,why,generic,Публичное событие актуальной афиши РАМ имени Гнесиных.,remove,,generic/process rationale does not state a concrete event-specific reason,public_current_listing_placeholder,high
gnesin-masters-day-music-teacher-2026-10-02,details,content,"2 октября, 18:00–20:00. Концерт к Международному дню музыки и Всемирному дню учителя.",keep,"2 октября, 18:00–20:00. Концерт к Международному дню музыки и Всемирному дню учителя.",user-facing factual content,none,high
maly-sandman-oct26,why,generic,Репертуарная карточка: сохраняем постановку в полном театральном календаре.,remove,,"generic repertoire placeholder, not an editorial reason",repertoire_card_placeholder,high
maly-sandman-oct26,details,content,"2, 17 и 27 октября. 1 ч 20 мин без антракта.",keep,"2, 17 и 27 октября. 1 ч 20 мин без антракта.",user-facing factual content,none,high
bolshoi-barber-seville-2026-10-02-1900,why,technical,Подтверждённая позиция полного октябрьского sweep Большого театра.,remove,,confirmation/provenance is not an editorial reason,confirmed_placeholder,high
bolshoi-barber-seville-2026-10-02-1900,details,technical,Дата и площадка подтверждены актуальной афишей Большого театра.,remove,,source verification or internal process text without user-facing event content,pure_public_provenance,high
bolshoi-master-margarita-2026-10-02-1900,why,technical,Подтверждённая позиция полного октябрьского sweep Большого театра.,remove,,confirmation/provenance is not an editorial reason,confirmed_placeholder,high
bolshoi-master-margarita-2026-10-02-1900,details,content,"Октябрьская серия 1–3 октября; 3 октября — два показа, в 12:00 и 19:00.",keep,"Октябрьская серия 1–3 октября; 3 октября — два показа, в 12:00 и 19:00.",user-facing factual content,none,high
bronnaya-new-optimistic-2026-10-02,why,editorial,"Длинная сатирическая трагикомедия с самостоятельной режиссёрской концепцией; не автоматический приоритет, но явно заслуживает присутствия.",keep,"Длинная сатирическая трагикомедия с самостоятельной режиссёрской концепцией; не автоматический приоритет, но явно заслуживает присутствия.",content-specific editorial reason,none,high
bronnaya-new-optimistic-2026-10-02,details,content,"2 и 10 октября. 3 часа 25 минут, два антракта.",keep,"2 и 10 октября. 3 часа 25 минут, два антракта.",user-facing factual content,none,high
consv-bzk-beethoven9-polyansky-2026-10-02,why,generic,Содержательное событие официальной афиши Московской консерватории; добавлено при системном проходе до конца 2026 года.,remove,,generic placeholder plus internal pass provenance,generic_official_listing_system_pass,high
consv-bzk-beethoven9-polyansky-2026-10-02,details,empty,,no_action,,field is empty or absent,empty,high
maly-mysterious-box-oct26,why,generic,Репертуарная карточка: сохраняем постановку в полном театральном календаре.,remove,,"generic repertoire placeholder, not an editorial reason",repertoire_card_placeholder,high
maly-mysterious-box-oct26,details,content,"2 октября. 2 ч 30 мин, один антракт.",keep,"2 октября. 2 ч 30 мин, один антракт.",user-facing factual content,none,high
maly-shines-not-warms-oct26,why,generic,Репертуарная карточка: сохраняем постановку в полном театральном календаре.,remove,,"generic repertoire placeholder, not an editorial reason",repertoire_card_placeholder,high
maly-shines-not-warms-oct26,details,content,"2 октября. 2 ч 30 мин, один антракт.",keep,"2 октября. 2 ч 30 мин, один антракт.",user-facing factual content,none,high
mmdm-6853,why,editorial,"Пластический спектакль без слов Егора Дружинина: синтетическая театральная форма, музыка и ансамблевая работа.",keep,"Пластический спектакль без слов Егора Дружинина: синтетическая театральная форма, музыка и ансамблевая работа.",content-specific editorial reason,none,high
mmdm-6853,details,content,"Спектакль без слов; музыка Горана Бреговича, Джанго Рейнхардта и балканских ансамблей.",keep,"Спектакль без слов; музыка Горана Бреговича, Джанго Рейнхардта и балканских ансамблей.",user-facing factual content,none,high
mmdm-7085,why,technical,Подтверждённая позиция полного sweep Московского международного Дома музыки.,remove,,confirmation/provenance is not an editorial reason,confirmed_placeholder,high
mmdm-7085,details,technical,Событие подтверждено официальной афишей Московского международного Дома музыки.,remove,,source verification or internal process text without user-facing event content,pure_public_provenance,high
nikitskie-three-musketeers-2026-10-02,why,generic,Репертуарная карточка: по театрам сохраняем практически весь доступный октябрьский репертуар.,remove,,"generic repertoire placeholder, not an editorial reason",repertoire_card_placeholder,high
nikitskie-three-musketeers-2026-10-02,details,mixed,Октябрьская афиша театра. Билеты от 1000 ₽ по текущему агрегатору.,rewrite_existing_content_only,Билеты от 1000 ₽,"retain existing price fact, remove source/provenance wording",theatre_aggregator_price,high
okolo-cyrano-2026-10-02,why,mixed,«Около» — обязательный авторский театр; камерная интерпретация Сирано с музыкой Канчели.,rewrite_existing_content_only,Камерная интерпретация Сирано с музыкой Канчели.,retain only existing event-specific content; remove radar/contour/calendar/inclusion policy wording,process_clause_removed,high
okolo-cyrano-2026-10-02,details,content,Музыка Гии Канчели.,keep,Музыка Гии Канчели.,user-facing factual content,none,high
phil-gpc-zakaria-pirozhenko-2026-10-02,why,editorial,Большая фортепианная программа и молодые исполнители; полезно видеть даже после sold out.,keep,Большая фортепианная программа и молодые исполнители; полезно видеть даже после sold out.,content-specific editorial reason,none,high
phil-gpc-zakaria-pirozhenko-2026-10-02,details,content,"Бетховен, Шопен, Сен-Санс–Лист, Лист, Рахманинов.",keep,"Бетховен, Шопен, Сен-Санс–Лист, Лист, Рахманинов.",user-facing factual content,none,high
phil-handel-sinkovsky-2026-10-02,why,editorial,Серьёзная вокально-инструментальная генделевская программа с профильным барочным составом.,keep,Серьёзная вокально-инструментальная генделевская программа с профильным барочным составом.,content-specific editorial reason,none,high
phil-handel-sinkovsky-2026-10-02,details,content,Гендель — Dixit Dominus; Concerto grosso соч. 6 №6; сюиты «Музыка на воде» №№1–3; «Музыка для королевского фейерверка».,keep,Гендель — Dixit Dominus; Concerto grosso соч. 6 №6; сюиты «Музыка на воде» №№1–3; «Музыка для королевского фейерверка».,user-facing factual content,none,high
prove-voices-2026-10-02,why,editorial,"Второй вечер фестиваля «Прове-Калиш. Шостакович», вокальное наследие композитора.",keep,"Второй вечер фестиваля «Прове-Калиш. Шостакович», вокальное наследие композитора.",content-specific editorial reason,none,high
prove-voices-2026-10-02,details,content,Второй вечер фестиваля «Прове-Калиш. Шостакович».,keep,Второй вечер фестиваля «Прове-Калиш. Шостакович».,user-facing factual content,none,high
sov-random-meetings-2026-10-02,why,generic,Содержательная театральная работа из приоритетного контура Культрадара.,remove,,generic/process rationale does not state a concrete event-specific reason,priority_contour_placeholder,high
sov-random-meetings-2026-10-02,details,content,По произведениям Ивана Бунина.,keep,По произведениям Ивана Бунина.,user-facing factual content,none,high
sphere-without-guilt-2026-10-02,why,generic,Содержательная театральная работа из приоритетного контура Культрадара.,remove,,generic/process rationale does not state a concrete event-specific reason,priority_contour_placeholder,high
sphere-without-guilt-2026-10-02,details,empty,,no_action,,field is empty or absent,empty,high
zaryadye-etnosfera-2026-10-02,why,editorial,"Сильный традиционный/межжанровый проект; не академический мейнстрим, но содержательно релевантен.",keep,"Сильный традиционный/межжанровый проект; не академический мейнстрим, но содержательно релевантен.",content-specific editorial reason,none,high
zaryadye-etnosfera-2026-10-02,details,content,«Новое дыхание традиций».,keep,«Новое дыхание традиций».,user-facing factual content,none,high
zaryadye-michiels-organ-2026-10-02,why,mixed,Органный вечер Большого зала; в широком календаре должен быть виден.,rewrite_existing_content_only,Органный вечер Большого зала,"retain existing content clause, remove internal inclusion/process clause",content_plus_process_clause,high
zaryadye-michiels-organ-2026-10-02,details,content,Органный концерт.,keep,Органный концерт.,user-facing factual content,none,high
drugoe-shameless-cabaret-2026-10-02,why,editorial,Содержательный межжанровый камерный проект независимой площадки.,keep,Содержательный межжанровый камерный проект независимой площадки.,content-specific editorial reason,none,high
drugoe-shameless-cabaret-2026-10-02,details,content,"2 октября, 19:00–21:00. Кабаре-программа Boudoir Trickster: джаз, панк, электроника и театральная форма.",keep,"2 октября, 19:00–21:00. Кабаре-программа Boudoir Trickster: джаз, панк, электроника и театральная форма.",user-facing factual content,none,high
pokrovskie-memory-sun-2026-10-02,why,editorial,"Сильная камерная программа для альта и фортепиано: Энеску, поздний Брамс и последняя соната Шостаковича.",keep,"Сильная камерная программа для альта и фортепиано: Энеску, поздний Брамс и последняя соната Шостаковича.",content-specific editorial reason,none,high
pokrovskie-memory-sun-2026-10-02,details,content,"2 октября, 19:00. Энеску — Концертная пьеса фа мажор; Брамс — Соната фа минор op. 120 №1; Шостакович — Соната для альта и фортепиано op. 147.",keep,"2 октября, 19:00. Энеску — Концертная пьеса фа мажор; Брамс — Соната фа минор op. 120 №1; Шостакович — Соната для альта и фортепиано op. 147.",user-facing factual content,none,high
gnesin-graduates-festival-gala-2026-10-02,why,generic,Публичное событие актуальной афиши РАМ имени Гнесиных.,remove,,generic/process rationale does not state a concrete event-specific reason,public_current_listing_placeholder,high
gnesin-graduates-festival-gala-2026-10-02,details,content,"2 октября, 19:00–21:00. Закрытие Шестого Фестиваля-смотра выпускников музыкальных училищ и колледжей искусств.",keep,"2 октября, 19:00–21:00. Закрытие Шестого Фестиваля-смотра выпускников музыкальных училищ и колледжей искусств.",user-facing factual content,none,high
rassvet-stravinsky-2026-10-02,why,mixed,Стравинский в концептуальной программе — широкий пул обязан это показывать.,rewrite_existing_content_only,Стравинский в концептуальной программе.,retain only existing event-specific content; remove radar/contour/calendar/inclusion policy wording,process_clause_removed,high
rassvet-stravinsky-2026-10-02,details,content,Программа «Игорь Стравинский. Превращения».,keep,Программа «Игорь Стравинский. Превращения».,user-facing factual content,none,high
voz-khardzhiev-2026-10-02,why,generic,Содержательная программа Центра Вознесенского; добавлена как часть полного прохода источников.,remove,,generic/process rationale does not state a concrete event-specific reason,full_source_pass_placeholder,high
voz-khardzhiev-2026-10-02,details,technical,Подтверждено официальной страницей события.,remove,,source verification or internal process text without user-facing event content,pure_public_provenance,high
niko-martynov-grindenko-bach-shostakovich-cage-2026-10-02,why,editorial,"Прямой watchlist: Владимир Мартынов + Татьяна Гринденко; Бах, Шостакович и Кейдж в одной концептуальной программе.",keep,"Прямой watchlist: Владимир Мартынов + Татьяна Гринденко; Бах, Шостакович и Кейдж в одной концептуальной программе.",content-specific editorial reason,none,high
niko-martynov-grindenko-bach-shostakovich-cage-2026-10-02,details,mixed,"2 октября, 19:30. Концерт современной музыки; официальная афиша заявляет Владимира Мартынова и Татьяну Гринденко.",rewrite_existing_content_only,"2 октября, 19:30. Концерт современной музыки.",retain date/time/format; remove source-verification clause,manual_details_source_clause,high
doc-150-reasons-2026-10-02,why,generic,Репертуарная карточка: сохраняем постановку в полном театральном календаре.,remove,,"generic repertoire placeholder, not an editorial reason",repertoire_card_placeholder,high
doc-150-reasons-2026-10-02,details,content,2 октября. 1 ч 40 мин.,keep,2 октября. 1 ч 40 мин.,user-facing factual content,none,high
mesto-eto-ne-ya-2026-10-02,why,editorial,Камерная работа Фёдорова о невротическом герое и шаблонах повседневности — прямое попадание в психологический профиль.,keep,Камерная работа Фёдорова о невротическом герое и шаблонах повседневности — прямое попадание в психологический профиль.,content-specific editorial reason,none,high
mesto-eto-ne-ya-2026-10-02,details,content,"2 октября, 20:00. 1 час 30 минут без антракта.",keep,"2 октября, 20:00. 1 час 30 минут без антракта.",user-facing factual content,none,high
praktika-natashas-dream-2026-10-02,why,generic,Репертуарная карточка: сохраняем постановку в полном театральном календаре.,remove,,"generic repertoire placeholder, not an editorial reason",repertoire_card_placeholder,high
praktika-natashas-dream-2026-10-02,details,content,2 октября.,keep,2 октября.,user-facing factual content,none,high
yeltsin-night-baroque-rock-2026-10-02,why,generic,Пограничная программа обязательной площадки; оставляем в широком пуле.,remove,,generic/process rationale does not state a concrete event-specific reason,mandatory_venue_policy,high
yeltsin-night-baroque-rock-2026-10-02,details,content,"2 октября, 21:00–22:30, Бальный зал усадьбы.",keep,"2 октября, 21:00–22:30, Бальный зал усадьбы.",user-facing factual content,none,high
mm-golden-royali-2026-10-03,why,mixed,История самого пространства и его инструментов; логичная точка для нового музейного контура.,rewrite_existing_content_only,История самого пространства и его инструментов.,retain only existing event-specific content; remove radar/contour/calendar/inclusion policy wording,process_clause_removed,high
mm-golden-royali-2026-10-03,details,content,Лекция в музее-квартире Гольденвейзера.,keep,Лекция в музее-квартире Гольденвейзера.,user-facing factual content,none,high
bolshoi-barber-seville-2026-10-03-1200,why,technical,Подтверждённая позиция полного октябрьского sweep Большого театра.,remove,,confirmation/provenance is not an editorial reason,confirmed_placeholder,high
bolshoi-barber-seville-2026-10-03-1200,details,technical,Дата и площадка подтверждены актуальной афишей Большого театра.,remove,,source verification or internal process text without user-facing event content,pure_public_provenance,high
bolshoi-master-margarita-2026-10-03-1200,why,technical,Подтверждённая позиция полного октябрьского sweep Большого театра.,remove,,confirmation/provenance is not an editorial reason,confirmed_placeholder,high
bolshoi-master-margarita-2026-10-03-1200,details,content,"Октябрьская серия 1–3 октября; 3 октября — два показа, в 12:00 и 19:00.",keep,"Октябрьская серия 1–3 октября; 3 октября — два показа, в 12:00 и 19:00.",user-facing factual content,none,high
maly-tin-soldier-oct26,why,generic,Репертуарная карточка: сохраняем постановку в полном театральном календаре.,remove,,"generic repertoire placeholder, not an editorial reason",repertoire_card_placeholder,high
maly-tin-soldier-oct26,details,content,"3, 18 и 31 октября. 50 минут.",keep,"3, 18 и 31 октября. 50 минут.",user-facing factual content,none,high
mmdm-6850,why,technical,Подтверждённая позиция полного sweep Московского международного Дома музыки.,remove,,confirmation/provenance is not an editorial reason,confirmed_placeholder,high
mmdm-6850,details,technical,Событие подтверждено официальной афишей Московского международного Дома музыки.,remove,,source verification or internal process text without user-facing event content,pure_public_provenance,high
mmdm-6851,why,technical,Подтверждённая позиция полного sweep Московского международного Дома музыки.,remove,,confirmation/provenance is not an editorial reason,confirmed_placeholder,high
mmdm-6851,details,technical,Событие подтверждено официальной афишей Московского международного Дома музыки.,remove,,source verification or internal process text without user-facing event content,pure_public_provenance,high
consv-bzk-moscow-autumn-opening-2026-10-03,why,generic,Содержательное событие официальной афиши Московской консерватории; добавлено при системном проходе до конца 2026 года.,remove,,generic placeholder plus internal pass provenance,generic_official_listing_system_pass,high
consv-bzk-moscow-autumn-opening-2026-10-03,details,empty,,no_action,,field is empty or absent,empty,high
myaskovsky-brass-festival-2026-10-03,why,technical,Подтверждено официальной афишей Московской консерватории при полном повторном sweep зала Мясковского за октябрь 2026.,remove,,confirmation/provenance is not an editorial reason,confirmed_placeholder,high
myaskovsky-brass-festival-2026-10-03,details,technical,Публичная позиция официальной афиши; редакционная приоритизация отделена от факта включения.,remove,,source verification or internal process text without user-facing event content,pure_public_provenance,high
voz-poetry-outside-image-2026-10-03,why,editorial,"Книжный клуб об авангарде, визуальной поэзии и книге как художественном объекте.",keep,"Книжный клуб об авангарде, визуальной поэзии и книге как художественном объекте.",content-specific editorial reason,none,high
voz-poetry-outside-image-2026-10-03,details,content,"3 октября, 14:00. Ильязд, Василий Каменский, Малларме, Аполлинер; визуальная поэзия и архитектура страницы.",keep,"3 октября, 14:00. Ильязд, Василий Каменский, Малларме, Аполлинер; визуальная поэзия и архитектура страницы.",user-facing factual content,none,high
praktika-good-im-like-this-2026-10-03,why,generic,Репертуарная карточка: сохраняем постановку в полном театральном календаре.,remove,,"generic repertoire placeholder, not an editorial reason",repertoire_card_placeholder,high
praktika-good-im-like-this-2026-10-03,details,content,3 и 4 октября. 1 ч 10 мин.,keep,3 и 4 октября. 1 ч 10 мин.,user-facing factual content,none,high
ges2-historic-1,why,editorial,Часть полной реконструкции рубинштейновского цикла 1885/86; каждый вечер — самостоятельная историческая программа.,keep,Часть полной реконструкции рубинштейновского цикла 1885/86; каждый вечер — самостоятельная историческая программа.,content-specific editorial reason,none,high
ges2-historic-1,details,content,"Бёрд, Булл, Куперен, Рамо, Скарлатти, И. С. Бах, Гендель, К. Ф. Э. Бах, Гайдн, Моцарт. Продолжительность: 4 часа.",keep,"Бёрд, Булл, Куперен, Рамо, Скарлатти, И. С. Бах, Гендель, К. Ф. Э. Бах, Гайдн, Моцарт. Продолжительность: 4 часа.",user-facing factual content,none,high
maly-krechinsky-oct26,why,generic,Репертуарная карточка: сохраняем постановку в полном театральном календаре.,remove,,"generic repertoire placeholder, not an editorial reason",repertoire_card_placeholder,high
maly-krechinsky-oct26,details,content,"3 октября. Мюзикл, 2 ч 20 мин, один антракт.",keep,"3 октября. Мюзикл, 2 ч 20 мин, один антракт.",user-facing factual content,none,high
maly-player-oct26,why,generic,Репертуарная карточка: сохраняем постановку в полном театральном календаре.,remove,,"generic repertoire placeholder, not an editorial reason",repertoire_card_placeholder,high
maly-player-oct26,details,content,"3 и 23 октября. 2 ч 30 мин, один антракт.",keep,"3 и 23 октября. 2 ч 30 мин, один антракт.",user-facing factual content,none,high
voz-quiet-book-rave-thaw-2026-10-03,why,editorial,"Литературный коллективный формат: медленное чтение, разговор о тексте и опыте публичной поэзии шестидесятых.",keep,"Литературный коллективный формат: медленное чтение, разговор о тексте и опыте публичной поэзии шестидесятых.",content-specific editorial reason,none,high
voz-quiet-book-rave-thaw-2026-10-03,details,content,"3 октября, 18:00. Коллективное тихое чтение с последующим обсуждением прочитанного.",keep,"3 октября, 18:00. Коллективное тихое чтение с последующим обсуждением прочитанного.",user-facing factual content,none,high
gnesin-piano-grani-velikogo-2026-10-03,why,generic,Публичное событие актуальной афиши РАМ имени Гнесиных.,remove,,generic/process rationale does not state a concrete event-specific reason,public_current_listing_placeholder,high
gnesin-piano-grani-velikogo-2026-10-03,details,content,"3 октября, 18:00–20:00. Фортепианный вечер в Малом зале Музыкального училища.",keep,"3 октября, 18:00–20:00. Фортепианный вечер в Малом зале Музыкального училища.",user-facing factual content,none,high
bolshoi-barber-seville-2026-10-03-1900,why,technical,Подтверждённая позиция полного октябрьского sweep Большого театра.,remove,,confirmation/provenance is not an editorial reason,confirmed_placeholder,high
bolshoi-barber-seville-2026-10-03-1900,details,technical,Дата и площадка подтверждены актуальной афишей Большого театра.,remove,,source verification or internal process text without user-facing event content,pure_public_provenance,high
bolshoi-master-margarita-2026-10-03-1900,why,technical,Подтверждённая позиция полного октябрьского sweep Большого театра.,remove,,confirmation/provenance is not an editorial reason,confirmed_placeholder,high
bolshoi-master-margarita-2026-10-03-1900,details,content,"Октябрьская серия 1–3 октября; 3 октября — два показа, в 12:00 и 19:00.",keep,"Октябрьская серия 1–3 октября; 3 октября — два показа, в 12:00 и 19:00.",user-facing factual content,none,high
consv-bzk-gerzmava-2026-10-03,why,generic,Содержательное событие официальной афиши Московской консерватории; добавлено при системном проходе до конца 2026 года.,remove,,generic placeholder plus internal pass provenance,generic_official_listing_system_pass,high
consv-bzk-gerzmava-2026-10-03,details,empty,,no_action,,field is empty or absent,empty,high
electro-bunin-2026-10-03,why,generic,Содержательная театральная работа из приоритетного контура Культрадара.,remove,,generic/process rationale does not state a concrete event-specific reason,priority_contour_placeholder,high
electro-bunin-2026-10-03,details,content,По рассказам Ивана Бунина. Малая сцена.,keep,По рассказам Ивана Бунина. Малая сцена.,user-facing factual content,none,high
mmdm-7268,why,technical,Подтверждённая позиция полного sweep Московского международного Дома музыки.,remove,,confirmation/provenance is not an editorial reason,confirmed_placeholder,high
mmdm-7268,details,technical,Событие подтверждено официальной афишей Московского международного Дома музыки.,remove,,source verification or internal process text without user-facing event content,pure_public_provenance,high
mmdm-7305,why,technical,Подтверждённая позиция полного sweep Московского международного Дома музыки.,remove,,confirmation/provenance is not an editorial reason,confirmed_placeholder,high
mmdm-7305,details,technical,Событие подтверждено официальной афишей Московского международного Дома музыки.,remove,,source verification or internal process text without user-facing event content,pure_public_provenance,high
mmdm-verification-2026-10-03,why,editorial,"Современная программа в зале Шнитке — именно тот тип события, ради которого Дом музыки надо фильтровать, а не игнорировать целиком.",keep,"Современная программа в зале Шнитке — именно тот тип события, ради которого Дом музыки надо фильтровать, а не игнорировать целиком.",content-specific editorial reason,none,high
mmdm-verification-2026-10-03,details,content,Проект «Музыка будущего».,keep,Проект «Музыка будущего».,user-facing factual content,none,high
musica-stricta-2026,why,mixed,"Очень точное попадание в профиль радара: новейшая и ранняя музыка в одной концепции, Лигети и Волконский рядом с Бахом.",rewrite_existing_content_only,"Новейшая и ранняя музыка в одной концепции, Лигети и Волконский рядом с Бахом.",retain only existing event-specific content; remove radar/contour/calendar/inclusion policy wording,process_clause_removed,high
musica-stricta-2026,details,content,"Лигети — Musica ricercata (I–IV), Венгерская пассакалия для чембало.\nВолконский — Musica stricta. Fantasia ricercata, соната для альта и фортепиано.\nИ. С. Бах — сонаты для виолы да гамба и клавесина BWV 1029 и BWV 1028; Сюита № 5 BWV 1011 в версии для альта соло.",keep,"Лигети — Musica ricercata (I–IV), Венгерская пассакалия для чембало.\nВолконский — Musica stricta. Fantasia ricercata, соната для альта и фортепиано.\nИ. С. Бах — сонаты для виолы да гамба и клавесина BWV 1029 и BWV 1028; Сюита № 5 BWV 1011 в версии для альта соло.",user-facing factual content,none,high
myaskovsky-militia-day-2026-10-03,why,technical,Подтверждено официальной афишей Московской консерватории при полном повторном sweep зала Мясковского за октябрь 2026.,remove,,confirmation/provenance is not an editorial reason,confirmed_placeholder,high
myaskovsky-militia-day-2026-10-03,details,technical,Публичная позиция официальной афиши; редакционная приоритизация отделена от факта включения.,remove,,source verification or internal process text without user-facing event content,pure_public_provenance,high
nikitskie-wedding-2026-10-03,why,generic,Репертуарная карточка: по театрам сохраняем практически весь доступный октябрьский репертуар.,remove,,"generic repertoire placeholder, not an editorial reason",repertoire_card_placeholder,high
nikitskie-wedding-2026-10-03,details,mixed,Октябрьская афиша театра. Билеты от 750 ₽ по текущему агрегатору.,rewrite_existing_content_only,Билеты от 750 ₽,"retain existing price fact, remove source/provenance wording",theatre_aggregator_price,high
okolo-doctor-zhivago-2026-10-03,why,generic,Содержательная театральная работа из приоритетного контура Культрадара.,remove,,generic/process rationale does not state a concrete event-specific reason,priority_contour_placeholder,high
okolo-doctor-zhivago-2026-10-03,details,empty,,no_action,,field is empty or absent,empty,high
phil-bso-mahler-2026-10-03,why,editorial,Малер № 4 плюс Моцарт и Брамс; нормальный крупный симфонический кандидат.,keep,Малер № 4 плюс Моцарт и Брамс; нормальный крупный симфонический кандидат.,content-specific editorial reason,none,high
phil-bso-mahler-2026-10-03,details,content,Брамс — Вариации на тему Гайдна; Моцарт — Скрипичный концерт № 3; Малер — Симфония № 4.,keep,Брамс — Вариации на тему Гайдна; Моцарт — Скрипичный концерт № 3; Малер — Симфония № 4.,user-facing factual content,none,high
sov-ark-2026-10-03,why,mixed,Премьера на Другой сцене и камерный серьёзный материал — стоит видеть в радаре отдельно от репертуарной классики.,rewrite_existing_content_only,Премьера на Другой сцене и камерный серьёзный материал.,retain only existing event-specific content; remove radar/contour/calendar/inclusion policy wording,process_clause_removed,high
sov-ark-2026-10-03,details,empty,,no_action,,field is empty or absent,empty,high
zaryadye-esenin-musica-viva-2026-10-03,why,mixed,Литературно-музыкальная программа с Musica Viva; нормальный кандидат широкого календаря.,rewrite_existing_content_only,Литературно-музыкальная программа с Musica Viva,"retain existing content clause, remove internal inclusion/process clause",content_plus_process_clause,high
zaryadye-esenin-musica-viva-2026-10-03,details,content,Литературно-музыкальная программа.,keep,Литературно-музыкальная программа.,user-facing factual content,none,high
drugoe-velvet-new-york-2026-10-03,why,generic,Подтверждённая камерная джазовая программа малой площадки.,remove,,confirmation/provenance is not an editorial reason,confirmed_placeholder,high
drugoe-velvet-new-york-2026-10-03,details,content,"3 октября, 19:00–21:00. Поп-хиты в винтажных джазовых аранжировках.",keep,"3 октября, 19:00–21:00. Поп-хиты в винтажных джазовых аранжировках.",user-facing factual content,none,high
gnesin-shostakovich-man-cosmos-2026-10-03,why,generic,Публичное событие актуальной афиши РАМ имени Гнесиных.,remove,,generic/process rationale does not state a concrete event-specific reason,public_current_listing_placeholder,high
gnesin-shostakovich-man-cosmos-2026-10-03,details,content,"3 октября, 19:00–21:00. Проект к 120-летию Шостаковича с малоизвестными страницами творчества и новыми переложениями.",keep,"3 октября, 19:00–21:00. Проект к 120-летию Шостаковича с малоизвестными страницами творчества и новыми переложениями.",user-facing factual content,none,high
iletheleme-sofronov-2026-10-03,why,generic,Музыкально-историческая лекция в одной из обязательных независимых площадок.,remove,,generic/process rationale does not state a concrete event-specific reason,mandatory_venue_placeholder,high
iletheleme-sofronov-2026-10-03,details,content,"3 октября, 20:00. Фёдор Софронов — «От шамана до граммофона»: лекция о ритме, памяти и музыкальной культуре первой половины XX века с портативным граммофоном.",keep,"3 октября, 20:00. Фёдор Софронов — «От шамана до граммофона»: лекция о ритме, памяти и музыкальной культуре первой половины XX века с портативным граммофоном.",user-facing factual content,none,high
praktika-black-blizzard-2026-10-03,why,editorial,"Современная драматургия, абсурд и психологическая история в одной работе; сильный экспериментальный кандидат.",keep,"Современная драматургия, абсурд и психологическая история в одной работе; сильный экспериментальный кандидат.",content-specific editorial reason,none,high
praktika-black-blizzard-2026-10-03,details,content,3 октября 20:00; 4 октября 16:00 и 20:00. 1 час 30 минут.,keep,3 октября 20:00; 4 октября 16:00 и 20:00. 1 час 30 минут.,user-facing factual content,none,high
prove-big-cinema-2026-10-03,why,generic,Подтверждённая программа камерной площадки; широкий календарь не исключает crossover и музыку кино.,remove,,confirmation/provenance is not an editorial reason,confirmed_placeholder,high
prove-big-cinema-2026-10-03,details,content,"3 октября, 20:00. Вечер музыки кино и классики в усадьбе.",keep,"3 октября, 20:00. Вечер музыки кино и классики в усадьбе.",user-facing factual content,none,high
maly-cinderella-oct26,why,generic,Репертуарная карточка: сохраняем постановку в полном театральном календаре.,remove,,"generic repertoire placeholder, not an editorial reason",repertoire_card_placeholder,high
maly-cinderella-oct26,details,content,"4 и 17 октября. 1 ч 40 мин, один антракт.",keep,"4 и 17 октября. 1 ч 40 мин, один антракт.",user-facing factual content,none,high
gnesin-sunday-concert-2026-10-04,why,generic,Публичное событие актуальной афиши РАМ имени Гнесиных.,remove,,generic/process rationale does not state a concrete event-specific reason,public_current_listing_placeholder,high
gnesin-sunday-concert-2026-10-04,details,content,"4 октября, 12:00. Очередная программа цикла воскресных дневных концертов.",keep,"4 октября, 12:00. Очередная программа цикла воскресных дневных концертов.",user-facing factual content,none,high
ruf-eucharist-2026-10-04,why,generic,Подтверждённый цикл разговоров на обязательной площадке.,remove,,confirmation/provenance is not an editorial reason,confirmed_placeholder,high
ruf-eucharist-2026-10-04,details,content,"Цикл из четырёх встреч: 4, 11, 18 и 25 октября в 12:15. Нововаганьковский пер., 9.",keep,"Цикл из четырёх встреч: 4, 11, 18 и 25 октября в 12:15. Нововаганьковский пер., 9.",user-facing factual content,none,high
mmdm-6854,why,technical,Подтверждённая позиция полного sweep Московского международного Дома музыки.,remove,,confirmation/provenance is not an editorial reason,confirmed_placeholder,high
mmdm-6854,details,technical,Событие подтверждено официальной афишей Московского международного Дома музыки.,remove,,source verification or internal process text without user-facing event content,pure_public_provenance,high
mmdm-6855,why,technical,Подтверждённая позиция полного sweep Московского международного Дома музыки.,remove,,confirmation/provenance is not an editorial reason,confirmed_placeholder,high
mmdm-6855,details,technical,Событие подтверждено официальной афишей Московского международного Дома музыки.,remove,,source verification or internal process text without user-facing event content,pure_public_provenance,high
phil-future-moromov-karakina-2026-10-04,why,technical,Подтверждённая дата полного sweep Московской филармонии до 31.12.2026; включена в широкий календарь без вкусового отсева.,remove,,confirmation/provenance is not an editorial reason,confirmed_placeholder,high
phil-future-moromov-karakina-2026-10-04,details,content,Большая скрипично-фортепианная программа.,keep,Большая скрипично-фортепианная программа.,user-facing factual content,none,high
zaryadye-popov-choir-2026-10-04,why,generic,"Камерный хоровой концерт в Зарядье; не повод для хайпа, но должен быть в календаре.",remove,,generic/process rationale does not state a concrete event-specific reason,calendar_presence_policy,high
zaryadye-popov-choir-2026-10-04,details,content,Хоровой концерт.,keep,Хоровой концерт.,user-facing factual content,none,high
consv-bzk-batyushka-children-2026-10-04,why,technical,Подтверждено официальной октябрьской афишей Московской консерватории при контрольной сверке по дням.,remove,,confirmation/provenance is not an editorial reason,confirmed_placeholder,high
consv-bzk-batyushka-children-2026-10-04,details,technical,Событие подтверждено календарём Московской консерватории; дополнительные детали следует брать из актуальной официальной карточки.,remove,,source verification or internal process text without user-facing event content,pure_public_provenance,high
consv-mzk-blazhevich-2026-10-04,why,technical,Подтверждено официальной афишей и контрольной сверкой официальных карточек Московской консерватории.,remove,,confirmation/provenance is not an editorial reason,confirmed_placeholder,high
consv-mzk-blazhevich-2026-10-04,details,technical,Событие подтверждено актуальной официальной афишей.,remove,,source verification or internal process text without user-facing event content,pure_public_provenance,high
gnesin-alma-mater-dialog-2026-10-04,why,generic,Публичное событие актуальной афиши РАМ имени Гнесиных.,remove,,generic/process rationale does not state a concrete event-specific reason,public_current_listing_placeholder,high
gnesin-alma-mater-dialog-2026-10-04,details,content,"4 октября, 15:00–17:00. Музыкально-просветительская программа цикла «Alma Mater. Диалог поколений».",keep,"4 октября, 15:00–17:00. Музыкально-просветительская программа цикла «Alma Mater. Диалог поколений».",user-facing factual content,none,high
doc-solovki-2026-10-04,why,generic,Репертуарная карточка: сохраняем постановку в полном театральном календаре.,remove,,"generic repertoire placeholder, not an editorial reason",repertoire_card_placeholder,high
doc-solovki-2026-10-04,details,content,4 октября. 1 ч 15 мин.,keep,4 октября. 1 ч 15 мин.,user-facing factual content,none,high
historic2,why,editorial,Реконструкция рубинштейновского формата слушания; четыре часа — часть исторического эксперимента.,keep,Реконструкция рубинштейновского формата слушания; четыре часа — часть исторического эксперимента.,content-specific editorial reason,none,high
historic2,details,technical,Полная официальная программа будет храниться здесь целиком после следующей сверки источника. В рабочей версии карточка уже отделена от интерфейса и живёт в events.json.,remove,,source verification or internal process text without user-facing event content,pure_public_provenance,high
maly-madrid-court-oct26,why,generic,Репертуарная карточка: сохраняем постановку в полном театральном календаре.,remove,,"generic repertoire placeholder, not an editorial reason",repertoire_card_placeholder,high
maly-madrid-court-oct26,details,content,"4 и 17 октября. 3 часа, один антракт.",keep,"4 и 17 октября. 3 часа, один антракт.",user-facing factual content,none,high
maly-white-guard-oct26,why,generic,Репертуарная карточка: сохраняем постановку в полном театральном календаре.,remove,,"generic repertoire placeholder, not an editorial reason",repertoire_card_placeholder,high
maly-white-guard-oct26,details,content,"4 и 18 октября. 3 часа, один антракт.",keep,"4 и 18 октября. 3 часа, один антракт.",user-facing factual content,none,high
sphere-echelon-2026-10-04,why,generic,Содержательная театральная работа из приоритетного контура Культрадара.,remove,,generic/process rationale does not state a concrete event-specific reason,priority_contour_placeholder,high
sphere-echelon-2026-10-04,details,empty,,no_action,,field is empty or absent,empty,high
voz-ungaretti-2026-10-04,why,generic,Содержательная программа Центра Вознесенского; добавлена как часть полного прохода источников.,remove,,generic/process rationale does not state a concrete event-specific reason,full_source_pass_placeholder,high
voz-ungaretti-2026-10-04,details,content,"4 октября, 18:00. Презентация книги Джузеппе Унгаретти «Веселье Крушений» издательства «Носорог» и проекта «несовременник».",keep,"4 октября, 18:00. Презентация книги Джузеппе Унгаретти «Веселье Крушений» издательства «Носорог» и проекта «несовременник».",user-facing factual content,none,high
dost-secret-diplomacy-2026-10-04,why,editorial,"Хороший разговор о том, как личные связи, эмоции и неформальные договорённости влияли на европейскую дипломатию.",keep,"Хороший разговор о том, как личные связи, эмоции и неформальные договорённости влияли на европейскую дипломатию.",content-specific editorial reason,none,high
dost-secret-diplomacy-2026-10-04,details,content,Лекция из цикла EQ through Art™; исторический материал рассматривается через человеческие отношения и механизмы принятия решений.,keep,Лекция из цикла EQ through Art™; исторический материал рассматривается через человеческие отношения и механизмы принятия решений.,user-facing factual content,none,high
maly-soldiers-wife-oct26,why,generic,Репертуарная карточка: сохраняем постановку в полном театральном календаре.,remove,,"generic repertoire placeholder, not an editorial reason",repertoire_card_placeholder,high
maly-soldiers-wife-oct26,details,content,4 и 23 октября. 1 ч 10 мин без антракта.,keep,4 и 23 октября. 1 ч 10 мин без антракта.,user-facing factual content,none,high
bolshoi-simon-boccanegra-2026-10-04-1900,why,technical,Подтверждённая позиция полного октябрьского sweep Большого театра.,remove,,confirmation/provenance is not an editorial reason,confirmed_placeholder,high
bolshoi-simon-boccanegra-2026-10-04-1900,details,content,Гастрольная постановка Мариинского театра на Исторической сцене Большого.,keep,Гастрольная постановка Мариинского театра на Исторической сцене Большого.,user-facing factual content,none,high
bolshoi-sorochyntsi-2026-10-04-1900,why,technical,Подтверждённая позиция полного октябрьского sweep Большого театра.,remove,,confirmation/provenance is not an editorial reason,confirmed_placeholder,high
bolshoi-sorochyntsi-2026-10-04-1900,details,technical,Дата и площадка подтверждены актуальной афишей Большого театра.,remove,,source verification or internal process text without user-facing event content,pure_public_provenance,high
consv-bzk-vishnevsky-new-russia-2026-10-04,why,generic,Содержательное событие официальной афиши Московской консерватории; добавлено при системном проходе до конца 2026 года.,remove,,generic placeholder plus internal pass provenance,generic_official_listing_system_pass,high
consv-bzk-vishnevsky-new-russia-2026-10-04,details,empty,,no_action,,field is empty or absent,empty,high
consv-mzk-carmina-burana-2026-10-04,why,generic,Содержательная дата Консерватории: Орф — «Кармина Бурана» / «Осеннее многоголосие».,remove,,generic content-date label repeats event content but does not explain why the event merits attention,conservatory_content_date_placeholder,high
consv-mzk-carmina-burana-2026-10-04,details,content,«Кармина Бурана»,keep,«Кармина Бурана»,user-facing factual content,none,high
electro-bunin-2026-10-04,why,generic,Содержательная театральная работа из приоритетного контура Культрадара.,remove,,generic/process rationale does not state a concrete event-specific reason,priority_contour_placeholder,high
electro-bunin-2026-10-04,details,content,По рассказам Ивана Бунина. Малая сцена.,keep,По рассказам Ивана Бунина. Малая сцена.,user-facing factual content,none,high
mmdm-6856,why,technical,Подтверждённая позиция полного sweep Московского международного Дома музыки.,remove,,confirmation/provenance is not an editorial reason,confirmed_placeholder,high
mmdm-6856,details,technical,Событие подтверждено официальной афишей Московского международного Дома музыки.,remove,,source verification or internal process text without user-facing event content,pure_public_provenance,high
mmdm-7296,why,technical,Подтверждённая позиция полного sweep Московского международного Дома музыки.,remove,,confirmation/provenance is not an editorial reason,confirmed_placeholder,high
mmdm-7296,details,technical,Событие подтверждено официальной афишей Московского международного Дома музыки.,remove,,source verification or internal process text without user-facing event content,pure_public_provenance,high
nikitskie-lolita-2026-10-04,why,generic,Репертуарная карточка: по театрам сохраняем практически весь доступный октябрьский репертуар.,remove,,"generic repertoire placeholder, not an editorial reason",repertoire_card_placeholder,high
nikitskie-lolita-2026-10-04,details,mixed,Октябрьская афиша театра. Билеты от 1000 ₽ по текущему агрегатору.,rewrite_existing_content_only,Билеты от 1000 ₽,"retain existing price fact, remove source/provenance wording",theatre_aggregator_price,high
okolo-hamlet-2026-10-04,why,editorial,"У «Около» классика обычно проходит через собственный театральный язык, а не через музейную постановку.",keep,"У «Около» классика обычно проходит через собственный театральный язык, а не через музейную постановку.",content-specific editorial reason,none,high
okolo-hamlet-2026-10-04,details,empty,,no_action,,field is empty or absent,empty,high
phil-flamenco-between-lines-2026-10-04,why,technical,Подтверждённая дата полного sweep Московской филармонии до 31.12.2026; включена в широкий календарь без вкусового отсева.,remove,,confirmation/provenance is not an editorial reason,confirmed_placeholder,high
phil-flamenco-between-lines-2026-10-04,details,content,Спектакль фламенко с элементами contemporary dance.,keep,Спектакль фламенко с элементами contemporary dance.,user-facing factual content,none,high
phil-tsvetaeva-believe-music-2026-10-04,why,technical,Подтверждённая дата полного sweep Московской филармонии до 31.12.2026; включена в широкий календарь без вкусового отсева.,remove,,confirmation/provenance is not an editorial reason,confirmed_placeholder,high
phil-tsvetaeva-believe-music-2026-10-04,details,content,Литературно-музыкальный вечер по Марине Цветаевой.,keep,Литературно-музыкальный вечер по Марине Цветаевой.,user-facing factual content,none,high
composers-moscow-autumn-246-2026-10-04,why,mixed,46-й фестиваль «Московская осень»: профильная программа современной музыки на обязательной малой площадке.,rewrite_existing_content_only,46-й фестиваль «Московская осень»: профильная программа современной музыки.,retain only existing event-specific content; remove radar/contour/calendar/inclusion policy wording,process_clause_removed,high
composers-moscow-autumn-246-2026-10-04,details,content,"4 октября, 19:00. Кусс, Головин, Соколов, Шумская, Сергеева; камерная программа для скрипки, фортепиано и голоса.",keep,"4 октября, 19:00. Кусс, Головин, Соколов, Шумская, Сергеева; камерная программа для скрипки, фортепиано и голоса.",user-facing factual content,none,high
rassvet-gongs-2026-10-04,why,editorial,Необычный инструментальный формат; как минимум «обратить внимание».,keep,Необычный инструментальный формат; как минимум «обратить внимание».,content-specific editorial reason,none,high
rassvet-gongs-2026-10-04,details,content,Музыка гонгов.,keep,Музыка гонгов.,user-facing factual content,none,high
bolshoi-simon-boccanegra-2026-10-05-1900,why,technical,Подтверждённая позиция полного октябрьского sweep Большого театра.,remove,,confirmation/provenance is not an editorial reason,confirmed_placeholder,high
bolshoi-simon-boccanegra-2026-10-05-1900,details,content,Гастрольная постановка Мариинского театра на Исторической сцене Большого.,keep,Гастрольная постановка Мариинского театра на Исторической сцене Большого.,user-facing factual content,none,high
bronnaya-sobytie-2026-10-05,why,editorial,"Свежая постановка Набокова с гротескно-абсурдной рамкой; кандидат, но точную продолжительность официальный материал, который мы нашли, не показывает.",keep,"Свежая постановка Набокова с гротескно-абсурдной рамкой; кандидат, но точную продолжительность официальный материал, который мы нашли, не показывает.",content-specific editorial reason,none,high
bronnaya-sobytie-2026-10-05,details,mixed,"5, 9 и 27 октября. Премьера состоялась 3 сентября 2026. Продолжительность в доступной официальной карточке не указана — не подставляем агрегаторное значение.",rewrite_existing_content_only,"5, 9 и 27 октября. Премьера состоялась 3 сентября 2026.",retain dates/premiere fact; remove source-state/internal non-substitution note,manual_details_source_clause,high
consv-bzk-yurovsky-beethoven-tchaikovsky-2026-10-05,why,generic,Содержательное событие официальной афиши Московской консерватории; добавлено при системном проходе до конца 2026 года.,remove,,generic placeholder plus internal pass provenance,generic_official_listing_system_pass,high
consv-bzk-yurovsky-beethoven-tchaikovsky-2026-10-05,details,content,Бетховен — Симфония №3; Чайковский — Симфония №4.,keep,Бетховен — Симфония №3; Чайковский — Симфония №4.,user-facing factual content,none,high
consv-mzk-chamber-music-2026-10-05,why,technical,Подтверждено официальной октябрьской афишей Московской консерватории при контрольной сверке по дням.,remove,,confirmation/provenance is not an editorial reason,confirmed_placeholder,high
consv-mzk-chamber-music-2026-10-05,details,technical,Событие подтверждено календарём Московской консерватории; дополнительные детали следует брать из актуальной официальной карточки.,remove,,source verification or internal process text without user-facing event content,pure_public_provenance,high
phil-leo-st-helena-2026-10-05,why,technical,Подтверждённая дата полного sweep Московской филармонии до 31.12.2026; включена в широкий календарь без вкусового отсева.,remove,,confirmation/provenance is not an editorial reason,confirmed_placeholder,high
phil-leo-st-helena-2026-10-05,details,content,«Святая Елена на Голгофе» — оратория,keep,«Святая Елена на Голгофе» — оратория,user-facing factual content,none,high
sov-maeterlinck-st-anthony-2026-10-05,why,generic,Содержательная театральная работа из приоритетного контура Культрадара.,remove,,generic/process rationale does not state a concrete event-specific reason,priority_contour_placeholder,high
sov-maeterlinck-st-anthony-2026-10-05,details,empty,,no_action,,field is empty or absent,empty,high
zaryadye-sretensky-choir-2026-10-05,why,generic,Перенесённый концерт Большого зала; широкий календарь должен отражать актуальную дату.,remove,,"calendar-maintenance rationale, not a content reason",broad_calendar_process_rationale,high
zaryadye-sretensky-choir-2026-10-05,details,content,Перенесён с 21 сентября на 5 октября 2026.,keep,Перенесён с 21 сентября на 5 октября 2026.,user-facing factual content,none,high
composers-moscow-autumn-gnesin-orchestra-2026-10-05,why,mixed,46-й фестиваль «Московская осень»: профильная программа современной музыки на обязательной малой площадке.,rewrite_existing_content_only,46-й фестиваль «Московская осень»: профильная программа современной музыки.,retain only existing event-specific content; remove radar/contour/calendar/inclusion policy wording,process_clause_removed,high
composers-moscow-autumn-gnesin-orchestra-2026-10-05,details,content,"5 октября, 19:00. В программе Симфония №14 Шостаковича, вокальный цикл Дмитрия Бородаева и «Вдохновение» Елены Агабабовой.",keep,"5 октября, 19:00. В программе Симфония №14 Шостаковича, вокальный цикл Дмитрия Бородаева и «Вдохновение» Елены Агабабовой.",user-facing factual content,none,high
yeltsin-chervyakov-crossroads-1-2026-10-05,why,editorial,Историческая лекция о позднем СССР и альтернативных траекториях начала 1990-х.,keep,Историческая лекция о позднем СССР и альтернативных траекториях начала 1990-х.,content-specific editorial reason,none,high
yeltsin-chervyakov-crossroads-1-2026-10-05,details,content,"5 октября, 19:00–20:30. Первая лекция цикла «Неидеальный лабиринт: 1990-е годы в истории России».",keep,"5 октября, 19:00–20:30. Первая лекция цикла «Неидеальный лабиринт: 1990-е годы в истории России».",user-facing factual content,none,high
rassvet-listening-club-2026-10-05,why,editorial,Коллективные сочинения разных эпох — нестандартная кураторская тема.,keep,Коллективные сочинения разных эпох — нестандартная кураторская тема.,content-specific editorial reason,none,high
rassvet-listening-club-2026-10-05,details,content,Коллективные сочинения разных эпох.,keep,Коллективные сочинения разных эпох.,user-facing factual content,none,high
doc-applause-2026-10-05,why,generic,Репертуарная карточка: сохраняем постановку в полном театральном календаре.,remove,,"generic repertoire placeholder, not an editorial reason",repertoire_card_placeholder,high
doc-applause-2026-10-05,details,content,5 октября. Премьера. 1 ч 30 мин.,keep,5 октября. Премьера. 1 ч 30 мин.,user-facing factual content,none,high
mm-prokofiev-bassoon-2026-10-06,why,editorial,Редкий инструментальный фокус; музейная камерность здесь плюс.,keep,Редкий инструментальный фокус; музейная камерность здесь плюс.,content-specific editorial reason,none,high
mm-prokofiev-bassoon-2026-10-06,details,content,Концерт «Мастера фагота».,keep,Концерт «Мастера фагота».,user-facing factual content,none,high
myaskovsky-tevlin-round1-2026-10-06,why,technical,Подтверждено официальной афишей Московской консерватории при полном повторном sweep зала Мясковского за октябрь 2026.,remove,,confirmation/provenance is not an editorial reason,confirmed_placeholder,high
myaskovsky-tevlin-round1-2026-10-06,details,technical,Публичная позиция официальной афиши; редакционная приоритизация отделена от факта включения.,remove,,source verification or internal process text without user-facing event content,pure_public_provenance,high
consv-rach-moscow-meets-friends-2026-10-06,why,technical,Подтверждено официальной октябрьской афишей Московской консерватории при контрольной сверке по дням.,remove,,confirmation/provenance is not an editorial reason,confirmed_placeholder,high
consv-rach-moscow-meets-friends-2026-10-06,details,technical,Событие подтверждено календарём Московской консерватории; дополнительные детали следует брать из актуальной официальной карточки.,remove,,source verification or internal process text without user-facing event content,pure_public_provenance,high
gnesin-concertmaster-invites-2026-10-06,why,generic,Публичное событие актуальной афиши РАМ имени Гнесиных.,remove,,generic/process rationale does not state a concrete event-specific reason,public_current_listing_placeholder,high
gnesin-concertmaster-invites-2026-10-06,details,content,"6 октября, 18:00–20:00. Инструментальная программа Музыкального училища имени Гнесиных.",keep,"6 октября, 18:00–20:00. Инструментальная программа Музыкального училища имени Гнесиных.",user-facing factual content,none,high
bolshoi-magic-flute-2026-10-06-1900,why,technical,Подтверждённая позиция полного октябрьского sweep Большого театра.,remove,,confirmation/provenance is not an editorial reason,confirmed_placeholder,high
bolshoi-magic-flute-2026-10-06-1900,details,technical,Дата и площадка подтверждены актуальной афишей Большого театра.,remove,,source verification or internal process text without user-facing event content,pure_public_provenance,high
bolshoi-otello-2026-10-06-1900,why,technical,Подтверждённая позиция полного октябрьского sweep Большого театра.,remove,,confirmation/provenance is not an editorial reason,confirmed_placeholder,high
bolshoi-otello-2026-10-06-1900,details,technical,Дата и площадка подтверждены актуальной афишей Большого театра.,remove,,source verification or internal process text without user-facing event content,pure_public_provenance,high
consv-bzk-opera-masterpieces-2026-10-06,why,generic,Оперный контур самой Консерватории должен быть виден отдельно от симфонической афиши.,remove,,generic/process rationale does not state a concrete event-specific reason,contour_visibility_policy,high
consv-bzk-opera-masterpieces-2026-10-06,details,empty,,no_action,,field is empty or absent,empty,high
consv-mzk-keselman-class-2026-10-06,why,technical,Подтверждено официальной октябрьской афишей Московской консерватории при контрольной сверке по дням.,remove,,confirmation/provenance is not an editorial reason,confirmed_placeholder,high
consv-mzk-keselman-class-2026-10-06,details,technical,Событие подтверждено календарём Московской консерватории; дополнительные детали следует брать из актуальной официальной карточки.,remove,,source verification or internal process text without user-facing event content,pure_public_provenance,high
consv-rach-musica-tempora-dreams-king-2026-10-06,why,generic,Содержательное событие официальной афиши Московской консерватории; добавлено при системном проходе до конца 2026 года.,remove,,generic placeholder plus internal pass provenance,generic_official_listing_system_pass,high
consv-rach-musica-tempora-dreams-king-2026-10-06,details,content,"Клерамбо, де Визе, Ламбер, Куперен, Маре, Франкёр, Делаланд.",keep,"Клерамбо, де Визе, Ламбер, Куперен, Маре, Франкёр, Делаланд.",user-facing factual content,none,high
ges2-music-unbound-papoyan-2026-10-06,why,editorial,Бах и Бетховен в кураторском цикле ГЭС‑2; сильный сольный вечер.,keep,Бах и Бетховен в кураторском цикле ГЭС‑2; сильный сольный вечер.,content-specific editorial reason,none,high
ges2-music-unbound-papoyan-2026-10-06,details,content,"И. С. Бах, Людвиг ван Бетховен.",keep,"И. С. Бах, Людвиг ван Бетховен.",user-facing factual content,none,high
lapp83-opera-carmen-2026-10-06,why,editorial,"Содержательный разговор об опере в камерном формате; дорогой, но релевантный talks-кандидат.",keep,"Содержательный разговор об опере в камерном формате; дорогой, но релевантный talks-кандидат.",content-specific editorial reason,none,high
lapp83-opera-carmen-2026-10-06,details,content,Цикл «Оперы мира».,keep,Цикл «Оперы мира».,user-facing factual content,none,high
maly-cranes-oct26,why,generic,Репертуарная карточка: сохраняем постановку в полном театральном календаре.,remove,,"generic repertoire placeholder, not an editorial reason",repertoire_card_placeholder,high
maly-cranes-oct26,details,content,"6 октября. 3 ч 15 мин, один антракт.",keep,"6 октября. 3 ч 15 мин, один антракт.",user-facing factual content,none,high
maly-players-gogol-oct26,why,generic,Репертуарная карточка: сохраняем постановку в полном театральном календаре.,remove,,"generic repertoire placeholder, not an editorial reason",repertoire_card_placeholder,high
maly-players-gogol-oct26,details,content,"6 и 28 октября. 2 ч 30 мин, один антракт.",keep,"6 и 28 октября. 2 ч 30 мин, один антракт.",user-facing factual content,none,high
mmdm-7406,why,technical,Подтверждённая позиция полного sweep Московского международного Дома музыки.,remove,,confirmation/provenance is not an editorial reason,confirmed_placeholder,high
mmdm-7406,details,technical,Событие подтверждено официальной афишей Московского международного Дома музыки.,remove,,source verification or internal process text without user-facing event content,pure_public_provenance,high
nikitskie-captains-daughter-2026-10-06,why,generic,Репертуарная карточка: по театрам сохраняем практически весь доступный октябрьский репертуар.,remove,,"generic repertoire placeholder, not an editorial reason",repertoire_card_placeholder,high
nikitskie-captains-daughter-2026-10-06,details,mixed,Октябрьская афиша театра. Билеты от 1000 ₽ по текущему агрегатору.,rewrite_existing_content_only,Билеты от 1000 ₽,"retain existing price fact, remove source/provenance wording",theatre_aggregator_price,high
sov-do-good-2026-10-06,why,generic,Содержательная театральная работа из приоритетного контура Культрадара.,remove,,generic/process rationale does not state a concrete event-specific reason,priority_contour_placeholder,high
sov-do-good-2026-10-06,details,empty,,no_action,,field is empty or absent,empty,high
sphere-elder-son-2026-10-06,why,generic,Содержательная театральная работа из приоритетного контура Культрадара.,remove,,generic/process rationale does not state a concrete event-specific reason,priority_contour_placeholder,high
sphere-elder-son-2026-10-06,details,empty,,no_action,,field is empty or absent,empty,high
utopia,why,editorial,Редкий авангард первой половины XX века; Рославец и Хауэр в одном вечере — уже причина смотреть внимательно.,keep,Редкий авангард первой половины XX века; Рославец и Хауэр в одном вечере — уже причина смотреть внимательно.,content-specific editorial reason,none,high
utopia,details,content,"6 октября 2026, 19:00. Концерт-лекция «В плену утопии».\nЙозеф Хауэр — Квинтет для кларнета и струнных.\nПауль Хиндемит — Струнный квартет № 3 (II и III части).\nНиколай Рославец — Фортепианное трио № 3; пьесы из цикла 24 прелюдий для скрипки и фортепиано.\nИсполнители — солисты ансамбля «Студия новой музыки».",keep,"6 октября 2026, 19:00. Концерт-лекция «В плену утопии».\nЙозеф Хауэр — Квинтет для кларнета и струнных.\nПауль Хиндемит — Струнный квартет № 3 (II и III части).\nНиколай Рославец — Фортепианное трио № 3; пьесы из цикла 24 прелюдий для скрипки и фортепиано.\nИсполнители — солисты ансамбля «Студия новой музыки».",user-facing factual content,none,high
vishnevskaya-strauss-gala-2026-10-06,why,mixed,Штраус в профильном вокальном центре; сохраняем как оперно-вокальный кандидат.,rewrite_existing_content_only,Штраус в профильном вокальном центре.,retain only existing event-specific content; remove radar/contour/calendar/inclusion policy wording,process_clause_removed,high
vishnevskaya-strauss-gala-2026-10-06,details,content,Штраус-гала.,keep,Штраус-гала.,user-facing factual content,none,high
zaryadye-leonov-evstigneev-2026-10-06,why,technical,Подтверждено официальной афишей Зала Зарядье в контрольном sweep октября–декабря 2026.,remove,,confirmation/provenance is not an editorial reason,confirmed_placeholder,high
zaryadye-leonov-evstigneev-2026-10-06,details,technical,Событие подтверждено официальной афишей Зала Зарядье; актуальные программа и состав — по карточке источника.,remove,,source verification or internal process text without user-facing event content,pure_public_provenance,high
drugoe-poison-crown-2026-10-06,why,editorial,Содержательная историческая лекция независимой площадки.,keep,Содержательная историческая лекция независимой площадки.,content-specific editorial reason,none,high
drugoe-poison-crown-2026-10-06,details,content,"6 октября, 19:00–21:00. Лекция-детектив о придворных интригах, ядах и исторических версиях смертей русских правителей.",keep,"6 октября, 19:00–21:00. Лекция-детектив о придворных интригах, ядах и исторических версиях смертей русских правителей.",user-facing factual content,none,high
composers-moscow-autumn-electroacoustic-2026-10-06,why,mixed,46-й фестиваль «Московская осень»: профильная программа современной музыки на обязательной малой площадке.,rewrite_existing_content_only,46-й фестиваль «Московская осень»: профильная программа современной музыки.,retain only existing event-specific content; remove radar/contour/calendar/inclusion policy wording,process_clause_removed,high
composers-moscow-autumn-electroacoustic-2026-10-06,details,content,"6 октября, 19:00. Электроакустическая музыка и новые сочинения участников профильных секций Союза московских композиторов.",keep,"6 октября, 19:00. Электроакустическая музыка и новые сочинения участников профильных секций Союза московских композиторов.",user-facing factual content,none,high
gnesin-festival-shahgaldyan-korobov-2026-10-06,why,generic,Публичное событие актуальной афиши РАМ имени Гнесиных.,remove,,generic/process rationale does not state a concrete event-specific reason,public_current_listing_placeholder,high
gnesin-festival-shahgaldyan-korobov-2026-10-06,details,content,"6 октября, 19:00. Моцарт — Kegelstatt trio; Франк — соната; Рахманинов — Элегическое трио №1; Шостакович — Пять пьес.",keep,"6 октября, 19:00. Моцарт — Kegelstatt trio; Франк — соната; Рахманинов — Элегическое трио №1; Шостакович — Пять пьес.",user-facing factual content,none,high
niko-islyamov-barlykova-2026-10-06,why,editorial,Камерный инструментальный концерт новой малой площадки.,keep,Камерный инструментальный концерт новой малой площадки.,content-specific editorial reason,none,high
niko-islyamov-barlykova-2026-10-06,details,content,"6 октября, 19:30. Вечер скрипичной музыки; точная программа в обзорной афише не раскрыта.",keep,"6 октября, 19:30. Вечер скрипичной музыки; точная программа в обзорной афише не раскрыта.",user-facing factual content,none,high
praktika-foreign-letters-2026-10-06,why,generic,Репертуарная карточка: сохраняем постановку в полном театральном календаре.,remove,,"generic repertoire placeholder, not an editorial reason",repertoire_card_placeholder,high
praktika-foreign-letters-2026-10-06,details,content,6 октября. 1 час.,keep,6 октября. 1 час.,user-facing factual content,none,high
praktika-junk-2026-10-07,why,generic,Репертуарная карточка: сохраняем постановку в полном театральном календаре.,remove,,"generic repertoire placeholder, not an editorial reason",repertoire_card_placeholder,high
praktika-junk-2026-10-07,details,content,7 и 8 октября. Время сверить на странице спектакля.,keep,7 и 8 октября. Время сверить на странице спектакля.,user-facing factual content,none,high
myaskovsky-tevlin-round1-2026-10-07,why,technical,Подтверждено официальной афишей Московской консерватории при полном повторном sweep зала Мясковского за октябрь 2026.,remove,,confirmation/provenance is not an editorial reason,confirmed_placeholder,high
myaskovsky-tevlin-round1-2026-10-07,details,technical,Публичная позиция официальной афиши; редакционная приоритизация отделена от факта включения.,remove,,source verification or internal process text without user-facing event content,pure_public_provenance,high
bolshoi-magic-flute-2026-10-07-1900,why,technical,Подтверждённая позиция полного октябрьского sweep Большого театра.,remove,,confirmation/provenance is not an editorial reason,confirmed_placeholder,high
bolshoi-magic-flute-2026-10-07-1900,details,technical,Дата и площадка подтверждены актуальной афишей Большого театра.,remove,,source verification or internal process text without user-facing event content,pure_public_provenance,high
bolshoi-otello-2026-10-07-1900,why,technical,Подтверждённая позиция полного октябрьского sweep Большого театра.,remove,,confirmation/provenance is not an editorial reason,confirmed_placeholder,high
bolshoi-otello-2026-10-07-1900,details,technical,Дата и площадка подтверждены актуальной афишей Большого театра.,remove,,source verification or internal process text without user-facing event content,pure_public_provenance,high
consv-mzk-myagkova-2027-03-23,why,editorial,"Перенесённый в октябрь вечер Варвары Мягковой с Шубертом, Мендельсоном и транскрипциями Листа.",keep,"Перенесённый в октябрь вечер Варвары Мягковой с Шубертом, Мендельсоном и транскрипциями Листа.",content-specific editorial reason,none,high
consv-mzk-myagkova-2027-03-23,details,content,Концерт перенесён с 23.03.2027 на 07.10.2026; программа опубликована полностью.,keep,Концерт перенесён с 23.03.2027 на 07.10.2026; программа опубликована полностью.,user-facing factual content,none,high
consv-rach-russian-piano-trio-2026-10-07,why,generic,Содержательное событие официальной афиши Московской консерватории; добавлено при системном проходе до конца 2026 года.,remove,,generic placeholder plus internal pass provenance,generic_official_listing_system_pass,high
consv-rach-russian-piano-trio-2026-10-07,details,empty,,no_action,,field is empty or absent,empty,high
electro-maslenitsa-2026-10-07,why,generic,Содержательная театральная работа из приоритетного контура Культрадара.,remove,,generic/process rationale does not state a concrete event-specific reason,priority_contour_placeholder,high
electro-maslenitsa-2026-10-07,details,empty,,no_action,,field is empty or absent,empty,high
maly-bride-without-dowry-oct26,why,generic,Репертуарная карточка: сохраняем постановку в полном театральном календаре.,remove,,"generic repertoire placeholder, not an editorial reason",repertoire_card_placeholder,high
maly-bride-without-dowry-oct26,details,content,"7 октября. 2 ч 40 мин, один антракт.",keep,"7 октября. 2 ч 40 мин, один антракт.",user-facing factual content,none,high
maly-guiltless-oct26,why,generic,Репертуарная карточка: сохраняем постановку в полном театральном календаре.,remove,,"generic repertoire placeholder, not an editorial reason",repertoire_card_placeholder,high
maly-guiltless-oct26,details,content,7 октября. 2 ч 50 мин.,keep,7 октября. 2 ч 50 мин.,user-facing factual content,none,high
nikitskie-romeo-juliet-2026-10-07,why,generic,Репертуарная карточка: по театрам сохраняем практически весь доступный октябрьский репертуар.,remove,,"generic repertoire placeholder, not an editorial reason",repertoire_card_placeholder,high
nikitskie-romeo-juliet-2026-10-07,details,mixed,Октябрьская афиша театра. Билеты от 1000 ₽ по текущему агрегатору.,rewrite_existing_content_only,Билеты от 1000 ₽,"retain existing price fact, remove source/provenance wording",theatre_aggregator_price,high
phil-leo-st-helena-2026-10-07,why,technical,Подтверждённая дата полного sweep Московской филармонии до 31.12.2026; включена в широкий календарь без вкусового отсева.,remove,,confirmation/provenance is not an editorial reason,confirmed_placeholder,high
phil-leo-st-helena-2026-10-07,details,content,«Святая Елена на Голгофе» — оратория,keep,«Святая Елена на Голгофе» — оратория,user-facing factual content,none,high
sfera-bernarda-alba-2026-10-07,why,editorial,Психологическая семейная драма с ясным конфликтом внешнего и внутреннего суда — хороший профильный кандидат.,keep,Психологическая семейная драма с ясным конфликтом внешнего и внутреннего суда — хороший профильный кандидат.,content-specific editorial reason,none,high
sfera-bernarda-alba-2026-10-07,details,content,"7 октября, 19:00. 2 часа 20 минут с одним антрактом.",keep,"7 октября, 19:00. 2 часа 20 минут с одним антрактом.",user-facing factual content,none,high
zaryadye-rhythm-synergy-2026-10-07,why,technical,Подтверждено официальной афишей Зала Зарядье в контрольном sweep октября–декабря 2026.,remove,,confirmation/provenance is not an editorial reason,confirmed_placeholder,high
zaryadye-rhythm-synergy-2026-10-07,details,technical,Событие подтверждено официальной афишей Зала Зарядье; актуальные программа и состав — по карточке источника.,remove,,source verification or internal process text without user-facing event content,pure_public_provenance,high
composers-moscow-autumn-lines-time-2026-10-07,why,mixed,46-й фестиваль «Московская осень»: профильная программа современной музыки на обязательной малой площадке.,rewrite_existing_content_only,46-й фестиваль «Московская осень»: профильная программа современной музыки.,retain only existing event-specific content; remove radar/contour/calendar/inclusion policy wording,process_clause_removed,high
composers-moscow-autumn-lines-time-2026-10-07,details,content,"7 октября, 19:00. Новая музыка Кожевниковой, Пайбердина, Прасоловой, Комара и Щербакова.",keep,"7 октября, 19:00. Новая музыка Кожевниковой, Пайбердина, Прасоловой, Комара и Щербакова.",user-facing factual content,none,high
gnesin-classics-unite-2026-10-07,why,generic,Публичное событие актуальной афиши РАМ имени Гнесиных.,remove,,generic/process rationale does not state a concrete event-specific reason,public_current_listing_placeholder,high
gnesin-classics-unite-2026-10-07,details,content,"7 октября, 19:00–21:00. Камерная программа РАМ имени Гнесиных.",keep,"7 октября, 19:00–21:00. Камерная программа РАМ имени Гнесиных.",user-facing factual content,none,high
gnesin-necheporenko-110-2026-10-07,why,generic,Публичное событие актуальной афиши РАМ имени Гнесиных.,remove,,generic/process rationale does not state a concrete event-specific reason,public_current_listing_placeholder,high
gnesin-necheporenko-110-2026-10-07,details,content,"7 октября, 19:00–21:00. Юбилейный концерт памяти народного артиста СССР, профессора П. И. Нечепоренко.",keep,"7 октября, 19:00–21:00. Юбилейный концерт памяти народного артиста СССР, профессора П. И. Нечепоренко.",user-facing factual content,none,high
rassvet-picasso-2026-10-07,why,editorial,Связка средневековой и современной музыки вокруг Пикассо — сильный межэпохальный проект.,keep,Связка средневековой и современной музыки вокруг Пикассо — сильный межэпохальный проект.,content-specific editorial reason,none,high
rassvet-picasso-2026-10-07,details,content,Средневековая и современная музыка.,keep,Средневековая и современная музыка.,user-facing factual content,none,high
mmdm-7283,why,editorial,Сценическая версия пьесы Альберта Герни — признанной театральной классики XX века.,keep,Сценическая версия пьесы Альберта Герни — признанной театральной классики XX века.,content-specific editorial reason,none,high
mmdm-7283,details,content,Спектакль по пьесе Альберта Р. Герни; дуэт Екатерины Климовой и Гоши Куценко.,keep,Спектакль по пьесе Альберта Р. Герни; дуэт Екатерины Климовой и Гоши Куценко.,user-facing factual content,none,high
phil-currentzis-2026-10-07,why,editorial,"Исторические инструменты и строй A=430; содержательно интересный проект, но дефицит и вторичный рынок не являются аргументом за покупку.",keep,"Исторические инструменты и строй A=430; содержательно интересный проект, но дефицит и вторичный рынок не являются аргументом за покупку.",content-specific editorial reason,none,high
phil-currentzis-2026-10-07,details,content,"Моцарт — увертюра к «Свадьбе Фигаро», Концерт №23; Бетховен — Симфония №7.",keep,"Моцарт — увертюра к «Свадьбе Фигаро», Концерт №23; Бетховен — Симфония №7.",user-facing factual content,none,high
myaskovsky-tevlin-round2-2026-10-08,why,technical,Подтверждено официальной афишей Московской консерватории при полном повторном sweep зала Мясковского за октябрь 2026.,remove,,confirmation/provenance is not an editorial reason,confirmed_placeholder,high
myaskovsky-tevlin-round2-2026-10-08,details,technical,Публичная позиция официальной афиши; редакционная приоритизация отделена от факта включения.,remove,,source verification or internal process text without user-facing event content,pure_public_provenance,high
bolshoi-salome-2026-10-08-1900,why,technical,Подтверждённая позиция полного октябрьского sweep Большого театра.,remove,,confirmation/provenance is not an editorial reason,confirmed_placeholder,high
bolshoi-salome-2026-10-08-1900,details,technical,Дата и площадка подтверждены актуальной афишей Большого театра.,remove,,source verification or internal process text without user-facing event content,pure_public_provenance,high
consv-bzk-arslonga-opening-2026-10-08,why,generic,Содержательное событие официальной афиши Московской консерватории; добавлено при системном проходе до конца 2026 года.,remove,,generic placeholder plus internal pass provenance,generic_official_listing_system_pass,high
consv-bzk-arslonga-opening-2026-10-08,details,empty,,no_action,,field is empty or absent,empty,high
consv-mzk-shostakovich-fiori-bessonov-2026-10-08,why,generic,Содержательное событие официальной афиши Московской консерватории; добавлено при системном проходе до конца 2026 года.,remove,,generic placeholder plus internal pass provenance,generic_official_listing_system_pass,high
consv-mzk-shostakovich-fiori-bessonov-2026-10-08,details,empty,,no_action,,field is empty or absent,empty,high
consv-rach-mozart-sonatas-terekhov-2026-10-08,why,generic,Содержательное событие официальной афиши Московской консерватории; добавлено при системном проходе до конца 2026 года.,remove,,generic placeholder plus internal pass provenance,generic_official_listing_system_pass,high
consv-rach-mozart-sonatas-terekhov-2026-10-08,details,empty,,no_action,,field is empty or absent,empty,high
electro-maslenitsa-2026-10-08,why,generic,Содержательная театральная работа из приоритетного контура Культрадара.,remove,,generic/process rationale does not state a concrete event-specific reason,priority_contour_placeholder,high
electro-maslenitsa-2026-10-08,details,empty,,no_action,,field is empty or absent,empty,high
helikon-debussy-toybox-2026-10-08,why,editorial,Редкий Дебюсси в театральном формате; логичный кандидат.,keep,Редкий Дебюсси в театральном формате; логичный кандидат.,content-specific editorial reason,none,high
helikon-debussy-toybox-2026-10-08,details,content,В рамках фестиваля «Видеть музыку».,keep,В рамках фестиваля «Видеть музыку».,user-facing factual content,none,high
maly-big-three-oct26,why,generic,Репертуарная карточка: сохраняем постановку в полном театральном календаре.,remove,,"generic repertoire placeholder, not an editorial reason",repertoire_card_placeholder,high
maly-big-three-oct26,details,content,8 октября. 2 ч 10 мин без антракта.,keep,8 октября. 2 ч 10 мин без антракта.,user-facing factual content,none,high
maly-wedding-wedding-oct26,why,generic,Репертуарная карточка: сохраняем постановку в полном театральном календаре.,remove,,"generic repertoire placeholder, not an editorial reason",repertoire_card_placeholder,high
maly-wedding-wedding-oct26,details,content,"8 и 30 октября. 1 ч 40 мин, один антракт.",keep,"8 и 30 октября. 1 ч 40 мин, один антракт.",user-facing factual content,none,high
mm-golden-svoe-prostranstvo-2026-10-08,why,editorial,Камерный концерт в историческом фортепианном салоне — отдельная ценность пространства.,keep,Камерный концерт в историческом фортепианном салоне — отдельная ценность пространства.,content-specific editorial reason,none,high
mm-golden-svoe-prostranstvo-2026-10-08,details,content,75 минут без антракта.,keep,75 минут без антракта.,user-facing factual content,none,high
mmdm-aksion-estin-2026-10-08,why,editorial,Древневизантийское пение — редкий и содержательно точный кандидат.,keep,Древневизантийское пение — редкий и содержательно точный кандидат.,content-specific editorial reason,none,high
mmdm-aksion-estin-2026-10-08,details,content,Песнопения древней Византии.,keep,Песнопения древней Византии.,user-facing factual content,none,high
nikitskie-communal-songs-2026-10-08,why,generic,Репертуарная карточка: по театрам сохраняем практически весь доступный октябрьский репертуар.,remove,,"generic repertoire placeholder, not an editorial reason",repertoire_card_placeholder,high
nikitskie-communal-songs-2026-10-08,details,mixed,Октябрьская афиша театра. Билеты от 1000 ₽ по текущему агрегатору.,rewrite_existing_content_only,Билеты от 1000 ₽,"retain existing price fact, remove source/provenance wording",theatre_aggregator_price,high
nikitskie-free-butterflies-2026-10-08,why,generic,Репертуарная карточка: по театрам сохраняем практически весь доступный октябрьский репертуар.,remove,,"generic repertoire placeholder, not an editorial reason",repertoire_card_placeholder,high
nikitskie-free-butterflies-2026-10-08,details,mixed,Октябрьская афиша театра. Билеты от 2500 ₽ по текущему агрегатору.,rewrite_existing_content_only,Билеты от 2500 ₽,"retain existing price fact, remove source/provenance wording",theatre_aggregator_price,high
okolo-school-for-fools-2026-10-08,why,generic,Содержательная театральная работа из приоритетного контура Культрадара.,remove,,generic/process rationale does not state a concrete event-specific reason,priority_contour_placeholder,high
okolo-school-for-fools-2026-10-08,details,empty,,no_action,,field is empty or absent,empty,high
phil-osipov-maestro-melodies-2026-10-08,why,technical,Подтверждённая дата полного sweep Московской филармонии до 31.12.2026; включена в широкий календарь без вкусового отсева.,remove,,confirmation/provenance is not an editorial reason,confirmed_placeholder,high
phil-osipov-maestro-melodies-2026-10-08,details,content,"Дюка, Лядов, Паганини, Шостакович, Бизе, Хачатурян, Григ, Рахманинов, Прокофьев, Римский-Корсаков, Пьяццолла и др.",keep,"Дюка, Лядов, Паганини, Шостакович, Бизе, Хачатурян, Григ, Рахманинов, Прокофьев, Римский-Корсаков, Пьяццолла и др.",user-facing factual content,none,high
phil-zaytseva-taras-nikolaev-2026-10-08,why,editorial,"От Сибелиуса и Грига к Краму — содержательная камерная программа, а не стандартный recital.",keep,"От Сибелиуса и Грига к Краму — содержательная камерная программа, а не стандартный recital.",content-specific editorial reason,none,high
phil-zaytseva-taras-nikolaev-2026-10-08,details,content,Сибелиус — «Меланхолия»; Григ — Соната; Крам — Соната для виолончели соло; Р. Штраус — Соната.,keep,Сибелиус — «Меланхолия»; Григ — Соната; Крам — Соната для виолончели соло; Р. Штраус — Соната.,user-facing factual content,none,high
sphere-entertainer-2026-10-08,why,generic,Содержательная театральная работа из приоритетного контура Культрадара.,remove,,generic/process rationale does not state a concrete event-specific reason,priority_contour_placeholder,high
sphere-entertainer-2026-10-08,details,empty,,no_action,,field is empty or absent,empty,high
yeltsin-berlinsky-tchaikovsky-bartok-2026-10-08,why,editorial,Камерный квартетный вечер с сильной программой.,keep,Камерный квартетный вечер с сильной программой.,content-specific editorial reason,none,high
yeltsin-berlinsky-tchaikovsky-bartok-2026-10-08,details,content,"8 октября, 19:00–20:15. Чайковский — Квартет №2; Барток — Квартет №4.",keep,"8 октября, 19:00–20:15. Чайковский — Квартет №2; Барток — Квартет №4.",user-facing factual content,none,high
zaryadye-kramer-akkuratov-2026-10-08,why,technical,Подтверждено официальной афишей Зала Зарядье в контрольном sweep октября–декабря 2026.,remove,,confirmation/provenance is not an editorial reason,confirmed_placeholder,high
zaryadye-kramer-akkuratov-2026-10-08,details,technical,Событие подтверждено официальной афишей Зала Зарядье; актуальные программа и состав — по карточке источника.,remove,,source verification or internal process text without user-facing event content,pure_public_provenance,high
composers-moscow-autumn-river-life-2026-10-08,why,mixed,46-й фестиваль «Московская осень»: профильная программа современной музыки на обязательной малой площадке.,rewrite_existing_content_only,46-й фестиваль «Московская осень»: профильная программа современной музыки.,retain only existing event-specific content; remove radar/contour/calendar/inclusion policy wording,process_clause_removed,high
composers-moscow-autumn-river-life-2026-10-08,details,content,"8 октября, 19:00, Малый зал Дома композиторов. Международная программа авторов из России, Беларуси и Монголии.",keep,"8 октября, 19:00, Малый зал Дома композиторов. Международная программа авторов из России, Беларуси и Монголии.",user-facing factual content,none,high
voz-spiritual-travel-2026-10-08,why,generic,Содержательная программа Центра Вознесенского; добавлена как часть полного прохода источников.,remove,,generic/process rationale does not state a concrete event-specific reason,full_source_pass_placeholder,high
voz-spiritual-travel-2026-10-08,details,technical,Подтверждено официальной страницей события.,remove,,source verification or internal process text without user-facing event content,pure_public_provenance,high
mmdm-7475,why,generic,Литературно-сценическая позиция большой площадки; в полном sweep её нельзя терять только из-за пограничного жанра.,remove,,generic inclusion rationale tied to sweep process,full_sweep_inclusion_rationale,high
mmdm-7475,details,mixed,Литературные чтения; подробности состава — на официальной карточке ММДМ.,rewrite_existing_content_only,Литературные чтения,"retain existing event content only, remove source pointer",content_plus_source_pointer,high
praktika-mama-moscow-2026-10-09,why,generic,Репертуарная карточка: сохраняем постановку в полном театральном календаре.,remove,,"generic repertoire placeholder, not an editorial reason",repertoire_card_placeholder,high
praktika-mama-moscow-2026-10-09,details,content,9 октября. Время сверить на странице спектакля.,keep,9 октября. Время сверить на странице спектакля.,user-facing factual content,none,high
composers-moscow-autumn-mongolia-meeting-2026-10-09,why,generic,Содержательная встреча в программе фестиваля современной музыки; относится к talks-контуру проекта.,remove,,generic/process rationale does not state a concrete event-specific reason,contour_placeholder,high
composers-moscow-autumn-mongolia-meeting-2026-10-09,details,content,"9 октября, 15:00, Малый зал. Встреча с монгольскими композиторами и исполнителями, включая йочин и хуучир.",keep,"9 октября, 15:00, Малый зал. Встреча с монгольскими композиторами и исполнителями, включая йочин и хуучир.",user-facing factual content,none,high
bolshoi-salome-2026-10-09-1900,why,technical,Подтверждённая позиция полного октябрьского sweep Большого театра.,remove,,confirmation/provenance is not an editorial reason,confirmed_placeholder,high
bolshoi-salome-2026-10-09-1900,details,technical,Дата и площадка подтверждены актуальной афишей Большого театра.,remove,,source verification or internal process text without user-facing event content,pure_public_provenance,high
bolshoi-sylphide-2026-10-09-1900,why,technical,Подтверждённая позиция полного октябрьского sweep Большого театра.,remove,,confirmation/provenance is not an editorial reason,confirmed_placeholder,high
bolshoi-sylphide-2026-10-09-1900,details,technical,Дата и площадка подтверждены актуальной афишей Большого театра.,remove,,source verification or internal process text without user-facing event content,pure_public_provenance,high
consv-mzk-belugin-trio-2026-10-09,why,generic,Содержательная дата Консерватории: Вечер трио — Фёдор Белугин / Анастасия Белугина / Кирилл Кашунин.,remove,,generic content-date label repeats event content but does not explain why the event merits attention,conservatory_content_date_placeholder,high
consv-mzk-belugin-trio-2026-10-09,details,content,Камерная программа в календарном анонсе не раскрыта.,keep,Камерная программа в календарном анонсе не раскрыта.,user-facing factual content,none,high
consv-rach-knyazev-abkhazia-2026-10-09,why,generic,Содержательная дата Консерватории: Александр Князев / Государственная хоровая капелла Республики Абхазия.,remove,,generic content-date label repeats event content but does not explain why the event merits attention,conservatory_content_date_placeholder,high
consv-rach-knyazev-abkhazia-2026-10-09,details,content,Программа в календарном анонсе не раскрыта.,keep,Программа в календарном анонсе не раскрыта.,user-facing factual content,none,high
drugoe-jazz-century-2026-10-09,why,editorial,"Не академическая музыка, но содержательный исторический маршрут по джазу; оставляем в широком пуле.",keep,"Не академическая музыка, но содержательный исторический маршрут по джазу; оставляем в широком пуле.",content-specific editorial reason,none,high
drugoe-jazz-century-2026-10-09,details,content,Концерт-путешествие от свинга 1920-х до актуальной сцены.,keep,Концерт-путешествие от свинга 1920-х до актуальной сцены.,user-facing factual content,none,high
electro-maryino-pole-premiere-2026-10-09,why,editorial,"Фантасмагория о памяти, ожидании и утрате; современная драматургия с уже существующей критической историей.",keep,"Фантасмагория о памяти, ожидании и утрате; современная драматургия с уже существующей критической историей.",content-specific editorial reason,none,high
electro-maryino-pole-premiere-2026-10-09,details,content,9 и 10 октября 2026. 2 часа 10 минут без антракта. Премьера постановки состоялась 12 декабря 2025 года.,keep,9 и 10 октября 2026. 2 часа 10 минут без антракта. Премьера постановки состоялась 12 декабря 2025 года.,user-facing factual content,none,high
helikon-birds-2026,why,mixed,"Редкий Браунфельс — именно тот случай, когда стандартный фильтр должен уступить место discovery.",rewrite_existing_content_only,Редкий Браунфельс,retain the existing rarity reason only,discovery_filter_clause,high
helikon-birds-2026,details,content,Опера «Птицы» в рамках фестиваля «Видеть музыку».,keep,Опера «Птицы» в рамках фестиваля «Видеть музыку».,user-facing factual content,none,high
maly-eight-women-oct26,why,generic,Репертуарная карточка: сохраняем постановку в полном театральном календаре.,remove,,"generic repertoire placeholder, not an editorial reason",repertoire_card_placeholder,high
maly-eight-women-oct26,details,content,"9 и 27 октября. 2 ч 30 мин, один антракт.",keep,"9 и 27 октября. 2 ч 30 мин, один антракт.",user-facing factual content,none,high
maly-inspector-oct26,why,generic,Репертуарная карточка: сохраняем постановку в полном театральном календаре.,remove,,"generic repertoire placeholder, not an editorial reason",repertoire_card_placeholder,high
maly-inspector-oct26,details,content,"9 и 23 октября. 3 ч 55 мин, два антракта.",keep,"9 и 23 октября. 3 ч 55 мин, два антракта.",user-facing factual content,none,high
mmdm-6858,why,technical,Подтверждённая позиция полного sweep Московского международного Дома музыки.,remove,,confirmation/provenance is not an editorial reason,confirmed_placeholder,high
mmdm-6858,details,technical,Событие подтверждено официальной афишей Московского международного Дома музыки.,remove,,source verification or internal process text without user-facing event content,pure_public_provenance,high
mmdm-6980,why,editorial,"Полноценный хореографический проект с живой музыкой фламенко, а не эстрадный номер.",keep,"Полноценный хореографический проект с живой музыкой фламенко, а не эстрадный номер.",content-specific editorial reason,none,high
mmdm-6980,details,content,"Фламенко: вокал, гитары, виолончель, перкуссия и танец.",keep,"Фламенко: вокал, гитары, виолончель, перкуссия и танец.",user-facing factual content,none,high
mmdm-6991,why,technical,Подтверждённая позиция полного sweep Московского международного Дома музыки.,remove,,confirmation/provenance is not an editorial reason,confirmed_placeholder,high
mmdm-6991,details,technical,Событие подтверждено официальной афишей Московского международного Дома музыки.,remove,,source verification or internal process text without user-facing event content,pure_public_provenance,high
mmdm-7216,why,technical,Подтверждённая позиция полного sweep Московского международного Дома музыки.,remove,,confirmation/provenance is not an editorial reason,confirmed_placeholder,high
mmdm-7216,details,technical,Событие подтверждено официальной афишей Московского международного Дома музыки.,remove,,source verification or internal process text without user-facing event content,pure_public_provenance,high
nations-boris-godunov-2026-10-09,why,editorial,"Не школьная иллюстрация Пушкина, а самостоятельная режиссёрская версия — ровно тип классики, который имеет смысл отслеживать.",keep,"Не школьная иллюстрация Пушкина, а самостоятельная режиссёрская версия — ровно тип классики, который имеет смысл отслеживать.",content-specific editorial reason,none,high
nations-boris-godunov-2026-10-09,details,content,2 часа 10 минут без антракта.,keep,2 часа 10 минут без антракта.,user-facing factual content,none,high
nikitskie-horse-story-2026-10-09,why,generic,Репертуарная карточка: по театрам сохраняем практически весь доступный октябрьский репертуар.,remove,,"generic repertoire placeholder, not an editorial reason",repertoire_card_placeholder,high
nikitskie-horse-story-2026-10-09,details,mixed,Октябрьская афиша театра. Билеты от 1000 ₽ по текущему агрегатору.,rewrite_existing_content_only,Билеты от 1000 ₽,"retain existing price fact, remove source/provenance wording",theatre_aggregator_price,high
nikitskie-korzhavin-2026-10-09,why,generic,Репертуарная карточка: по театрам сохраняем практически весь доступный октябрьский репертуар.,remove,,"generic repertoire placeholder, not an editorial reason",repertoire_card_placeholder,high
nikitskie-korzhavin-2026-10-09,details,mixed,Октябрьская афиша театра. Билеты от 1500 ₽ по текущему агрегатору.,rewrite_existing_content_only,Билеты от 1500 ₽,"retain existing price fact, remove source/provenance wording",theatre_aggregator_price,high
phil-musica-sacra-nova-2026-10-09,why,mixed,"Йоффе, поздний Стравинский и Фалик — одна из наиболее содержательных программ современного академического контура.",rewrite_existing_content_only,"Йоффе, поздний Стравинский и Фалик — одна из наиболее содержательных программ.",retain only existing event-specific content; remove radar/contour/calendar/inclusion policy wording,process_clause_removed,high
phil-musica-sacra-nova-2026-10-09,details,content,Йоффе — Sacra conversazione; Стравинский — Requiem Canticles; Фалик — Месса.,keep,Йоффе — Sacra conversazione; Стравинский — Requiem Canticles; Фалик — Месса.,user-facing factual content,none,high
praktika-fedya-bulkin-2026-10-09,why,generic,Репертуарная карточка: сохраняем постановку в полном театральном календаре.,remove,,"generic repertoire placeholder, not an editorial reason",repertoire_card_placeholder,high
praktika-fedya-bulkin-2026-10-09,details,content,9 октября. 1 ч 15 мин.,keep,9 октября. 1 ч 15 мин.,user-facing factual content,none,high
prove-letter-composer-2026-10-09,why,editorial,Неочевидная камерная программа с Яначеком.,keep,Неочевидная камерная программа с Яначеком.,content-specific editorial reason,none,high
prove-letter-composer-2026-10-09,details,content,"Бетховен, Яначек, Допплер.",keep,"Бетховен, Яначек, Допплер.",user-facing factual content,none,high
sphere-inspector-2026-10-09,why,generic,Содержательная театральная работа из приоритетного контура Культрадара.,remove,,generic/process rationale does not state a concrete event-specific reason,priority_contour_placeholder,high
sphere-inspector-2026-10-09,details,empty,,no_action,,field is empty or absent,empty,high
zaryadye-coltrane-2026-10-09,why,mixed,Исторически значимый альбом как цельная программа; хорошая джазовая линия широкого радара.,rewrite_existing_content_only,Исторически значимый альбом как цельная программа.,retain only existing event-specific content; remove radar/contour/calendar/inclusion policy wording,process_clause_removed,high
zaryadye-coltrane-2026-10-09,details,content,Перенесён с 15 октября на 9 октября 2026.,keep,Перенесён с 15 октября на 9 октября 2026.,user-facing factual content,none,high
composers-moscow-autumn-internum-sonus-2026-10-09,why,mixed,46-й фестиваль «Московская осень»: профильная программа современной музыки на обязательной малой площадке.,rewrite_existing_content_only,46-й фестиваль «Московская осень»: профильная программа современной музыки.,retain only existing event-specific content; remove radar/contour/calendar/inclusion policy wording,process_clause_removed,high
composers-moscow-autumn-internum-sonus-2026-10-09,details,content,"9 октября, 19:00. Хоровая и инструментальная программа современной музыки.",keep,"9 октября, 19:00. Хоровая и инструментальная программа современной музыки.",user-facing factual content,none,high
consv-bzk-bel-suono-2026-10-09,why,mixed,Крупный фортепианный кроссоверный концерт в БЗК; не отсекаем заранее и оставляем решение пользователю.,rewrite_existing_content_only,Крупный фортепианный кроссоверный концерт в БЗК,"retain existing content clause, remove internal inclusion/process clause",content_plus_process_clause,high
consv-bzk-bel-suono-2026-10-09,details,technical,На официальной карточке состав произведений пока не опубликован.,remove,,source-card publication status only; remove,manual_details_source_only,high
doc-dead-wave-2026-10-09,why,generic,Репертуарная карточка: сохраняем постановку в полном театральном календаре.,remove,,"generic repertoire placeholder, not an editorial reason",repertoire_card_placeholder,high
doc-dead-wave-2026-10-09,details,content,9 и 21 октября. Премьера. 1 ч 30 мин.,keep,9 и 21 октября. Премьера. 1 ч 30 мин.,user-facing factual content,none,high
maly-minor-oct26,why,generic,Репертуарная карточка: сохраняем постановку в полном театральном календаре.,remove,,"generic repertoire placeholder, not an editorial reason",repertoire_card_placeholder,high
maly-minor-oct26,details,content,"10 и 31 октября. 2 ч 20 мин, один антракт.",keep,"10 и 31 октября. 2 ч 20 мин, один антракт.",user-facing factual content,none,high
prove-musical-playroom-harp-flute-2026-10-10,why,generic,Подтверждённый камерный концерт для самых маленьких; оставляем в широком календаре площадки.,remove,,confirmation/provenance is not an editorial reason,confirmed_placeholder,high
prove-musical-playroom-harp-flute-2026-10-10,details,content,"10 октября, 11:00. Концерт классической музыки и сенсорное погружение для детей 0–2 лет.",keep,"10 октября, 11:00. Концерт классической музыки и сенсорное погружение для детей 0–2 лет.",user-facing factual content,none,high
bolshoi-sylphide-2026-10-10-1200,why,technical,Подтверждённая позиция полного октябрьского sweep Большого театра.,remove,,confirmation/provenance is not an editorial reason,confirmed_placeholder,high
bolshoi-sylphide-2026-10-10-1200,details,technical,Дата и площадка подтверждены актуальной афишей Большого театра.,remove,,source verification or internal process text without user-facing event content,pure_public_provenance,high
prove-little-prince-2026-10-10,why,generic,Подтверждённая музыкально-литературная программа площадки.,remove,,confirmation/provenance is not an editorial reason,confirmed_placeholder,high
prove-little-prince-2026-10-10,details,content,"10 октября, 12:30. Музыкальное путешествие по Сент-Экзюпери в сопровождении дуэта арфы и флейты.",keep,"10 октября, 12:30. Музыкальное путешествие по Сент-Экзюпери в сопровождении дуэта арфы и флейты.",user-facing factual content,none,high
consv-bzk-ravel-liszt-wagner-2026-10-10,why,generic,Содержательная дата Консерватории: Равель / Лист / Вагнер.,remove,,generic content-date label repeats event content but does not explain why the event merits attention,conservatory_content_date_placeholder,high
consv-bzk-ravel-liszt-wagner-2026-10-10,details,content,Конкретные произведения в календарном анонсе не перечислены.,keep,Конкретные произведения в календарном анонсе не перечислены.,user-facing factual content,none,high
consv-mzk-rodin-class-2026-10-10,why,technical,Подтверждено официальной октябрьской афишей Московской консерватории при контрольной сверке по дням.,remove,,confirmation/provenance is not an editorial reason,confirmed_placeholder,high
consv-mzk-rodin-class-2026-10-10,details,technical,Событие подтверждено календарём Московской консерватории; дополнительные детали следует брать из актуальной официальной карточки.,remove,,source verification or internal process text without user-facing event content,pure_public_provenance,high
gnesin-gnesintsy-present-2026-10-10,why,generic,Публичное событие актуальной афиши РАМ имени Гнесиных.,remove,,generic/process rationale does not state a concrete event-specific reason,public_current_listing_placeholder,high
gnesin-gnesintsy-present-2026-10-10,details,content,"10 октября, 14:00. Публичный концерт цикла «Гнесинцы представляют…».",keep,"10 октября, 14:00. Публичный концерт цикла «Гнесинцы представляют…».",user-facing factual content,none,high
mmdm-7234,why,technical,Подтверждённая позиция полного sweep Московского международного Дома музыки.,remove,,confirmation/provenance is not an editorial reason,confirmed_placeholder,high
mmdm-7234,details,technical,Событие подтверждено официальной афишей Московского международного Дома музыки.,remove,,source verification or internal process text without user-facing event content,pure_public_provenance,high
vishnevskaya-chamber-2026-10-10,why,generic,Камерная вокальная линия центра; широкий пул должен её видеть.,remove,,generic/process rationale does not state a concrete event-specific reason,pool_visibility_policy,high
vishnevskaya-chamber-2026-10-10,details,content,Камерная вокальная программа из репертуара Вишневской.,keep,Камерная вокальная программа из репертуара Вишневской.,user-facing factual content,none,high
dost-empire-ball-culture-2026-10-10,why,editorial,"Не просто лекция, а практическое погружение в культурную историю начала XIX века: этикет, мода и исторический танец.",keep,"Не просто лекция, а практическое погружение в культурную историю начала XIX века: этикет, мода и исторический танец.",content-specific editorial reason,none,high
dost-empire-ball-culture-2026-10-10,details,content,"Лекция + мастер-класс по полонезу, вальсу, кадрили и гросфатеру; около 3 часов.",keep,"Лекция + мастер-класс по полонезу, вальсу, кадрили и гросфатеру; около 3 часов.",user-facing factual content,none,high
composers-moscow-autumn-song-remains-2026-10-10,why,mixed,46-й фестиваль «Московская осень»: профильная программа современной музыки на обязательной малой площадке.,rewrite_existing_content_only,46-й фестиваль «Московская осень»: профильная программа современной музыки.,retain only existing event-specific content; remove radar/contour/calendar/inclusion policy wording,process_clause_removed,high
composers-moscow-autumn-song-remains-2026-10-10,details,mixed,"10 октября, 17:00 по индивидуальной официальной странице. Общая фестивальная таблица всё ещё показывает 19:00; сохранено время более точной event-page.",rewrite_existing_content_only,"10 октября, 17:00.",retain selected factual time only; remove source-comparison provenance,manual_details_source_conflict,high
ges2-historic-3,why,editorial,Часть полной реконструкции рубинштейновского цикла 1885/86; каждый вечер — самостоятельная историческая программа.,keep,Часть полной реконструкции рубинштейновского цикла 1885/86; каждый вечер — самостоятельная историческая программа.,content-specific editorial reason,none,high
ges2-historic-3,details,content,"Шуберт, Вебер, Мендельсон. Продолжительность: 4 часа.",keep,"Шуберт, Вебер, Мендельсон. Продолжительность: 4 часа.",user-facing factual content,none,high
maly-anna-karenina-2026-10-10,why,editorial,Современная режиссёрская работа внутри академической сцены; есть отдельная причина смотреть не из-за одного названия Толстого.,keep,Современная режиссёрская работа внутри академической сцены; есть отдельная причина смотреть не из-за одного названия Толстого.,content-specific editorial reason,none,high
maly-anna-karenina-2026-10-10,details,content,"10 и 11 октября; далее 14–15 ноября, 17–18 декабря. 3 ч 30 мин, один антракт.",keep,"10 и 11 октября; далее 14–15 ноября, 17–18 декабря. 3 ч 30 мин, один антракт.",user-facing factual content,none,high
maly-wolves-sheep-oct26,why,generic,Репертуарная карточка: сохраняем постановку в полном театральном календаре.,remove,,"generic repertoire placeholder, not an editorial reason",repertoire_card_placeholder,high
maly-wolves-sheep-oct26,details,content,"10 и 31 октября. 3 ч 15 мин, один антракт.",keep,"10 и 31 октября. 3 ч 15 мин, один антракт.",user-facing factual content,none,high
bolshoi-sylphide-2026-10-10-1900,why,technical,Подтверждённая позиция полного октябрьского sweep Большого театра.,remove,,confirmation/provenance is not an editorial reason,confirmed_placeholder,high
bolshoi-sylphide-2026-10-10-1900,details,technical,Дата и площадка подтверждены актуальной афишей Большого театра.,remove,,source verification or internal process text without user-facing event content,pure_public_provenance,high
bolshoi-traviata-2026-10-10-1900,why,technical,Подтверждённая позиция полного октябрьского sweep Большого театра.,remove,,confirmation/provenance is not an editorial reason,confirmed_placeholder,high
bolshoi-traviata-2026-10-10-1900,details,technical,Дата и площадка подтверждены актуальной афишей Большого театра.,remove,,source verification or internal process text without user-facing event content,pure_public_provenance,high
consv-bzk-papoyan-rno-2026-10-10,why,generic,Содержательное событие официальной афиши Московской консерватории; добавлено при системном проходе до конца 2026 года.,remove,,generic placeholder plus internal pass provenance,generic_official_listing_system_pass,high
consv-bzk-papoyan-rno-2026-10-10,details,content,Бетховен — Концерт №4; Чайковский — Симфония №4.,keep,Бетховен — Концерт №4; Чайковский — Симфония №4.,user-facing factual content,none,high
consv-rach-lundstrem-trio-2026-10-10,why,generic,Содержательная дата Консерватории: Лундстрем-трио.,remove,,generic content-date label repeats event content but does not explain why the event merits attention,conservatory_content_date_placeholder,high
consv-rach-lundstrem-trio-2026-10-10,details,content,Программа в календарном анонсе не раскрыта.,keep,Программа в календарном анонсе не раскрыта.,user-facing factual content,none,high
doc-adults-outside-2026-10-10,why,generic,Репертуарная карточка: сохраняем постановку в полном театральном календаре.,remove,,"generic repertoire placeholder, not an editorial reason",repertoire_card_placeholder,high
doc-adults-outside-2026-10-10,details,content,10 октября. 1 ч 30 мин.,keep,10 октября. 1 ч 30 мин.,user-facing factual content,none,high
drugoe-tango-2026-10-10,why,editorial,Шнитке и Десятников делают этот вечер содержательно сильнее обычного «танго при свечах».,keep,Шнитке и Десятников делают этот вечер содержательно сильнее обычного «танго при свечах».,content-specific editorial reason,none,high
drugoe-tango-2026-10-10,details,content,"Пьяццолла, Шнитке, Десятников, Латенас.",keep,"Пьяццолла, Шнитке, Десятников, Латенас.",user-facing factual content,none,high
kzch-korchak-2026,why,mixed,"Большая камерная вокальная программа от барокко до русской романтики; не обязана быть топом, но точно должна быть видна.",rewrite_existing_content_only,Большая камерная вокальная программа от барокко до русской романтики.,retain only existing event-specific content; remove radar/contour/calendar/inclusion policy wording,process_clause_removed,high
kzch-korchak-2026,details,content,"Бонончини, Дуранте, К. Ф. Э. Бах, Кальдара, И. С. Бах, Глюк, А. и Д. Скарлатти, Страделла, Глинка, Чайковский, Варламов, Даргомыжский и др.",keep,"Бонончини, Дуранте, К. Ф. Э. Бах, Кальдара, И. С. Бах, Глюк, А. и Д. Скарлатти, Страделла, Глинка, Чайковский, Варламов, Даргомыжский и др.",user-facing factual content,none,high
mmdm-7147,why,technical,Подтверждённая позиция полного sweep Московского международного Дома музыки.,remove,,confirmation/provenance is not an editorial reason,confirmed_placeholder,high
mmdm-7147,details,technical,Событие подтверждено официальной афишей Московского международного Дома музыки.,remove,,source verification or internal process text without user-facing event content,pure_public_provenance,high
mmdm-7235,why,technical,Подтверждённая позиция полного sweep Московского международного Дома музыки.,remove,,confirmation/provenance is not an editorial reason,confirmed_placeholder,high
mmdm-7235,details,technical,Событие подтверждено официальной афишей Московского международного Дома музыки.,remove,,source verification or internal process text without user-facing event content,pure_public_provenance,high
mmdm-7295,why,technical,Подтверждённая позиция полного sweep Московского международного Дома музыки.,remove,,confirmation/provenance is not an editorial reason,confirmed_placeholder,high
mmdm-7295,details,technical,Событие подтверждено официальной афишей Московского международного Дома музыки.,remove,,source verification or internal process text without user-facing event content,pure_public_provenance,high
mmdm-7306,why,technical,Подтверждённая позиция полного sweep Московского международного Дома музыки.,remove,,confirmation/provenance is not an editorial reason,confirmed_placeholder,high
mmdm-7306,details,technical,Событие подтверждено официальной афишей Московского международного Дома музыки.,remove,,source verification or internal process text without user-facing event content,pure_public_provenance,high
nikitskie-rur-2026-10-10,why,generic,Репертуарная карточка: по театрам сохраняем практически весь доступный октябрьский репертуар.,remove,,"generic repertoire placeholder, not an editorial reason",repertoire_card_placeholder,high
nikitskie-rur-2026-10-10,details,mixed,Октябрьская афиша театра. Билеты от 1000 ₽ по текущему агрегатору.,rewrite_existing_content_only,Билеты от 1000 ₽,"retain existing price fact, remove source/provenance wording",theatre_aggregator_price,high
nikitskie-sixties-2026-10-10,why,generic,Репертуарная карточка: по театрам сохраняем практически весь доступный октябрьский репертуар.,remove,,"generic repertoire placeholder, not an editorial reason",repertoire_card_placeholder,high
nikitskie-sixties-2026-10-10,details,mixed,Октябрьская афиша театра. Билеты от 1500 ₽ по текущему агрегатору.,rewrite_existing_content_only,Билеты от 1500 ₽,"retain existing price fact, remove source/provenance wording",theatre_aggregator_price,high
okolo-run-2026-10-10,why,generic,Содержательная театральная работа из приоритетного контура Культрадара.,remove,,generic/process rationale does not state a concrete event-specific reason,priority_contour_placeholder,high
okolo-run-2026-10-10,details,empty,,no_action,,field is empty or absent,empty,high
phil-musica-tempora-shadow-light-2026-10-10,why,editorial,Прямой watchlist старинной музыки; отсутствие этой карточки было заметной дырой.,keep,Прямой watchlist старинной музыки; отсутствие этой карточки было заметной дырой.,content-specific editorial reason,none,high
phil-musica-tempora-shadow-light-2026-10-10,details,content,Программа «В тени и на свету».,keep,Программа «В тени и на свету».,user-facing factual content,none,high
prove-shostakovich-chamber-2026-10-10,why,editorial,"Третий вечер фестиваля, камерные дуэты и трио Шостаковича.",keep,"Третий вечер фестиваля, камерные дуэты и трио Шостаковича.",content-specific editorial reason,none,high
prove-shostakovich-chamber-2026-10-10,details,content,Камерные сочинения для дуэтов и трио.,keep,Камерные сочинения для дуэтов и трио.,user-facing factual content,none,high
shostakovich-quartets-1,why,editorial,"Начало полного цикла всех 15 квартетов Шостаковича ансамблем, для которого эта музыка — часть собственной исполнительской истории.",keep,"Начало полного цикла всех 15 квартетов Шостаковича ансамблем, для которого эта музыка — часть собственной исполнительской истории.",content-specific editorial reason,none,high
shostakovich-quartets-1,details,content,"Шостакович — Струнные квартеты № 1 до мажор, ор. 49; № 2 ля мажор, ор. 68; № 3 фа мажор, ор. 73.",keep,"Шостакович — Струнные квартеты № 1 до мажор, ор. 49; № 2 ля мажор, ор. 68; № 3 фа мажор, ор. 73.",user-facing factual content,none,high
gnesin-chamber-music-2026-10-10,why,generic,Публичное событие актуальной афиши РАМ имени Гнесиных.,remove,,generic/process rationale does not state a concrete event-specific reason,public_current_listing_placeholder,high
gnesin-chamber-music-2026-10-10,details,content,"10 октября, 19:00–21:00. Камерная инструментальная и вокальная программа.",keep,"10 октября, 19:00–21:00. Камерная инструментальная и вокальная программа.",user-facing factual content,none,high
bolshoi-sylphide-2026-10-11-1200,why,technical,Подтверждённая позиция полного октябрьского sweep Большого театра.,remove,,confirmation/provenance is not an editorial reason,confirmed_placeholder,high
bolshoi-sylphide-2026-10-11-1200,details,technical,Дата и площадка подтверждены актуальной афишей Большого театра.,remove,,source verification or internal process text without user-facing event content,pure_public_provenance,high
gnesin-sunday-concert-2026-10-11,why,generic,Публичное событие актуальной афиши РАМ имени Гнесиных.,remove,,generic/process rationale does not state a concrete event-specific reason,public_current_listing_placeholder,high
gnesin-sunday-concert-2026-10-11,details,content,"11 октября, 12:00. Публичная программа воскресного концертного цикла.",keep,"11 октября, 12:00. Публичная программа воскресного концертного цикла.",user-facing factual content,none,high
ruf-eucharist-2026-10-11,why,generic,Подтверждённый цикл разговоров на обязательной площадке.,remove,,confirmation/provenance is not an editorial reason,confirmed_placeholder,high
ruf-eucharist-2026-10-11,details,content,"Цикл из четырёх встреч: 4, 11, 18 и 25 октября в 12:15. Нововаганьковский пер., 9.",keep,"Цикл из четырёх встреч: 4, 11, 18 и 25 октября в 12:15. Нововаганьковский пер., 9.",user-facing factual content,none,high
doc-toni-garden-2026-10-11,why,generic,Репертуарная карточка: сохраняем постановку в полном театральном календаре.,remove,,"generic repertoire placeholder, not an editorial reason",repertoire_card_placeholder,high
doc-toni-garden-2026-10-11,details,content,11 октября. Семейный спектакль.,keep,11 октября. Семейный спектакль.,user-facing factual content,none,high
mmdm-6859,why,technical,Подтверждённая позиция полного sweep Московского международного Дома музыки.,remove,,confirmation/provenance is not an editorial reason,confirmed_placeholder,high
mmdm-6859,details,technical,Событие подтверждено официальной афишей Московского международного Дома музыки.,remove,,source verification or internal process text without user-facing event content,pure_public_provenance,high
mmdm-6860,why,technical,Подтверждённая позиция полного sweep Московского международного Дома музыки.,remove,,confirmation/provenance is not an editorial reason,confirmed_placeholder,high
mmdm-6860,details,technical,Событие подтверждено официальной афишей Московского международного Дома музыки.,remove,,source verification or internal process text without user-facing event content,pure_public_provenance,high
zaryadye-bach-gamba-2026-10-11,why,technical,Подтверждено официальной афишей Зала Зарядье в контрольном sweep октября–декабря 2026.,remove,,confirmation/provenance is not an editorial reason,confirmed_placeholder,high
zaryadye-bach-gamba-2026-10-11,details,technical,Событие подтверждено официальной афишей Зала Зарядье; актуальные программа и состав — по карточке источника.,remove,,source verification or internal process text without user-facing event content,pure_public_provenance,high
consv-bzk-mozart-requiem-wagner-2026-10-11,why,mixed,Ключевая программа текущего sweep Консерватории: Моцарт — Реквием / Вагнер — фрагменты из опер.,rewrite_existing_content_only,Моцарт — Реквием / Вагнер — фрагменты из опер.,remove sweep provenance and retain the existing program core,key_program_sweep_prefix,high
consv-bzk-mozart-requiem-wagner-2026-10-11,details,content,Реквием; Фрагменты из опер,keep,Реквием; Фрагменты из опер,user-facing factual content,none,high
consv-rach-kingdom-keyboards-2026-10-11,why,mixed,Исторические клавишные и сопоставление разных инструментальных эпох — профильный формат для Культрадара.,rewrite_existing_content_only,Исторические клавишные и сопоставление разных инструментальных эпох.,retain only existing event-specific content; remove radar/contour/calendar/inclusion policy wording,process_clause_removed,high
consv-rach-kingdom-keyboards-2026-10-11,details,empty,,no_action,,field is empty or absent,empty,high
gnesin-classics-for-all-2026-10-11,why,generic,Публичное событие актуальной афиши РАМ имени Гнесиных.,remove,,generic/process rationale does not state a concrete event-specific reason,public_current_listing_placeholder,high
gnesin-classics-for-all-2026-10-11,details,content,"11 октября, 15:00. Публичный просветительский концерт.",keep,"11 октября, 15:00. Публичный просветительский концерт.",user-facing factual content,none,high
mmdm-7236,why,technical,Подтверждённая позиция полного sweep Московского международного Дома музыки.,remove,,confirmation/provenance is not an editorial reason,confirmed_placeholder,high
mmdm-7236,details,technical,Событие подтверждено официальной афишей Московского международного Дома музыки.,remove,,source verification or internal process text without user-facing event content,pure_public_provenance,high
bolshoi-orchestra-guide-2026-10-11-1800,why,technical,Подтверждённая позиция полного октябрьского sweep Большого театра.,remove,,confirmation/provenance is not an editorial reason,confirmed_placeholder,high
bolshoi-orchestra-guide-2026-10-11-1800,details,content,Театрализованный концерт на Новой сцене.,keep,Театрализованный концерт на Новой сцене.,user-facing factual content,none,high
bolshoi-traviata-2026-10-11-1800,why,technical,Подтверждённая позиция полного октябрьского sweep Большого театра.,remove,,confirmation/provenance is not an editorial reason,confirmed_placeholder,high
bolshoi-traviata-2026-10-11-1800,details,technical,Дата и площадка подтверждены актуальной афишей Большого театра.,remove,,source verification or internal process text without user-facing event content,pure_public_provenance,high
ges2-historic-4,why,editorial,Часть полной реконструкции рубинштейновского цикла 1885/86; каждый вечер — самостоятельная историческая программа.,keep,Часть полной реконструкции рубинштейновского цикла 1885/86; каждый вечер — самостоятельная историческая программа.,content-specific editorial reason,none,high
ges2-historic-4,details,content,Шуман. Продолжительность: 4 часа.,keep,Шуман. Продолжительность: 4 часа.,user-facing factual content,none,high
maly-dolly-oct26,why,generic,Репертуарная карточка: сохраняем постановку в полном театральном календаре.,remove,,"generic repertoire placeholder, not an editorial reason",repertoire_card_placeholder,high
maly-dolly-oct26,details,content,"11 и 20 октября. 3 ч 20 мин, один антракт.",keep,"11 и 20 октября. 3 ч 20 мин, один антракт.",user-facing factual content,none,high
sphere-candlestick-2026-10-11,why,generic,Содержательная театральная работа из приоритетного контура Культрадара.,remove,,generic/process rationale does not state a concrete event-specific reason,priority_contour_placeholder,high
sphere-candlestick-2026-10-11,details,empty,,no_action,,field is empty or absent,empty,high
composers-moscow-autumn-osipov-2026-10-11,why,mixed,46-й фестиваль «Московская осень»: профильная программа современной музыки на обязательной малой площадке.,rewrite_existing_content_only,46-й фестиваль «Московская осень»: профильная программа современной музыки.,retain only existing event-specific content; remove radar/contour/calendar/inclusion policy wording,process_clause_removed,high
composers-moscow-autumn-osipov-2026-10-11,details,content,"11 октября, 18:00. Авторская программа для оркестра русских народных инструментов.",keep,"11 октября, 18:00. Авторская программа для оркестра русских народных инструментов.",user-facing factual content,none,high
pokrovskie-synchronization-birkenwald-2026-10-11,why,editorial,"Редкая сценическая версия единственной пьесы Виктора Франкла; тема достоинства, смысла и опыта концлагеря.",keep,"Редкая сценическая версия единственной пьесы Виктора Франкла; тема достоинства, смысла и опыта концлагеря.",content-specific editorial reason,none,high
pokrovskie-synchronization-birkenwald-2026-10-11,details,content,"11 октября, 18:00. Сценическая версия пьесы Виктора Франкла. Продолжительность 1 час 30 минут без антракта.",keep,"11 октября, 18:00. Сценическая версия пьесы Виктора Франкла. Продолжительность 1 час 30 минут без антракта.",user-facing factual content,none,high
consv-bzk-rosgvardia-orchestra-2026-10-11,why,technical,Подтверждено официальной октябрьской афишей Московской консерватории при контрольной сверке по дням.,remove,,confirmation/provenance is not an editorial reason,confirmed_placeholder,high
consv-bzk-rosgvardia-orchestra-2026-10-11,details,technical,Событие подтверждено календарём Московской консерватории; дополнительные детали следует брать из актуальной официальной карточки.,remove,,source verification or internal process text without user-facing event content,pure_public_provenance,high
consv-rach-barkalaya-dialogue-2026-10-11,why,generic,Содержательная дата Консерватории: Нино Баркалая — «Диалог эпох: образы классики».,remove,,generic content-date label repeats event content but does not explain why the event merits attention,conservatory_content_date_placeholder,high
consv-rach-barkalaya-dialogue-2026-10-11,details,content,Программа в календарном анонсе не раскрыта.,keep,Программа в календарном анонсе не раскрыта.,user-facing factual content,none,high
mmdm-7255,why,technical,Подтверждённая позиция полного sweep Московского международного Дома музыки.,remove,,confirmation/provenance is not an editorial reason,confirmed_placeholder,high
mmdm-7255,details,technical,Событие подтверждено официальной афишей Московского международного Дома музыки.,remove,,source verification or internal process text without user-facing event content,pure_public_provenance,high
mmdm-7422,why,editorial,Шекспир соединён с поэзией XX–XXI века и современной музыкальной драматургией ансамбля «4:33».,keep,Шекспир соединён с поэзией XX–XXI века и современной музыкальной драматургией ансамбля «4:33».,content-specific editorial reason,none,high
mmdm-7422,details,content,"Стихи и проза Шекспира, Бродского, Самойлова, Тарковского, Кенжеева и Рыжего; режиссёр Наталья Семенова.",keep,"Стихи и проза Шекспира, Бродского, Самойлова, Тарковского, Кенжеева и Рыжего; режиссёр Наталья Семенова.",user-facing factual content,none,high
nikitskie-amadeus-2026-10-11,why,generic,Репертуарная карточка: по театрам сохраняем практически весь доступный октябрьский репертуар.,remove,,"generic repertoire placeholder, not an editorial reason",repertoire_card_placeholder,high
nikitskie-amadeus-2026-10-11,details,mixed,Октябрьская афиша театра. Билеты от 1000 ₽ по текущему агрегатору.,rewrite_existing_content_only,Билеты от 1000 ₽,"retain existing price fact, remove source/provenance wording",theatre_aggregator_price,high
nikitskie-rubalskaya-2026-10-11,why,generic,Репертуарная карточка: по театрам сохраняем практически весь доступный октябрьский репертуар.,remove,,"generic repertoire placeholder, not an editorial reason",repertoire_card_placeholder,high
nikitskie-rubalskaya-2026-10-11,details,mixed,Октябрьская афиша театра. Билеты от 1500 ₽ по текущему агрегатору.,rewrite_existing_content_only,Билеты от 1500 ₽,"retain existing price fact, remove source/provenance wording",theatre_aggregator_price,high
phil-gogol-chichikov-2026-10-11,why,technical,Подтверждённая дата полного sweep Московской филармонии до 31.12.2026; включена в широкий календарь без вкусового отсева.,remove,,confirmation/provenance is not an editorial reason,confirmed_placeholder,high
phil-gogol-chichikov-2026-10-11,details,content,Литературная программа по «Мёртвым душам».,keep,Литературная программа по «Мёртвым душам».,user-facing factual content,none,high
wtc2,why,editorial,Полный II том ХТК в живом исполнении — редкий формат; здесь важен сам масштаб целого цикла.,keep,Полный II том ХТК в живом исполнении — редкий формат; здесь важен сам масштаб целого цикла.,content-specific editorial reason,none,high
wtc2,details,content,"И. С. Бах. Хорошо темперированный клавир, II том — 24 прелюдии и фуги BWV 870–893.
Исполнитель: Виктор Гинзбург, фортепиано.",keep,"И. С. Бах. Хорошо темперированный клавир, II том — 24 прелюдии и фуги BWV 870–893.
Исполнитель: Виктор Гинзбург, фортепиано.",user-facing factual content,none,high
niko-grindenko-opus-posth-2026-10-11,why,editorial,Прямой watchlist: Татьяна Гринденко; редкая барочная программа Куперена и Бибера.,keep,Прямой watchlist: Татьяна Гринденко; редкая барочная программа Куперена и Бибера.,content-specific editorial reason,none,high
niko-grindenko-opus-posth-2026-10-11,details,content,"11 октября, 19:30. OPUS POSTH — «Музыка великой тишины»; Куперен и Бибер.",keep,"11 октября, 19:30. OPUS POSTH — «Музыка великой тишины»; Куперен и Бибер.",user-facing factual content,none,high
phil-rachmaninoff-bells-2026-10-11,why,editorial,«Колокола» целиком и формат лекции-концерта — один из более содержательных филармонических вечеров месяца.,keep,«Колокола» целиком и формат лекции-концерта — один из более содержательных филармонических вечеров месяца.,content-specific editorial reason,none,high
phil-rachmaninoff-bells-2026-10-11,details,content,"Поэма «Колокола», соч. 35. Лекция-концерт в одном отделении, около 80 минут.",keep,"Поэма «Колокола», соч. 35. Лекция-концерт в одном отделении, около 80 минут.",user-facing factual content,none,high
myaskovsky-horn-competition-prep-2026-10-12,why,technical,Подтверждено официальной афишей Московской консерватории при полном повторном sweep зала Мясковского за октябрь 2026.,remove,,confirmation/provenance is not an editorial reason,confirmed_placeholder,high
myaskovsky-horn-competition-prep-2026-10-12,details,technical,Публичная позиция официальной афиши; редакционная приоритизация отделена от факта включения.,remove,,source verification or internal process text without user-facing event content,pure_public_provenance,high
consv-bzk-gornostaeva-memory-2026-10-12,why,generic,Содержательное событие официальной афиши Московской консерватории; добавлено при системном проходе до конца 2026 года.,remove,,generic placeholder plus internal pass provenance,generic_official_listing_system_pass,high
consv-bzk-gornostaeva-memory-2026-10-12,details,empty,,no_action,,field is empty or absent,empty,high
consv-mzk-rubinstein-dedication-2026-10-12,why,generic,Содержательная дата Консерватории: Посвящение Антону и Николаю Рубинштейнам.,remove,,generic content-date label repeats event content but does not explain why the event merits attention,conservatory_content_date_placeholder,high
consv-mzk-rubinstein-dedication-2026-10-12,details,content,Программа посвящения в календарном анонсе не раскрыта.,keep,Программа посвящения в календарном анонсе не раскрыта.,user-facing factual content,none,high
consv-rach-concertmaster-dept-2026-10-12,why,technical,Подтверждено официальной октябрьской афишей Московской консерватории при контрольной сверке по дням.,remove,,confirmation/provenance is not an editorial reason,confirmed_placeholder,high
consv-rach-concertmaster-dept-2026-10-12,details,technical,Событие подтверждено календарём Московской консерватории; дополнительные детали следует брать из актуальной официальной карточки.,remove,,source verification or internal process text without user-facing event content,pure_public_provenance,high
maly-hellas-oct26,why,generic,Репертуарная карточка: сохраняем постановку в полном театральном календаре.,remove,,"generic repertoire placeholder, not an editorial reason",repertoire_card_placeholder,high
maly-hellas-oct26,details,mixed,12 октября. Мировая премьера балетной программы; точную продолжительность официальный календарь не показывает.,rewrite_existing_content_only,12 октября. Мировая премьера балетной программы.,retain date/premiere; remove official-calendar availability note,manual_details_source_clause,high
mmdm-7489,why,technical,Подтверждённая позиция полного sweep Московского международного Дома музыки.,remove,,confirmation/provenance is not an editorial reason,confirmed_placeholder,high
mmdm-7489,details,technical,Событие подтверждено официальной афишей Московского международного Дома музыки.,remove,,source verification or internal process text without user-facing event content,pure_public_provenance,high
phil-young-bessonov-tamarkina-2026-10-12,why,technical,Подтверждённая дата полного sweep Московской филармонии до 31.12.2026; включена в широкий календарь без вкусового отсева.,remove,,confirmation/provenance is not an editorial reason,confirmed_placeholder,high
phil-young-bessonov-tamarkina-2026-10-12,details,content,"Моцарт, Чайковский, Сен-Санс, Паганини–Крейслер, Элгар, Дебюсси, Шоссон, Равель.",keep,"Моцарт, Чайковский, Сен-Санс, Паганини–Крейслер, Элгар, Дебюсси, Шоссон, Равель.",user-facing factual content,none,high
praktika-podolsk-2026-10-12,why,editorial,Две пьесы Данилова как психологическая инсталляция сразу в двух сценах — характерная сильная работа этой площадки.,keep,Две пьесы Данилова как психологическая инсталляция сразу в двух сценах — характерная сильная работа этой площадки.,content-specific editorial reason,none,high
praktika-podolsk-2026-10-12,details,content,12 и 13 октября. 2 часа 30 минут с одним антрактом.,keep,12 и 13 октября. 2 часа 30 минут с одним антрактом.,user-facing factual content,none,high
sov-petty-bourgeois-2026-10-12,why,generic,Содержательная театральная работа из приоритетного контура Культрадара.,remove,,generic/process rationale does not state a concrete event-specific reason,priority_contour_placeholder,high
sov-petty-bourgeois-2026-10-12,details,empty,,no_action,,field is empty or absent,empty,high
yeltsin-sharova-2026-10-12,why,editorial,Содержательная культурно-историческая лекция.,keep,Содержательная культурно-историческая лекция.,content-specific editorial reason,none,high
yeltsin-sharova-2026-10-12,details,content,"12 октября, 19:00–20:00. Первая лекция цикла «Действующие лица. Главные герои и злодеи русской культуры конца XIX – начала XX вв.».",keep,"12 октября, 19:00–20:00. Первая лекция цикла «Действующие лица. Главные герои и злодеи русской культуры конца XIX – начала XX вв.».",user-facing factual content,none,high
zaryadye-dsch-gergiev-2026-10-12,why,editorial,Крупный Шостаковичевский блок с объединённым оркестром двух театров.,keep,Крупный Шостаковичевский блок с объединённым оркестром двух театров.,content-specific editorial reason,none,high
zaryadye-dsch-gergiev-2026-10-12,details,content,90 минут.,keep,90 минут.,user-facing factual content,none,high
composers-moscow-autumn-nekrasov-2026-10-12,why,mixed,46-й фестиваль «Московская осень»: профильная программа современной музыки на обязательной малой площадке.,rewrite_existing_content_only,46-й фестиваль «Московская осень»: профильная программа современной музыки.,retain only existing event-specific content; remove radar/contour/calendar/inclusion policy wording,process_clause_removed,high
composers-moscow-autumn-nekrasov-2026-10-12,details,content,"12 октября, 19:00. Новые сочинения для оркестра русских народных инструментов, включая «Мифологическую сюиту» и вокальный цикл на стихи Рубцова.",keep,"12 октября, 19:00. Новые сочинения для оркестра русских народных инструментов, включая «Мифологическую сюиту» и вокальный цикл на стихи Рубцова.",user-facing factual content,none,high
yeltsin-chervyakov-crossroads-2-2026-10-12,why,editorial,Историческая лекция цикла о политической истории России 1990-х.,keep,Историческая лекция цикла о политической истории России 1990-х.,content-specific editorial reason,none,high
yeltsin-chervyakov-crossroads-2-2026-10-12,details,content,"12 октября, 19:00–20:30. Вторая лекция цикла «Неидеальный лабиринт».",keep,"12 октября, 19:00–20:30. Вторая лекция цикла «Неидеальный лабиринт».",user-facing factual content,none,high
gnesin-onegin-2026-10-12,why,editorial,Полноценный оперный спектакль Оперного театра-студии РАМ имени Гнесиных.,keep,Полноценный оперный спектакль Оперного театра-студии РАМ имени Гнесиных.,content-specific editorial reason,none,high
gnesin-onegin-2026-10-12,details,content,"12 октября, 19:00–21:00. Оперный спектакль Оперного театра-студии имени Ю. А. Сперанского.",keep,"12 октября, 19:00–21:00. Оперный спектакль Оперного театра-студии имени Ю. А. Сперанского.",user-facing factual content,none,high
rassvet-weeds-foreign-songs-2026-10-12,why,editorial,Четыре редко исполняемых вокальных цикла XX–XXI веков; профильный редкий репертуар.,keep,Четыре редко исполняемых вокальных цикла XX–XXI веков; профильный редкий репертуар.,content-specific editorial reason,none,high
rassvet-weeds-foreign-songs-2026-10-12,details,content,"12 октября, 19:30. В программе «Песни иностранки» Ольги Назайкинской, «Сад сорняков» Теренса Гривза, «Тебе» Алемдара Караманова и Natural Selection Джейка Хегги.",keep,"12 октября, 19:30. В программе «Песни иностранки» Ольги Назайкинской, «Сад сорняков» Теренса Гривза, «Тебе» Алемдара Караманова и Natural Selection Джейка Хегги.",user-facing factual content,none,high
teatrdoc-eisenstein-2026-10-12,why,editorial,Спектакль о художнике под давлением государственного заказа; минималистичный доковский формат и сильный материал.,keep,Спектакль о художнике под давлением государственного заказа; минималистичный доковский формат и сильный материал.,content-specific editorial reason,none,high
teatrdoc-eisenstein-2026-10-12,details,content,1 час 40 минут без антракта.,keep,1 час 40 минут без антракта.,user-facing factual content,none,high
bolshoi-rigoletto-2026-10-13-1500,why,technical,Подтверждённая позиция полного октябрьского sweep Большого театра.,remove,,confirmation/provenance is not an editorial reason,confirmed_placeholder,high
bolshoi-rigoletto-2026-10-13-1500,details,technical,Дата и площадка подтверждены актуальной афишей Большого театра.,remove,,source verification or internal process text without user-facing event content,pure_public_provenance,high
1948-prove-kalish,why,editorial,Два противоположных ответа Шостаковича на 1948 год — гротескный политический фарс и трагический вокальный цикл — в одной программе.,keep,Два противоположных ответа Шостаковича на 1948 год — гротескный политический фарс и трагический вокальный цикл — в одной программе.,content-specific editorial reason,none,high
1948-prove-kalish,details,content,"Дмитрий Шостакович — «Антиформалистический раёк» для баса, хора и фортепиано; вокальный цикл «Из еврейской народной поэзии» для сопрано, контральто и тенора. Концерт в двух отделениях.",keep,"Дмитрий Шостакович — «Антиформалистический раёк» для баса, хора и фортепиано; вокальный цикл «Из еврейской народной поэзии» для сопрано, контральто и тенора. Концерт в двух отделениях.",user-facing factual content,none,high
consv-bzk-beethoven-emelyanov-2026-10-13,why,generic,Содержательное событие официальной афиши Московской консерватории; добавлено при системном проходе до конца 2026 года.,remove,,generic placeholder plus internal pass provenance,generic_official_listing_system_pass,high
consv-bzk-beethoven-emelyanov-2026-10-13,details,empty,,no_action,,field is empty or absent,empty,high
mmdm-7350,why,technical,Подтверждённая позиция полного sweep Московского международного Дома музыки.,remove,,confirmation/provenance is not an editorial reason,confirmed_placeholder,high
mmdm-7350,details,technical,Событие подтверждено официальной афишей Московского международного Дома музыки.,remove,,source verification or internal process text without user-facing event content,pure_public_provenance,high
newopera-bach-ives-barber-2026-10-13,why,editorial,Очень нетипичная для оперного театра концертная программа — именно её легко пропустить.,keep,Очень нетипичная для оперного театра концертная программа — именно её легко пропустить.,content-specific editorial reason,none,high
newopera-bach-ives-barber-2026-10-13,details,content,"Концертная программа Баха, Айвза и Барбера.",keep,"Концертная программа Баха, Айвза и Барбера.",user-facing factual content,none,high
nikitskie-dear-elena-2026-10-13,why,generic,Репертуарная карточка: по театрам сохраняем практически весь доступный октябрьский репертуар.,remove,,"generic repertoire placeholder, not an editorial reason",repertoire_card_placeholder,high
nikitskie-dear-elena-2026-10-13,details,mixed,Октябрьская афиша театра. Билеты от 2500 ₽ по текущему агрегатору.,rewrite_existing_content_only,Билеты от 2500 ₽,"retain existing price fact, remove source/provenance wording",theatre_aggregator_price,high
phil-shishkin-2026-10-13,why,mixed,Сильный солист и крупная романтическая программа; достойный кандидат широкого календаря.,rewrite_existing_content_only,Сильный солист и крупная романтическая программа,"retain existing content clause, remove internal inclusion/process clause",content_plus_process_clause,high
phil-shishkin-2026-10-13,details,content,Чайковский — «Ромео и Джульетта» и Концерт № 1; Рахманинов — Рапсодия на тему Паганини.,keep,Чайковский — «Ромео и Джульетта» и Концерт № 1; Рахманинов — Рапсодия на тему Паганини.,user-facing factual content,none,high
phil-weinberg-quartets-2026-10-13,why,mixed,"Длинный последовательный цикл Вайнберга — именно тот тип редкого репертуара, ради которого нужен радар.",rewrite_existing_content_only,Длинный последовательный цикл Вайнберга.,retain only existing event-specific content; remove radar/contour/calendar/inclusion policy wording,process_clause_removed,high
phil-weinberg-quartets-2026-10-13,details,content,Бетховен — Фортепианный квартет № 2; Вайнберг — квартеты № 14 и № 15; Рахманинов — Элегическое трио № 1.,keep,Бетховен — Фортепианный квартет № 2; Вайнберг — квартеты № 14 и № 15; Рахманинов — Элегическое трио № 1.,user-facing factual content,none,high
rach-hall-russian-heritage-2026-10-13,why,editorial,"«Семь стихотворений Александра Блока» Шостаковича — камерная поздняя вещь, которая легко теряется в общей афише.",keep,"«Семь стихотворений Александра Блока» Шостаковича — камерная поздняя вещь, которая легко теряется в общей афише.",content-specific editorial reason,none,high
rach-hall-russian-heritage-2026-10-13,details,content,"Шостакович — «Семь стихотворений А. Блока», Соната для виолончели и фортепиано, Адажио из «Светлого ручья»; Сергей Евсеев; Татьяна Николаева.",keep,"Шостакович — «Семь стихотворений А. Блока», Соната для виолончели и фортепиано, Адажио из «Светлого ручья»; Сергей Евсеев; Татьяна Николаева.",user-facing factual content,none,high
zaryadye-dsch-milyukov-gergiev-2026-10-13,why,editorial,Вторая крупная дата DSCH подряд; важна как часть октябрьского шостаковичевского кластера.,keep,Вторая крупная дата DSCH подряд; важна как часть октябрьского шостаковичевского кластера.,content-specific editorial reason,none,high
zaryadye-dsch-milyukov-gergiev-2026-10-13,details,content,90 минут.,keep,90 минут.,user-facing factual content,none,high
drugoe-own-repertoire-2026-10-13,why,mixed,Независимый participatory-формат вокруг мировой драматургии; релевантен театральному discovery-контуру.,rewrite_existing_content_only,Независимый participatory-формат вокруг мировой драматургии,"retain existing format/content reason, remove discovery-process wording",content_plus_discovery,high
drugoe-own-repertoire-2026-10-13,details,content,"Октябрьские встречи 13 и 26 октября, сбор в 19:00, начало в 19:30. Участники читают по ролям случайно выбранные тексты мировой драматургии.",keep,"Октябрьские встречи 13 и 26 октября, сбор в 19:00, начало в 19:30. Участники читают по ролям случайно выбранные тексты мировой драматургии.",user-facing factual content,none,high
composers-moscow-autumn-probabilities-masm-2026-10-13,why,mixed,46-й фестиваль «Московская осень»: профильная программа современной музыки на обязательной малой площадке.,rewrite_existing_content_only,46-й фестиваль «Московская осень»: профильная программа современной музыки.,retain only existing event-specific content; remove radar/contour/calendar/inclusion policy wording,process_clause_removed,high
composers-moscow-autumn-probabilities-masm-2026-10-13,details,content,"13 октября, 19:00. Программа Московского ансамбля современной музыки: Карпенко, Д. Екимовский, Прокопенко, Юсупова.",keep,"13 октября, 19:00. Программа Московского ансамбля современной музыки: Карпенко, Д. Екимовский, Прокопенко, Юсупова.",user-facing factual content,none,high
gnesin-yanenko-nesterova-classes-2026-10-13,why,generic,Публичное событие актуальной афиши РАМ имени Гнесиных.,remove,,generic/process rationale does not state a concrete event-specific reason,public_current_listing_placeholder,high
gnesin-yanenko-nesterova-classes-2026-10-13,details,content,"13 октября, 19:00–21:00. Вокальная программа классов профессора М. В. Яненко и старшего преподавателя О. В. Нестеровой.",keep,"13 октября, 19:00–21:00. Вокальная программа классов профессора М. В. Яненко и старшего преподавателя О. В. Нестеровой.",user-facing factual content,none,high
doc-magritte-2026-10-13,why,generic,Репертуарная карточка: сохраняем постановку в полном театральном календаре.,remove,,"generic repertoire placeholder, not an editorial reason",repertoire_card_placeholder,high
doc-magritte-2026-10-13,details,content,13 октября. 55 минут.,keep,13 октября. 55 минут.,user-facing factual content,none,high
nations-ghosts-2026-10-13,why,editorial,Психологическая драма о распаде семьи — прямое попадание в театральный профиль.,keep,Психологическая драма о распаде семьи — прямое попадание в театральный профиль.,content-specific editorial reason,none,high
nations-ghosts-2026-10-13,details,content,13 и 14 октября. 1 час 40 минут без антракта.,keep,13 и 14 октября. 1 час 40 минут без антракта.,user-facing factual content,none,high
composers-moscow-autumn-snm-2026-10-14,why,mixed,Фестиваль современной музыки и профильный ансамбль; обязательная линия.,rewrite_existing_content_only,Фестиваль современной музыки и профильный ансамбль.,retain only existing event-specific content; remove radar/contour/calendar/inclusion policy wording,process_clause_removed,high
composers-moscow-autumn-snm-2026-10-14,details,content,"14 октября, 19:00. «Траектория звука»: Бриль, Губайдулина, Капырин, Озерская, Сафронов; ансамбль солистов «Студия новой музыки», дирижёр Игорь Дронов.",keep,"14 октября, 19:00. «Траектория звука»: Бриль, Губайдулина, Капырин, Озерская, Сафронов; ансамбль солистов «Студия новой музыки», дирижёр Игорь Дронов.",user-facing factual content,none,high
maly-zashchita-luzhina-2026-10-06,why,mixed,"Набоков и психологическая история шахматиста на малой сцене; гораздо ближе к профилю радара, чем массовая «классика для галочки».",rewrite_existing_content_only,Набоков и психологическая история шахматиста на малой сцене.,retain only existing event-specific content; remove radar/contour/calendar/inclusion policy wording,process_clause_removed,high
maly-zashchita-luzhina-2026-10-06,details,content,"6 октября спектакль отменён. Активные октябрьские показы: 14 и 25 октября. 2 ч 15 мин, один антракт.",keep,"6 октября спектакль отменён. Активные октябрьские показы: 14 и 25 октября. 2 ч 15 мин, один антракт.",user-facing factual content,none,high
bolshoi-player-ballet-2026-10-14,why,editorial,Мировая премьера балета по роману Достоевского; гастроли Севастопольского государственного театра оперы и балета.,keep,Мировая премьера балета по роману Достоевского; гастроли Севастопольского государственного театра оперы и балета.,content-specific editorial reason,none,high
bolshoi-player-ballet-2026-10-14,details,content,Гастрольные показы 14 и 15 октября в 19:00 на Новой сцене Большого.,keep,Гастрольные показы 14 и 15 октября в 19:00 на Новой сцене Большого.,user-facing factual content,none,high
bolshoi-rigoletto-2026-10-14-1900,why,technical,Подтверждённая позиция полного октябрьского sweep Большого театра.,remove,,confirmation/provenance is not an editorial reason,confirmed_placeholder,high
bolshoi-rigoletto-2026-10-14-1900,details,technical,Дата и площадка подтверждены актуальной афишей Большого театра.,remove,,source verification or internal process text without user-facing event content,pure_public_provenance,high
bronnaya-besy-2026-10-14,why,editorial,Длинное современное прочтение «Бесов» с полемической рамкой; один из очевидных кандидатов площадки.,keep,Длинное современное прочтение «Бесов» с полемической рамкой; один из очевидных кандидатов площадки.,content-specific editorial reason,none,high
bronnaya-besy-2026-10-14,details,content,3 часа 10 минут с двумя антрактами.,keep,3 часа 10 минут с двумя антрактами.,user-facing factual content,none,high
consv-bzk-savic-160-2026-10-14,why,generic,Содержательное событие официальной афиши Московской консерватории; добавлено при системном проходе до конца 2026 года.,remove,,generic placeholder plus internal pass provenance,generic_official_listing_system_pass,high
consv-bzk-savic-160-2026-10-14,details,empty,,no_action,,field is empty or absent,empty,high
consv-mzk-agasha-grigorieva-2026-10-14,why,generic,Содержательная дата Консерватории: Агаша Григорьева — скрипичный вечер.,remove,,generic content-date label repeats event content but does not explain why the event merits attention,conservatory_content_date_placeholder,high
consv-mzk-agasha-grigorieva-2026-10-14,details,content,Абонемент «Эдуард Грач представляет…»; программа не раскрыта.,keep,Абонемент «Эдуард Грач представляет…»; программа не раскрыта.,user-facing factual content,none,high
consv-rach-fisii-2026-10-14,why,technical,Подтверждено официальной октябрьской афишей Московской консерватории при контрольной сверке по дням.,remove,,confirmation/provenance is not an editorial reason,confirmed_placeholder,high
consv-rach-fisii-2026-10-14,details,technical,Точная формулировка подтверждена актуальной официальной афишей при сверке дневных страниц и официальных карточек.,remove,,source verification or internal process text without user-facing event content,pure_public_provenance,high
drugoe-italy-2026-10-14,why,editorial,"Смешанный салонный формат — кино, музыка, литература и разговор; вполне в рамке нового раздела.",keep,"Смешанный салонный формат — кино, музыка, литература и разговор; вполне в рамке нового раздела.",content-specific editorial reason,none,high
drugoe-italy-2026-10-14,details,content,"Кинопоказ, концерт и презентация книги.",keep,"Кинопоказ, концерт и презентация книги.",user-facing factual content,none,high
maly-balzaminov-oct26,why,generic,Репертуарная карточка: сохраняем постановку в полном театральном календаре.,remove,,"generic repertoire placeholder, not an editorial reason",repertoire_card_placeholder,high
maly-balzaminov-oct26,details,content,"14 и 21 октября. 3 часа, один антракт.",keep,"14 и 21 октября. 3 часа, один антракт.",user-facing factual content,none,high
maly-valkyries-oct26,why,generic,Репертуарная карточка: сохраняем постановку в полном театральном календаре.,remove,,"generic repertoire placeholder, not an editorial reason",repertoire_card_placeholder,high
maly-valkyries-oct26,details,content,"14 октября. 2 ч 30 мин, один антракт.",keep,"14 октября. 2 ч 30 мин, один антракт.",user-facing factual content,none,high
mayakovsky-onegin-2026-10-14,why,editorial,Перегудов и классический текст без требования «музейности» — один из профильных театральных узлов.,keep,Перегудов и классический текст без требования «музейности» — один из профильных театральных узлов.,content-specific editorial reason,none,high
mayakovsky-onegin-2026-10-14,details,content,14 и 26 октября. 3 часа с одним антрактом.,keep,14 и 26 октября. 3 часа с одним антрактом.,user-facing factual content,none,high
mmdm-6921,why,technical,Подтверждённая позиция полного sweep Московского международного Дома музыки.,remove,,confirmation/provenance is not an editorial reason,confirmed_placeholder,high
mmdm-6921,details,technical,Событие подтверждено официальной афишей Московского международного Дома музыки.,remove,,source verification or internal process text without user-facing event content,pure_public_provenance,high
mmdm-7313,why,technical,Подтверждённая позиция полного sweep Московского международного Дома музыки.,remove,,confirmation/provenance is not an editorial reason,confirmed_placeholder,high
mmdm-7313,details,technical,Событие подтверждено официальной афишей Московского международного Дома музыки.,remove,,source verification or internal process text without user-facing event content,pure_public_provenance,high
nikitskie-jobs-2026-10-14,why,generic,Репертуарная карточка: по театрам сохраняем практически весь доступный октябрьский репертуар.,remove,,"generic repertoire placeholder, not an editorial reason",repertoire_card_placeholder,high
nikitskie-jobs-2026-10-14,details,mixed,Октябрьская афиша театра. Билеты от 750 ₽ по текущему агрегатору.,rewrite_existing_content_only,Билеты от 750 ₽,"retain existing price fact, remove source/provenance wording",theatre_aggregator_price,high
okolo-man-from-podolsk-2026-10-14,why,generic,Содержательная театральная работа из приоритетного контура Культрадара.,remove,,generic/process rationale does not state a concrete event-specific reason,priority_contour_placeholder,high
okolo-man-from-podolsk-2026-10-14,details,empty,,no_action,,field is empty or absent,empty,high
phil-sirin-pokrov-2026-10-14,why,mixed,"Древнерусская духовная музыка — содержательно сильный и редкий контур, который нельзя отбрасывать как нишевый.",rewrite_existing_content_only,Древнерусская духовная музыка.,retain only existing event-specific content; remove radar/contour/calendar/inclusion policy wording,process_clause_removed,high
phil-sirin-pokrov-2026-10-14,details,content,Программа «Покров».,keep,Программа «Покров».,user-facing factual content,none,high
phil-virtuosi-schnittke-schoenberg-brahms-2026-10-14,why,mixed,"Шёнберг и Шнитке в крупном зале — содержательная программа, которую нельзя терять в общем календаре.",rewrite_existing_content_only,Шёнберг и Шнитке в крупном зале — содержательная программа.,retain only existing event-specific content; remove radar/contour/calendar/inclusion policy wording,process_clause_removed,high
phil-virtuosi-schnittke-schoenberg-brahms-2026-10-14,details,content,Шнитке — Сюита в старинном стиле; Шёнберг — «Просветлённая ночь»; Брамс — Квинтет для кларнета и струнных.,keep,Шнитке — Сюита в старинном стиле; Шёнберг — «Просветлённая ночь»; Брамс — Квинтет для кларнета и струнных.,user-facing factual content,none,high
sov-father-2026-10-14,why,editorial,Текст Зеллера о распаде восприятия и памяти — один из наиболее профильных психологических спектаклей репертуара.,keep,Текст Зеллера о распаде восприятия и памяти — один из наиболее профильных психологических спектаклей репертуара.,content-specific editorial reason,none,high
sov-father-2026-10-14,details,empty,,no_action,,field is empty or absent,empty,high
gnesin-anthology-rhythm-2026-10-14,why,generic,Публичное событие актуальной афиши РАМ имени Гнесиных.,remove,,generic/process rationale does not state a concrete event-specific reason,public_current_listing_placeholder,high
gnesin-anthology-rhythm-2026-10-14,details,content,"14 октября, 19:00–21:00. Концерт кафедры ударных инструментов из цикла «Антология ритма».",keep,"14 октября, 19:00–21:00. Концерт кафедры ударных инструментов из цикла «Антология ритма».",user-facing factual content,none,high
gnesin-zagorinsky-2026-10-14,why,generic,Публичное событие актуальной афиши РАМ имени Гнесиных.,remove,,generic/process rationale does not state a concrete event-specific reason,public_current_listing_placeholder,high
gnesin-zagorinsky-2026-10-14,details,content,"14 октября, 19:00–21:00. Концерт заслуженного артиста РФ, профессора Александра Загоринского.",keep,"14 октября, 19:00–21:00. Концерт заслуженного артиста РФ, профессора Александра Загоринского.",user-facing factual content,none,high
rassvet-satie-2026-10-14,why,mixed,Сати и история «странной музыки» — прямой профиль Культрадара.,rewrite_existing_content_only,Сати и история «странной музыки».,retain only existing event-specific content; remove radar/contour/calendar/inclusion policy wording,process_clause_removed,high
rassvet-satie-2026-10-14,details,content,Творческое объединение mader nort.,keep,Творческое объединение mader nort.,user-facing factual content,none,high
doc-life-fucked-2026-10-14,why,generic,Репертуарная карточка: сохраняем постановку в полном театральном календаре.,remove,,"generic repertoire placeholder, not an editorial reason",repertoire_card_placeholder,high
doc-life-fucked-2026-10-14,details,content,14 октября. 1 ч 10 мин.,keep,14 октября. 1 ч 10 мин.,user-facing factual content,none,high
doc-truth-dare-2026-10-14,why,generic,Репертуарная карточка: сохраняем постановку в полном театральном календаре.,remove,,"generic repertoire placeholder, not an editorial reason",repertoire_card_placeholder,high
doc-truth-dare-2026-10-14,details,content,14 октября. 1 ч 20 мин.,keep,14 октября. 1 ч 20 мин.,user-facing factual content,none,high
mesto-chuvak-2026-10-14,why,mixed,"Фёдоровская условность и сильный ансамбль; независимый театр, который легко пропустить вне площадочного радара.",rewrite_existing_content_only,Фёдоровская условность и сильный ансамбль.,retain only existing event-specific content; remove radar/contour/calendar/inclusion policy wording,process_clause_removed,high
mesto-chuvak-2026-10-14,details,content,"14 октября, 20:00. 1 час 30 минут без антракта.",keep,"14 октября, 20:00. 1 час 30 минут без антракта.",user-facing factual content,none,high
gnesin-cagmo-lana-adele-2026-10-14,why,generic,Публичное событие актуальной афиши РАМ имени Гнесиных.,remove,,generic/process rationale does not state a concrete event-specific reason,public_current_listing_placeholder,high
gnesin-cagmo-lana-adele-2026-10-14,details,content,"14 октября, 20:00. Симфонические аранжировки песен Ланы Дель Рей и Адель.",keep,"14 октября, 20:00. Симфонические аранжировки песен Ланы Дель Рей и Адель.",user-facing factual content,none,high
mm-prokofiev-love-dialogue-2026-10-15,why,generic,Камерная музейная программа; оставляем как кандидат широкого пула.,remove,,generic/process rationale does not state a concrete event-specific reason,pool_visibility_policy,high
mm-prokofiev-love-dialogue-2026-10-15,details,content,Концерт.,keep,Концерт.,user-facing factual content,none,high
arslonga-15oct,why,editorial,Сильный состав и Шостакович № 10; одновременно важен как конфликт с концертом Чижевского в тот же вечер.,keep,Сильный состав и Шостакович № 10; одновременно важен как конфликт с концертом Чижевского в тот же вечер.,content-specific editorial reason,none,high
arslonga-15oct,details,content,"П. И. Чайковский — Концерт для скрипки с оркестром ре мажор, соч. 35.\nД. Д. Шостакович — Симфония № 10.",keep,"П. И. Чайковский — Концерт для скрипки с оркестром ре мажор, соч. 35.\nД. Д. Шостакович — Симфония № 10.",user-facing factual content,none,high
bolshoi-player-ballet-2026-10-15,why,editorial,Мировая премьера балета по роману Достоевского; гастроли Севастопольского государственного театра оперы и балета.,keep,Мировая премьера балета по роману Достоевского; гастроли Севастопольского государственного театра оперы и балета.,content-specific editorial reason,none,high
bolshoi-player-ballet-2026-10-15,details,content,Гастрольные показы 14 и 15 октября в 19:00 на Новой сцене Большого.,keep,Гастрольные показы 14 и 15 октября в 19:00 на Новой сцене Большого.,user-facing factual content,none,high
bolshoi-rigoletto-2026-10-15-1900,why,technical,Подтверждённая позиция полного октябрьского sweep Большого театра.,remove,,confirmation/provenance is not an editorial reason,confirmed_placeholder,high
bolshoi-rigoletto-2026-10-15-1900,details,technical,Дата и площадка подтверждены актуальной афишей Большого театра.,remove,,source verification or internal process text without user-facing event content,pure_public_provenance,high
chizhevsky-15oct,why,editorial,Сильная драматургия вечера: оркестровый Бах — Стоковский и Восьмая симфония Шостаковича. Прямой конкурент ArsLonga в тот же час.,keep,Сильная драматургия вечера: оркестровый Бах — Стоковский и Восьмая симфония Шостаковича. Прямой конкурент ArsLonga в тот же час.,content-specific editorial reason,none,high
chizhevsky-15oct,details,content,"И. С. Бах — Л. Стоковский: Komm, süßer Tod.\nД. Д. Шостакович — Симфония № 8 до минор, соч. 65.",keep,"И. С. Бах — Л. Стоковский: Komm, süßer Tod.\nД. Д. Шостакович — Симфония № 8 до минор, соч. 65.",user-facing factual content,none,high
consv-mzk-two-pianos-melnikov-tarasevich-2026-10-15,why,generic,Содержательное событие официальной афиши Московской консерватории; добавлено при системном проходе до конца 2026 года.,remove,,generic placeholder plus internal pass provenance,generic_official_listing_system_pass,high
consv-mzk-two-pianos-melnikov-tarasevich-2026-10-15,details,empty,,no_action,,field is empty or absent,empty,high
consv-rach-composition-dept-2026-10-15,why,mixed,Ключевая программа текущего sweep Консерватории: Кафедра сочинения Московской консерватории.,rewrite_existing_content_only,Кафедра сочинения Московской консерватории.,remove sweep provenance and retain the existing program core,key_program_sweep_prefix,high
consv-rach-composition-dept-2026-10-15,details,content,Авторская программа молодых композиторов; состав произведений не опубликован.,keep,Авторская программа молодых композиторов; состав произведений не опубликован.,user-facing factual content,none,high
maly-little-tragedies-oct26,why,generic,Репертуарная карточка: сохраняем постановку в полном театральном календаре.,remove,,"generic repertoire placeholder, not an editorial reason",repertoire_card_placeholder,high
maly-little-tragedies-oct26,details,content,"15 октября. 3 часа, два антракта.",keep,"15 октября. 3 часа, два антракта.",user-facing factual content,none,high
maly-windsor-wives-oct26,why,generic,Репертуарная карточка: сохраняем постановку в полном театральном календаре.,remove,,"generic repertoire placeholder, not an editorial reason",repertoire_card_placeholder,high
maly-windsor-wives-oct26,details,content,"15 и 25 октября. 2 ч 30 мин, один антракт.",keep,"15 и 25 октября. 2 ч 30 мин, один антракт.",user-facing factual content,none,high
mmdm-6922,why,technical,Подтверждённая позиция полного sweep Московского международного Дома музыки.,remove,,confirmation/provenance is not an editorial reason,confirmed_placeholder,high
mmdm-6922,details,technical,Событие подтверждено официальной афишей Московского международного Дома музыки.,remove,,source verification or internal process text without user-facing event content,pure_public_provenance,high
mmdm-7069,why,technical,Подтверждённая позиция полного sweep Московского международного Дома музыки.,remove,,confirmation/provenance is not an editorial reason,confirmed_placeholder,high
mmdm-7069,details,technical,Событие подтверждено официальной афишей Московского международного Дома музыки.,remove,,source verification or internal process text without user-facing event content,pure_public_provenance,high
nikitskie-dancing-men-2026-10-15,why,generic,Репертуарная карточка: по театрам сохраняем практически весь доступный октябрьский репертуар.,remove,,"generic repertoire placeholder, not an editorial reason",repertoire_card_placeholder,high
nikitskie-dancing-men-2026-10-15,details,mixed,Октябрьская афиша театра. Билеты от 750 ₽ по текущему агрегатору.,rewrite_existing_content_only,Билеты от 750 ₽,"retain existing price fact, remove source/provenance wording",theatre_aggregator_price,high
nikitskie-morphine-2026-10-15,why,generic,Репертуарная карточка: по театрам сохраняем практически весь доступный октябрьский репертуар.,remove,,"generic repertoire placeholder, not an editorial reason",repertoire_card_placeholder,high
nikitskie-morphine-2026-10-15,details,mixed,Октябрьская афиша театра. Билеты от 2500 ₽ по текущему агрегатору.,rewrite_existing_content_only,Билеты от 2500 ₽,"retain existing price fact, remove source/provenance wording",theatre_aggregator_price,high
okolo-cherry-orchard-2026-10-15,why,generic,Содержательная театральная работа из приоритетного контура Культрадара.,remove,,generic/process rationale does not state a concrete event-specific reason,priority_contour_placeholder,high
okolo-cherry-orchard-2026-10-15,details,empty,,no_action,,field is empty or absent,empty,high
phil-fritz-lang-tired-death-2026-10-15,why,editorial,"Кино + живая актуальная музыка — сильный междисциплинарный формат, а не декоративный кинопоказ.",keep,"Кино + живая актуальная музыка — сильный междисциплинарный формат, а не декоративный кинопоказ.",content-specific editorial reason,none,high
phil-fritz-lang-tired-death-2026-10-15,details,content,Показ фильма Фрица Ланга «Усталая смерть» (1921) с живым музыкальным сопровождением.,keep,Показ фильма Фрица Ланга «Усталая смерть» (1921) с живым музыкальным сопровождением.,user-facing factual content,none,high
composers-moscow-autumn-central-military-2026-10-15,why,mixed,46-й фестиваль «Московская осень»: профильная программа современной музыки на обязательной малой площадке.,rewrite_existing_content_only,46-й фестиваль «Московская осень»: профильная программа современной музыки.,retain only existing event-specific content; remove radar/contour/calendar/inclusion policy wording,process_clause_removed,high
composers-moscow-autumn-central-military-2026-10-15,details,content,"15 октября, 19:00. Новая и недавняя музыка для духового оркестра.",keep,"15 октября, 19:00. Новая и недавняя музыка для духового оркестра.",user-facing factual content,none,high
niko-papoyan-chopin-liszt-2026-10-15,why,editorial,Сильный молодой пианист и классическая сольная программа на камерной площадке.,keep,Сильный молодой пианист и классическая сольная программа на камерной площадке.,content-specific editorial reason,none,high
niko-papoyan-chopin-liszt-2026-10-15,details,content,"15 октября, 19:30. Фортепианный вечер: Шопен, Лист.",keep,"15 октября, 19:30. Фортепианный вечер: Шопен, Лист.",user-facing factual content,none,high
doc-exit-2026-10-15,why,generic,Репертуарная карточка: сохраняем постановку в полном театральном календаре.,remove,,"generic repertoire placeholder, not an editorial reason",repertoire_card_placeholder,high
doc-exit-2026-10-15,details,content,15 октября. Премьера. 1 ч 40 мин.,keep,15 октября. Премьера. 1 ч 40 мин.,user-facing factual content,none,high
electro-cricket-2026-10-15,why,generic,Содержательная театральная работа из приоритетного контура Культрадара.,remove,,generic/process rationale does not state a concrete event-specific reason,priority_contour_placeholder,high
electro-cricket-2026-10-15,details,content,По мотивам сказок Тоона Теллегена. Основная сцена.,keep,По мотивам сказок Тоона Теллегена. Основная сцена.,user-facing factual content,none,high
mm-prokofiev-shostakovich-teachers-2026-10-16,why,editorial,"Тематическая линия вокруг Шостаковича, а не очередной сборный концерт.",keep,"Тематическая линия вокруг Шостаковича, а не очередной сборный концерт.",content-specific editorial reason,none,high
mm-prokofiev-shostakovich-teachers-2026-10-16,details,content,Концерт «Шостакович и его учителя».,keep,Концерт «Шостакович и его учителя».,user-facing factual content,none,high
mm-tchaikovsky-feelings-2026-10-16,why,generic,Нормальная камерная программа для музейного контура.,remove,,generic/process rationale does not state a concrete event-specific reason,contour_placeholder,high
mm-tchaikovsky-feelings-2026-10-16,details,content,Концерт.,keep,Концерт.,user-facing factual content,none,high
praktika-stop-2026-10-16,why,generic,Репертуарная карточка: сохраняем постановку в полном театральном календаре.,remove,,"generic repertoire placeholder, not an editorial reason",repertoire_card_placeholder,high
praktika-stop-2026-10-16,details,content,16 октября. Время сверить на странице спектакля.,keep,16 октября. Время сверить на странице спектакля.,user-facing factual content,none,high
maly-night-tender-2026-10-16,why,editorial,"Камерная психологическая работа по Фицджеральду; лучше соответствует профилю, чем большая часть репертуарной классики Малого.",keep,"Камерная психологическая работа по Фицджеральду; лучше соответствует профилю, чем большая часть репертуарной классики Малого.",content-specific editorial reason,none,high
maly-night-tender-2026-10-16,details,content,"16 и 25 октября; далее 17 и 26 ноября, 16 декабря. 1 ч 50 мин без антракта.",keep,"16 и 25 октября; далее 17 и 26 ноября, 16 декабря. 1 ч 50 мин без антракта.",user-facing factual content,none,high
bolshoi-carmen-suite-2026-10-16-1900,why,technical,Подтверждённая позиция полного октябрьского sweep Большого театра.,remove,,confirmation/provenance is not an editorial reason,confirmed_placeholder,high
bolshoi-carmen-suite-2026-10-16-1900,details,technical,Дата и площадка подтверждены актуальной афишей Большого театра.,remove,,source verification or internal process text without user-facing event content,pure_public_provenance,high
consv-bzk-seasons-vivaldi-piazzolla-2026-10-16,why,technical,Подтверждено официальной октябрьской афишей Московской консерватории при контрольной сверке по дням.,remove,,confirmation/provenance is not an editorial reason,confirmed_placeholder,high
consv-bzk-seasons-vivaldi-piazzolla-2026-10-16,details,technical,Событие подтверждено календарём Московской консерватории; дополнительные детали следует брать из актуальной официальной карточки.,remove,,source verification or internal process text without user-facing event content,pure_public_provenance,high
consv-mzk-slovachevsky-kashpurin-2026-10-16,why,generic,Содержательное событие официальной афиши Московской консерватории; добавлено при системном проходе до конца 2026 года.,remove,,generic placeholder plus internal pass provenance,generic_official_listing_system_pass,high
consv-mzk-slovachevsky-kashpurin-2026-10-16,details,empty,,no_action,,field is empty or absent,empty,high
dost-russian-culture-xiii-xv-2026-10-16,why,editorial,"Сильный музейный формат на стыке искусства, литературы и истории культуры, а не просто обзор политической истории.",keep,"Сильный музейный формат на стыке искусства, литературы и истории культуры, а не просто обзор политической истории.",content-specific editorial reason,none,high
dost-russian-culture-xiii-xv-2026-10-16,details,content,"Живопись и прикладное искусство XIII–XV веков, книжная культура, памятники Куликовского цикла и становление Москвы как культурного центра.",keep,"Живопись и прикладное искусство XIII–XV веков, книжная культура, памятники Куликовского цикла и становление Москвы как культурного центра.",user-facing factual content,none,high
maly-physicists-oct26,why,generic,Репертуарная карточка: сохраняем постановку в полном театральном календаре.,remove,,"generic repertoire placeholder, not an editorial reason",repertoire_card_placeholder,high
maly-physicists-oct26,details,content,"16 октября. 2 ч 40 мин, один антракт.",keep,"16 октября. 2 ч 40 мин, один антракт.",user-facing factual content,none,high
maly-wise-man-oct26,why,generic,Репертуарная карточка: сохраняем постановку в полном театральном календаре.,remove,,"generic repertoire placeholder, not an editorial reason",repertoire_card_placeholder,high
maly-wise-man-oct26,details,content,"16 октября. 3 ч 20 мин, один антракт.",keep,"16 октября. 3 ч 20 мин, один антракт.",user-facing factual content,none,high
mamt-cherry-orchard-2026-10-16,why,editorial,Мировая премьера и двойная хореографическая оптика на Чехова; до отзывов — только «обратить внимание».,keep,Мировая премьера и двойная хореографическая оптика на Чехова; до отзывов — только «обратить внимание».,content-specific editorial reason,none,high
mamt-cherry-orchard-2026-10-16,details,content,Премьерные показы 16–19 октября 2026. Диана Вишнёва и примы МАМТ заявлены в партии Раневской. Точную продолжительность нужно дочитать на карточке постановки.,keep,Премьерные показы 16–19 октября 2026. Диана Вишнёва и примы МАМТ заявлены в партии Раневской. Точную продолжительность нужно дочитать на карточке постановки.,user-facing factual content,none,high
mm-golovanov-rachmaninov-2026-10-16,why,editorial,"Рахманинов в пространстве, напрямую связанном с Головановым и Неждановой.",keep,"Рахманинов в пространстве, напрямую связанном с Головановым и Неждановой.",content-specific editorial reason,none,high
mm-golovanov-rachmaninov-2026-10-16,details,content,75 минут без антракта.,keep,75 минут без антракта.,user-facing factual content,none,high
mmdm-6923,why,technical,Подтверждённая позиция полного sweep Московского международного Дома музыки.,remove,,confirmation/provenance is not an editorial reason,confirmed_placeholder,high
mmdm-6923,details,technical,Событие подтверждено официальной афишей Московского международного Дома музыки.,remove,,source verification or internal process text without user-facing event content,pure_public_provenance,high
mmdm-7022,why,technical,Подтверждённая позиция полного sweep Московского международного Дома музыки.,remove,,confirmation/provenance is not an editorial reason,confirmed_placeholder,high
mmdm-7022,details,technical,Событие подтверждено официальной афишей Московского международного Дома музыки.,remove,,source verification or internal process text without user-facing event content,pure_public_provenance,high
mmdm-7403,why,technical,Подтверждённая позиция полного sweep Московского международного Дома музыки.,remove,,confirmation/provenance is not an editorial reason,confirmed_placeholder,high
mmdm-7403,details,technical,Событие подтверждено официальной афишей Московского международного Дома музыки.,remove,,source verification or internal process text without user-facing event content,pure_public_provenance,high
nikitskie-karenina-lecture-2026-10-16,why,generic,Репертуарная карточка: по театрам сохраняем практически весь доступный октябрьский репертуар.,remove,,"generic repertoire placeholder, not an editorial reason",repertoire_card_placeholder,high
nikitskie-karenina-lecture-2026-10-16,details,mixed,Октябрьская афиша театра. Билеты от 1000 ₽ по текущему агрегатору.,rewrite_existing_content_only,Билеты от 1000 ₽,"retain existing price fact, remove source/provenance wording",theatre_aggregator_price,high
nikitskie-yesenin-2026-10-16,why,generic,Репертуарная карточка: по театрам сохраняем практически весь доступный октябрьский репертуар.,remove,,"generic repertoire placeholder, not an editorial reason",repertoire_card_placeholder,high
nikitskie-yesenin-2026-10-16,details,mixed,Октябрьская афиша театра. Билеты от 1500 ₽ по текущему агрегатору.,rewrite_existing_content_only,Билеты от 1500 ₽,"retain existing price fact, remove source/provenance wording",theatre_aggregator_price,high
phil-beethoven-universe-2026-10-16,why,technical,Подтверждённая дата полного sweep Московской филармонии до 31.12.2026; включена в широкий календарь без вкусового отсева.,remove,,confirmation/provenance is not an editorial reason,confirmed_placeholder,high
phil-beethoven-universe-2026-10-16,details,content,Шпор — Концерт №2 для скрипки с оркестром; Шпор — увертюра «Фауст»; Бетховен — Симфония №6 «Пасторальная»,keep,Шпор — Концерт №2 для скрипки с оркестром; Шпор — увертюра «Фауст»; Бетховен — Симфония №6 «Пасторальная»,user-facing factual content,none,high
phil-east-west-toncheva-2026-10-16,why,mixed,Широкий подтверждённый слой Камерного зала: программа на стыке исторических и традиционных инструментов; не отсекаем заранее.,rewrite_existing_content_only,Программа на стыке исторических и традиционных инструментов.,retain existing program characteristic; remove layer/inclusion policy,manual_why_process_clause,high
phil-east-west-toncheva-2026-10-16,details,technical,Официальная афиша подтверждает концерт «Восток и Запад» и состав исполнителей.,remove,,source verification or internal process text without user-facing event content,pure_public_provenance,high
sphere-rainmaker-2026-10-16,why,generic,Содержательная театральная работа из приоритетного контура Культрадара.,remove,,generic/process rationale does not state a concrete event-specific reason,priority_contour_placeholder,high
sphere-rainmaker-2026-10-16,details,empty,,no_action,,field is empty or absent,empty,high
zaryadye-minsk-choir-2026-10-16,why,mixed,Хоровая программа Зарядья; широкий календарь сохраняет такие события без завышения статуса.,rewrite_existing_content_only,Хоровая программа Зарядья,"retain existing content clause, remove internal inclusion/process clause",content_plus_process_clause,high
zaryadye-minsk-choir-2026-10-16,details,content,Хоровой концерт.,keep,Хоровой концерт.,user-facing factual content,none,high
drugoe-new-wave-grammy-2026-10-16,why,editorial,Современная джазовая программа с репертуаром последних лауреатов и номинантов Grammy.,keep,Современная джазовая программа с репертуаром последних лауреатов и номинантов Grammy.,content-specific editorial reason,none,high
drugoe-new-wave-grammy-2026-10-16,details,content,"16 октября, 19:00–21:00. Программа современной джазовой сцены: Самара Джой, Джазмейя Хорн, Курт Эллинг, Бенни Грин и др.",keep,"16 октября, 19:00–21:00. Программа современной джазовой сцены: Самара Джой, Джазмейя Хорн, Курт Эллинг, Бенни Грин и др.",user-facing factual content,none,high
composers-moscow-autumn-popov-choir-2026-10-16,why,mixed,46-й фестиваль «Московская осень»: профильная программа современной музыки на обязательной малой площадке.,rewrite_existing_content_only,46-й фестиваль «Московская осень»: профильная программа современной музыки.,retain only existing event-specific content; remove radar/contour/calendar/inclusion policy wording,process_clause_removed,high
composers-moscow-autumn-popov-choir-2026-10-16,details,content,"16 октября, 19:00. Современная хоровая программа на стихи Вознесенского, Лорки, Сёдергран и других авторов.",keep,"16 октября, 19:00. Современная хоровая программа на стихи Вознесенского, Лорки, Сёдергран и других авторов.",user-facing factual content,none,high
gnesin-piano-department-2026-10-16,why,generic,Публичное событие актуальной афиши РАМ имени Гнесиных.,remove,,generic/process rationale does not state a concrete event-specific reason,public_current_listing_placeholder,high
gnesin-piano-department-2026-10-16,details,content,"16 октября, 19:00–21:00. Публичный концерт кафедры фортепиано.",keep,"16 октября, 19:00–21:00. Публичный концерт кафедры фортепиано.",user-facing factual content,none,high
gnesin-symphony-orchestra-2026-10-16,why,generic,Публичное событие актуальной афиши РАМ имени Гнесиных.,remove,,generic/process rationale does not state a concrete event-specific reason,public_current_listing_placeholder,high
gnesin-symphony-orchestra-2026-10-16,details,content,"16 октября, 19:00–21:00. Концерт Симфонического оркестра РАМ имени Гнесиных.",keep,"16 октября, 19:00–21:00. Концерт Симфонического оркестра РАМ имени Гнесиных.",user-facing factual content,none,high
voz-kharms-2026-10-16,why,generic,Содержательная программа Центра Вознесенского; добавлена как часть полного прохода источников.,remove,,generic/process rationale does not state a concrete event-specific reason,full_source_pass_placeholder,high
voz-kharms-2026-10-16,details,technical,Подтверждено официальной страницей события.,remove,,source verification or internal process text without user-facing event content,pure_public_provenance,high
rassvet-bill-evans-village-vanguard-2026-10-16,why,editorial,Оммаж одному из ключевых альбомов фортепианного трио; содержательный джазовый вечер площадки.,keep,Оммаж одному из ключевых альбомов фортепианного трио; содержательный джазовый вечер площадки.,content-specific editorial reason,none,high
rassvet-bill-evans-village-vanguard-2026-10-16,details,content,"16 октября, 19:30. Шестой концерт цикла «Оммаж джазу»: программа вокруг альбома Sunday At The Village Vanguard и стандартов из репертуара Билла Эванса.",keep,"16 октября, 19:30. Шестой концерт цикла «Оммаж джазу»: программа вокруг альбома Sunday At The Village Vanguard и стандартов из репертуара Билла Эванса.",user-facing factual content,none,high
electro-cricket-2026-10-16,why,generic,Содержательная театральная работа из приоритетного контура Культрадара.,remove,,generic/process rationale does not state a concrete event-specific reason,priority_contour_placeholder,high
electro-cricket-2026-10-16,details,content,По мотивам сказок Тоона Теллегена. Основная сцена.,keep,По мотивам сказок Тоона Теллегена. Основная сцена.,user-facing factual content,none,high
mm-golden-rodnik-2026-10-17,why,generic,Камерное музейное событие; сохраняем в широком пуле.,remove,,generic/process rationale does not state a concrete event-specific reason,pool_visibility_policy,high
mm-golden-rodnik-2026-10-17,details,content,Концерт на площадке музея-квартиры.,keep,Концерт на площадке музея-квартиры.,user-facing factual content,none,high
praktika-brodsky-block-2026-10-17,why,generic,Репертуарная карточка: сохраняем постановку в полном театральном календаре.,remove,,"generic repertoire placeholder, not an editorial reason",repertoire_card_placeholder,high
praktika-brodsky-block-2026-10-17,details,content,17 октября. Время сверить на странице спектакля.,keep,17 октября. Время сверить на странице спектакля.,user-facing factual content,none,high
bolshoi-carmen-suite-2026-10-17-1200,why,technical,Подтверждённая позиция полного октябрьского sweep Большого театра.,remove,,confirmation/provenance is not an editorial reason,confirmed_placeholder,high
bolshoi-carmen-suite-2026-10-17-1200,details,technical,Дата и площадка подтверждены актуальной афишей Большого театра.,remove,,source verification or internal process text without user-facing event content,pure_public_provenance,high
gnesin-saturday-matinee-2026-10-17,why,generic,Публичное событие актуальной афиши РАМ имени Гнесиных.,remove,,generic/process rationale does not state a concrete event-specific reason,public_current_listing_placeholder,high
gnesin-saturday-matinee-2026-10-17,details,content,"17 октября, 12:00–14:00. Инструментальная и вокальная программа.",keep,"17 октября, 12:00–14:00. Инструментальная и вокальная программа.",user-facing factual content,none,high
mmdm-6924,why,technical,Подтверждённая позиция полного sweep Московского международного Дома музыки.,remove,,confirmation/provenance is not an editorial reason,confirmed_placeholder,high
mmdm-6924,details,technical,Событие подтверждено официальной афишей Московского международного Дома музыки.,remove,,source verification or internal process text without user-facing event content,pure_public_provenance,high
zaryadye-spivakov-scholars-2026-10-17,why,technical,Подтверждено официальной афишей Зала Зарядье в контрольном sweep октября–декабря 2026.,remove,,confirmation/provenance is not an editorial reason,confirmed_placeholder,high
zaryadye-spivakov-scholars-2026-10-17,details,technical,Событие подтверждено официальной афишей Зала Зарядье; актуальные программа и состав — по карточке источника.,remove,,source verification or internal process text without user-facing event content,pure_public_provenance,high
consv-bzk-day-2026-10-17,why,technical,Подтверждено официальной октябрьской афишей Московской консерватории при контрольной сверке по дням.,remove,,confirmation/provenance is not an editorial reason,confirmed_placeholder,high
consv-bzk-day-2026-10-17,details,technical,Точная формулировка подтверждена актуальной официальной афишей при сверке дневных страниц и официальных карточек.,remove,,source verification or internal process text without user-facing event content,pure_public_provenance,high
consv-rach-day-2026-10-17,why,technical,Подтверждено официальной октябрьской афишей Московской консерватории при контрольной сверке по дням.,remove,,confirmation/provenance is not an editorial reason,confirmed_placeholder,high
consv-rach-day-2026-10-17,details,technical,Точная формулировка подтверждена актуальной официальной афишей при сверке дневных страниц и официальных карточек.,remove,,source verification or internal process text without user-facing event content,pure_public_provenance,high
mmdm-7124,why,technical,Подтверждённая позиция полного sweep Московского международного Дома музыки.,remove,,confirmation/provenance is not an editorial reason,confirmed_placeholder,high
mmdm-7124,details,technical,Событие подтверждено официальной афишей Московского международного Дома музыки.,remove,,source verification or internal process text without user-facing event content,pure_public_provenance,high
myaskovsky-musical-fairy-tales-2026-10-17,why,technical,Подтверждено официальной афишей Московской консерватории при полном повторном sweep зала Мясковского за октябрь 2026.,remove,,confirmation/provenance is not an editorial reason,confirmed_placeholder,high
myaskovsky-musical-fairy-tales-2026-10-17,details,technical,Публичная позиция официальной афиши; редакционная приоритизация отделена от факта включения.,remove,,source verification or internal process text without user-facing event content,pure_public_provenance,high
voz-poetry-outside-sound-2026-10-17,why,editorial,Встреча о звуковой поэзии — от футуризма до акустического перформанса.,keep,Встреча о звуковой поэзии — от футуризма до акустического перформанса.,content-specific editorial reason,none,high
voz-poetry-outside-sound-2026-10-17,details,content,"17 октября, 14:00. Туфанов, Хлебников, Чичерин, Швиттерс, Анри Шопен, Рауль Хаусман.",keep,"17 октября, 14:00. Туфанов, Хлебников, Чичерин, Швиттерс, Анри Шопен, Рауль Хаусман.",user-facing factual content,none,high
doc-lonely-hearts-2026-10-17,why,generic,Репертуарная карточка: сохраняем постановку в полном театральном календаре.,remove,,"generic repertoire placeholder, not an editorial reason",repertoire_card_placeholder,high
doc-lonely-hearts-2026-10-17,details,content,17 октября. Продолжительность сверить.,keep,17 октября. Продолжительность сверить.,user-facing factual content,none,high
ges2-historic-5,why,editorial,Часть полной реконструкции рубинштейновского цикла 1885/86; каждый вечер — самостоятельная историческая программа.,keep,Часть полной реконструкции рубинштейновского цикла 1885/86; каждый вечер — самостоятельная историческая программа.,content-specific editorial reason,none,high
ges2-historic-5,details,content,"Клементи, Филд, Гуммель, Мошелес, Гензельт, Тальберг, Лист. Продолжительность: 4 часа.",keep,"Клементи, Филд, Гуммель, Мошелес, Гензельт, Тальберг, Лист. Продолжительность: 4 часа.",user-facing factual content,none,high
maly-dogs-heart-oct26,why,generic,Репертуарная карточка: сохраняем постановку в полном театральном календаре.,remove,,"generic repertoire placeholder, not an editorial reason",repertoire_card_placeholder,high
maly-dogs-heart-oct26,details,content,"17 октября. 2 ч 30 мин, один антракт.",keep,"17 октября. 2 ч 30 мин, один антракт.",user-facing factual content,none,high
bolshoi-carmen-suite-2026-10-17-1900,why,technical,Подтверждённая позиция полного октябрьского sweep Большого театра.,remove,,confirmation/provenance is not an editorial reason,confirmed_placeholder,high
bolshoi-carmen-suite-2026-10-17-1900,details,technical,Дата и площадка подтверждены актуальной афишей Большого театра.,remove,,source verification or internal process text without user-facing event content,pure_public_provenance,high
bolshoi-don-carlo-2026-10-17-1900,why,technical,Подтверждённая позиция полного октябрьского sweep Большого театра.,remove,,confirmation/provenance is not an editorial reason,confirmed_placeholder,high
bolshoi-don-carlo-2026-10-17-1900,details,technical,Дата и площадка подтверждены актуальной афишей Большого театра.,remove,,source verification or internal process text without user-facing event content,pure_public_provenance,high
composers-opensound-2026-10-17,why,editorial,Современный оркестр и фестивальный контекст.,keep,Современный оркестр и фестивальный контекст.,content-specific editorial reason,none,high
composers-opensound-2026-10-17,details,content,"17 октября, 19:00. «Между прошлым и будущим»: OpensoundOrchestra, художественный руководитель и дирижёр Станислав Малышев; Кокжаев, Николаев, Раева, Поспелов, Подгайц.",keep,"17 октября, 19:00. «Между прошлым и будущим»: OpensoundOrchestra, художественный руководитель и дирижёр Станислав Малышев; Кокжаев, Николаев, Раева, Поспелов, Подгайц.",user-facing factual content,none,high
consv-bzk-rudenko-tchaikovsky-grieg-2026-10-17,why,generic,Содержательное событие официальной афиши Московской консерватории; добавлено при системном проходе до конца 2026 года.,remove,,generic placeholder plus internal pass provenance,generic_official_listing_system_pass,high
consv-bzk-rudenko-tchaikovsky-grieg-2026-10-17,details,empty,,no_action,,field is empty or absent,empty,high
electro-talents-2026-10-17,why,generic,Содержательная театральная работа из приоритетного контура Культрадара.,remove,,generic/process rationale does not state a concrete event-specific reason,priority_contour_placeholder,high
electro-talents-2026-10-17,details,empty,,no_action,,field is empty or absent,empty,high
ile-composer-readings-2026-10-17,why,editorial,Семь мировых премьер и нестандартные составы — реальный срез текущей российской камерной музыки.,keep,Семь мировых премьер и нестандартные составы — реальный срез текущей российской камерной музыки.,content-specific editorial reason,none,high
ile-composer-readings-2026-10-17,details,content,"17 октября, 19:00. Финальный концерт лаборатории «Композиторские читки»: восемь современных композиторов, семь мировых премьер; Квартет солистов.",keep,"17 октября, 19:00. Финальный концерт лаборатории «Композиторские читки»: восемь современных композиторов, семь мировых премьер; Квартет солистов.",user-facing factual content,none,high
mmdm-6926,why,technical,Подтверждённая позиция полного sweep Московского международного Дома музыки.,remove,,confirmation/provenance is not an editorial reason,confirmed_placeholder,high
mmdm-6926,details,technical,Событие подтверждено официальной афишей Московского международного Дома музыки.,remove,,source verification or internal process text without user-facing event content,pure_public_provenance,high
mmdm-7125,why,technical,Подтверждённая позиция полного sweep Московского международного Дома музыки.,remove,,confirmation/provenance is not an editorial reason,confirmed_placeholder,high
mmdm-7125,details,technical,Событие подтверждено официальной афишей Московского международного Дома музыки.,remove,,source verification or internal process text without user-facing event content,pure_public_provenance,high
myaskovsky-musical-bridges-2026-10-17,why,editorial,Редкая линия от Рославца и Караманова к современным авторам.,keep,Редкая линия от Рославца и Караманова к современным авторам.,content-specific editorial reason,none,high
myaskovsky-musical-bridges-2026-10-17,details,content,"Хасаншин, Синякова, Варламов, Караманов, Ровнер, Немтин, Крейчи, Рославец, Э. Томас.",keep,"Хасаншин, Синякова, Варламов, Караманов, Ровнер, Немтин, Крейчи, Рославец, Э. Томас.",user-facing factual content,none,high
nikitskie-capdaughter-2026-10-17,why,generic,Репертуарная карточка: по театрам сохраняем практически весь доступный октябрьский репертуар.,remove,,"generic repertoire placeholder, not an editorial reason",repertoire_card_placeholder,high
nikitskie-capdaughter-2026-10-17,details,mixed,Октябрьская афиша театра. Билеты от 1000 ₽ по текущему агрегатору.,rewrite_existing_content_only,Билеты от 1000 ₽,"retain existing price fact, remove source/provenance wording",theatre_aggregator_price,high
nikitskie-yunna-morits-2026-10-17,why,generic,Репертуарная карточка: по театрам сохраняем практически весь доступный октябрьский репертуар.,remove,,"generic repertoire placeholder, not an editorial reason",repertoire_card_placeholder,high
nikitskie-yunna-morits-2026-10-17,details,mixed,Октябрьская афиша театра. Билеты от 1500 ₽ по текущему агрегатору.,rewrite_existing_content_only,Билеты от 1500 ₽,"retain existing price fact, remove source/provenance wording",theatre_aggregator_price,high
phil-grindenko-french-baroque-2026-10-17,why,editorial,Прямой watchlist: Гринденко + французское барокко + Рамо.,keep,Прямой watchlist: Гринденко + французское барокко + Рамо.,content-specific editorial reason,none,high
phil-grindenko-french-baroque-2026-10-17,details,content,"Куперен, Корретт, Рамо, Буамортье.",keep,"Куперен, Корретт, Рамо, Буамортье.",user-facing factual content,none,high
phil-symphonic-kind-blue-2026-10-17,why,editorial,"Не академический центр профиля, но серьёзный межжанровый проект с оркестром, а не generic crossover.",keep,"Не академический центр профиля, но серьёзный межжанровый проект с оркестром, а не generic crossover.",content-specific editorial reason,none,high
phil-symphonic-kind-blue-2026-10-17,details,content,Программа к 100-летию со дня рождения Майлза Дэвиса.,keep,Программа к 100-летию со дня рождения Майлза Дэвиса.,user-facing factual content,none,high
zaryadye-emelyanov-2026-10-17,why,technical,Подтверждено официальной афишей Зала Зарядье в контрольном sweep октября–декабря 2026.,remove,,confirmation/provenance is not an editorial reason,confirmed_placeholder,high
zaryadye-emelyanov-2026-10-17,details,technical,Событие подтверждено официальной афишей Зала Зарядье; актуальные программа и состав — по карточке источника.,remove,,source verification or internal process text without user-facing event content,pure_public_provenance,high
rassvet-euphoria-mozart-2026-10-17,why,editorial,Watchlist-ансамбль; декомпозиция Моцарта вместо стандартной классической подачи.,keep,Watchlist-ансамбль; декомпозиция Моцарта вместо стандартной классической подачи.,content-specific editorial reason,none,high
rassvet-euphoria-mozart-2026-10-17,details,content,Mozart Decomposed.,keep,Mozart Decomposed.,user-facing factual content,none,high
nations-field-2026-10-17,why,editorial,"Пряжко + Волкострелов — отдельная линия современного театра, которую массовая афиша легко растворяет.",keep,"Пряжко + Волкострелов — отдельная линия современного театра, которую массовая афиша легко растворяет.",content-specific editorial reason,none,high
nations-field-2026-10-17,details,content,17 и 18 октября. 2 часа без антракта.,keep,17 и 18 октября. 2 часа без антракта.,user-facing factual content,none,high
newopera-tristan-concert-2026-10-17,why,editorial,"Премьера оркестровой сюиты Безносикова по Вагнеру, исполняемая в затемнённом зале.",keep,"Премьера оркестровой сюиты Безносикова по Вагнеру, исполняемая в затемнённом зале.",content-specific editorial reason,none,high
newopera-tristan-concert-2026-10-17,details,content,"17 октября 2026. Премьера оркестровой сюиты «Тристан и Изольда» Р. Вагнера — Ф. Безносикова для сопрано, тенора и симфонического оркестра.",keep,"17 октября 2026. Премьера оркестровой сюиты «Тристан и Изольда» Р. Вагнера — Ф. Безносикова для сопрано, тенора и симфонического оркестра.",user-facing factual content,none,high
teatrdoc-buried-stalin-2026-10-17,why,editorial,Содержательный трагифарс о механизмах воспроизводства культа и конформизма; профильная работа Театра.doc.,keep,Содержательный трагифарс о механизмах воспроизводства культа и конформизма; профильная работа Театра.doc.,content-specific editorial reason,none,high
teatrdoc-buried-stalin-2026-10-17,details,content,17 и 27 октября. 1 час 10 минут.,keep,17 и 27 октября. 1 час 10 минут.,user-facing factual content,none,high
mm-main-voice-2026-10-18,why,mixed,Орган и сопрано в самом Музее музыки; широкий пул должен это показывать.,rewrite_existing_content_only,Орган и сопрано в самом Музее музыки.,retain only existing event-specific content; remove radar/contour/calendar/inclusion policy wording,process_clause_removed,high
mm-main-voice-2026-10-18,details,content,"Глинка, Римский-Корсаков, Чайковский, Кюи, Рахманинов, Глиэр и др.",keep,"Глинка, Римский-Корсаков, Чайковский, Кюи, Рахманинов, Глиэр и др.",user-facing factual content,none,high
maly-buratino-oct26,why,generic,Репертуарная карточка: сохраняем постановку в полном театральном календаре.,remove,,"generic repertoire placeholder, not an editorial reason",repertoire_card_placeholder,high
maly-buratino-oct26,details,content,"18 октября. 1 ч 45 мин, один антракт.",keep,"18 октября. 1 ч 45 мин, один антракт.",user-facing factual content,none,high
nikitskie-miracle-worker-2026-10-18,why,generic,Репертуарная карточка: по театрам сохраняем практически весь доступный октябрьский репертуар.,remove,,"generic repertoire placeholder, not an editorial reason",repertoire_card_placeholder,high
nikitskie-miracle-worker-2026-10-18,details,mixed,Октябрьская афиша театра. Билеты от 1000 ₽ по текущему агрегатору.,rewrite_existing_content_only,Билеты от 1000 ₽,"retain existing price fact, remove source/provenance wording",theatre_aggregator_price,high
gnesin-sunday-concert-2026-10-18,why,generic,Публичное событие актуальной афиши РАМ имени Гнесиных.,remove,,generic/process rationale does not state a concrete event-specific reason,public_current_listing_placeholder,high
gnesin-sunday-concert-2026-10-18,details,content,"18 октября, 12:00–14:00. Публичная программа воскресного концертного цикла.",keep,"18 октября, 12:00–14:00. Публичная программа воскресного концертного цикла.",user-facing factual content,none,high
gnesin-school-meloman-2026-10-18,why,generic,Публичное событие актуальной афиши РАМ имени Гнесиных.,remove,,generic/process rationale does not state a concrete event-specific reason,public_current_listing_placeholder,high
gnesin-school-meloman-2026-10-18,details,content,"18 октября, 12:00. Семейная музыкально-просветительская программа.",keep,"18 октября, 12:00. Семейная музыкально-просветительская программа.",user-facing factual content,none,high
ruf-eucharist-2026-10-18,why,generic,Подтверждённый цикл разговоров на обязательной площадке.,remove,,confirmation/provenance is not an editorial reason,confirmed_placeholder,high
ruf-eucharist-2026-10-18,details,content,"Цикл из четырёх встреч: 4, 11, 18 и 25 октября в 12:15. Нововаганьковский пер., 9.",keep,"Цикл из четырёх встреч: 4, 11, 18 и 25 октября в 12:15. Нововаганьковский пер., 9.",user-facing factual content,none,high
mmdm-6927,why,technical,Подтверждённая позиция полного sweep Московского международного Дома музыки.,remove,,confirmation/provenance is not an editorial reason,confirmed_placeholder,high
mmdm-6927,details,technical,Событие подтверждено официальной афишей Московского международного Дома музыки.,remove,,source verification or internal process text without user-facing event content,pure_public_provenance,high
phil-letters-bizet-2026-10-18,why,generic,"Не первоочередной кандидат, но полноценная оркестровая программа базовой площадки; широкий радар должен её видеть.",remove,,generic/process rationale does not state a concrete event-specific reason,base_venue_radar_policy,high
phil-letters-bizet-2026-10-18,details,content,"Бизе — фрагменты «Кармен», «Арлезианки», «Детских игр», Симфонии № 1; Бизе–Щедрин — фрагменты «Кармен-сюиты».",keep,"Бизе — фрагменты «Кармен», «Арлезианки», «Детских игр», Симфонии № 1; Бизе–Щедрин — фрагменты «Кармен-сюиты».",user-facing factual content,none,high
praktika-prostodursen-2026-10-18,why,generic,Репертуарная карточка: сохраняем постановку в полном театральном календаре.,remove,,"generic repertoire placeholder, not an editorial reason",repertoire_card_placeholder,high
praktika-prostodursen-2026-10-18,details,content,18 октября. 1 ч 10 мин.,keep,18 октября. 1 ч 10 мин.,user-facing factual content,none,high
zaryadye-gogol-jazz-2026-10-18,why,technical,Подтверждено официальной афишей Зала Зарядье в контрольном sweep октября–декабря 2026.,remove,,confirmation/provenance is not an editorial reason,confirmed_placeholder,high
zaryadye-gogol-jazz-2026-10-18,details,technical,Событие подтверждено официальной афишей Зала Зарядье; актуальные программа и состав — по карточке источника.,remove,,source verification or internal process text without user-facing event content,pure_public_provenance,high
zaryadye-liszt-missa-2026-10-18,why,editorial,Неочевидная духовная хоровая музыка Листа — содержательно сильнее стандартного юбилейного гала.,keep,Неочевидная духовная хоровая музыка Листа — содержательно сильнее стандартного юбилейного гала.,content-specific editorial reason,none,high
zaryadye-liszt-missa-2026-10-18,details,content,Missa Choralis для хора и органа.,keep,Missa Choralis для хора и органа.,user-facing factual content,none,high
bolshoi-carmen-suite-2026-10-18-1400,why,technical,Подтверждённая позиция полного октябрьского sweep Большого театра.,remove,,confirmation/provenance is not an editorial reason,confirmed_placeholder,high
bolshoi-carmen-suite-2026-10-18-1400,details,technical,Дата и площадка подтверждены актуальной афишей Большого театра.,remove,,source verification or internal process text without user-facing event content,pure_public_provenance,high
consv-mzk-day-2026-10-18,why,technical,Подтверждено официальной октябрьской афишей Московской консерватории при контрольной сверке по дням.,remove,,confirmation/provenance is not an editorial reason,confirmed_placeholder,high
consv-mzk-day-2026-10-18,details,technical,Точная формулировка подтверждена актуальной официальной афишей при сверке дневных страниц и официальных карточек.,remove,,source verification or internal process text without user-facing event content,pure_public_provenance,high
consv-rach-day-2026-10-18,why,technical,Подтверждено официальной октябрьской афишей Московской консерватории при контрольной сверке по дням.,remove,,confirmation/provenance is not an editorial reason,confirmed_placeholder,high
consv-rach-day-2026-10-18,details,technical,Точная формулировка подтверждена актуальной официальной афишей при сверке дневных страниц и официальных карточек.,remove,,source verification or internal process text without user-facing event content,pure_public_provenance,high
mmdm-7126,why,technical,Подтверждённая позиция полного sweep Московского международного Дома музыки.,remove,,confirmation/provenance is not an editorial reason,confirmed_placeholder,high
mmdm-7126,details,technical,Событие подтверждено официальной афишей Московского международного Дома музыки.,remove,,source verification or internal process text without user-facing event content,pure_public_provenance,high
myaskovsky-childhood-images-2026-10-18,why,technical,Подтверждено официальной афишей Московской консерватории при полном повторном sweep зала Мясковского за октябрь 2026.,remove,,confirmation/provenance is not an editorial reason,confirmed_placeholder,high
myaskovsky-childhood-images-2026-10-18,details,technical,Публичная позиция официальной афиши; редакционная приоритизация отделена от факта включения.,remove,,source verification or internal process text without user-facing event content,pure_public_provenance,high
ges2-historic-6,why,editorial,Часть полной реконструкции рубинштейновского цикла 1885/86; каждый вечер — самостоятельная историческая программа.,keep,Часть полной реконструкции рубинштейновского цикла 1885/86; каждый вечер — самостоятельная историческая программа.,content-specific editorial reason,none,high
ges2-historic-6,details,content,Шопен. Продолжительность: 5 часов.,keep,Шопен. Продолжительность: 5 часов.,user-facing factual content,none,high
bolshoi-don-carlo-2026-10-18-1800,why,technical,Подтверждённая позиция полного октябрьского sweep Большого театра.,remove,,confirmation/provenance is not an editorial reason,confirmed_placeholder,high
bolshoi-don-carlo-2026-10-18-1800,details,technical,Дата и площадка подтверждены актуальной афишей Большого театра.,remove,,source verification or internal process text without user-facing event content,pure_public_provenance,high
maly-tartuffe-oct26,why,generic,Репертуарная карточка: сохраняем постановку в полном театральном календаре.,remove,,"generic repertoire placeholder, not an editorial reason",repertoire_card_placeholder,high
maly-tartuffe-oct26,details,content,"18 октября. 2 ч 10 мин, один антракт.",keep,"18 октября. 2 ч 10 мин, один антракт.",user-facing factual content,none,high
mmdm-7127,why,technical,Подтверждённая позиция полного sweep Московского международного Дома музыки.,remove,,confirmation/provenance is not an editorial reason,confirmed_placeholder,high
mmdm-7127,details,technical,Событие подтверждено официальной афишей Московского международного Дома музыки.,remove,,source verification or internal process text without user-facing event content,pure_public_provenance,high
drugoe-flowers-birds-2026-10-18,why,editorial,"Редкое сочетание арфы и цимбал; французский импрессионизм, барокко, Рамо и Шнитке.",keep,"Редкое сочетание арфы и цимбал; французский импрессионизм, барокко, Рамо и Шнитке.",content-specific editorial reason,none,high
drugoe-flowers-birds-2026-10-18,details,content,"18 октября, 18:00–20:30. В программе Дебюсси, Сати, Сен-Санс, Шнитке, Массне, Куперен и Рамо; камерный концерт-ретрит.",keep,"18 октября, 18:00–20:30. В программе Дебюсси, Сати, Сен-Санс, Шнитке, Массне, Куперен и Рамо; камерный концерт-ретрит.",user-facing factual content,none,high
consv-bzk-carmina-burana-2026-10-18,why,generic,Содержательная дата Консерватории: Орф — «Кармина Бурана».,remove,,generic content-date label repeats event content but does not explain why the event merits attention,conservatory_content_date_placeholder,high
consv-bzk-carmina-burana-2026-10-18,details,content,«Кармина Бурана»,keep,«Кармина Бурана»,user-facing factual content,none,high
consv-myaskovsky-trumpet-rhapsody-2026-10-18,why,generic,Содержательная дата Консерватории: «Диалог с музыкантами… Трубная рапсодия».,remove,,generic content-date label repeats event content but does not explain why the event merits attention,conservatory_content_date_placeholder,high
consv-myaskovsky-trumpet-rhapsody-2026-10-18,details,content,Программа музыкально-поэтического концерта не раскрыта.,keep,Программа музыкально-поэтического концерта не раскрыта.,user-facing factual content,none,high
consv-mzk-bach-organ-all-toccatas-fugues-2026-10-18,why,mixed,Прямой Баховский радар: цельный цикл органных токкат и фуг.,rewrite_existing_content_only,Цельный цикл органных токкат и фуг.,retain only existing event-specific content; remove radar/contour/calendar/inclusion policy wording,process_clause_removed,high
consv-mzk-bach-organ-all-toccatas-fugues-2026-10-18,details,empty,,no_action,,field is empty or absent,empty,high
consv-rach-what-is-truth-2026-10-18,why,mixed,"Редкая тематическая программа музыки XX века, полностью совпадающая с профилем радара.",rewrite_existing_content_only,Редкая тематическая программа музыки XX века.,retain only existing event-specific content; remove radar/contour/calendar/inclusion policy wording,process_clause_removed,high
consv-rach-what-is-truth-2026-10-18,details,empty,,no_action,,field is empty or absent,empty,high
electro-talents-2026-10-18,why,generic,Содержательная театральная работа из приоритетного контура Культрадара.,remove,,generic/process rationale does not state a concrete event-specific reason,priority_contour_placeholder,high
electro-talents-2026-10-18,details,empty,,no_action,,field is empty or absent,empty,high
mmdm-7256,why,technical,Подтверждённая позиция полного sweep Московского международного Дома музыки.,remove,,confirmation/provenance is not an editorial reason,confirmed_placeholder,high
mmdm-7256,details,technical,Событие подтверждено официальной афишей Московского международного Дома музыки.,remove,,source verification or internal process text without user-facing event content,pure_public_provenance,high
mmdm-7342,why,technical,Подтверждённая позиция полного sweep Московского международного Дома музыки.,remove,,confirmation/provenance is not an editorial reason,confirmed_placeholder,high
mmdm-7342,details,technical,Событие подтверждено официальной афишей Московского международного Дома музыки.,remove,,source verification or internal process text without user-facing event content,pure_public_provenance,high
nikitskie-cornet-elagin-2026-10-18,why,generic,Репертуарная карточка: по театрам сохраняем практически весь доступный октябрьский репертуар.,remove,,"generic repertoire placeholder, not an editorial reason",repertoire_card_placeholder,high
nikitskie-cornet-elagin-2026-10-18,details,mixed,Октябрьская афиша театра. Билеты от 2000 ₽ по текущему агрегатору.,rewrite_existing_content_only,Билеты от 2000 ₽,"retain existing price fact, remove source/provenance wording",theatre_aggregator_price,high
phil-chamber-evenings-schubert-brahms-2026-10-18,why,mixed,"Классическая камерная программа хорошего зала; не обязана быть «редкостью», чтобы оставаться в широком календаре.",rewrite_existing_content_only,Классическая камерная программа хорошего зала,"retain existing content clause, remove internal inclusion/process clause",content_plus_process_clause,high
phil-chamber-evenings-schubert-brahms-2026-10-18,details,content,Шуберт — Фортепианное трио № 1; Брамс — Фортепианное трио № 2.,keep,Шуберт — Фортепианное трио № 1; Брамс — Фортепианное трио № 2.,user-facing factual content,none,high
phil-semenchuk-skigin-2026-10-18,why,technical,Подтверждённая дата полного sweep Московской филармонии до 31.12.2026; включена в широкий календарь без вкусового отсева.,remove,,confirmation/provenance is not an editorial reason,confirmed_placeholder,high
phil-semenchuk-skigin-2026-10-18,details,content,"Дворжак, Чайковский, Шостакович, Даргомыжский, Глинка, де Фалья, Гранадос, Бизе.",keep,"Дворжак, Чайковский, Шостакович, Даргомыжский, Глинка, де Фалья, Гранадос, Бизе.",user-facing factual content,none,high
tretyakov-ile-s-muzykoi-na-t-2026-10-18,why,editorial,"Рахманинов, Фортепианный квинтет Шостаковича и Второй квартет Губайдулиной — очень точное попадание в профиль радара.",keep,"Рахманинов, Фортепианный квинтет Шостаковича и Второй квартет Губайдулиной — очень точное попадание в профиль радара.",content-specific editorial reason,none,high
tretyakov-ile-s-muzykoi-na-t-2026-10-18,details,content,Рахманинов — Элегическое трио; Шостакович — Фортепианный квинтет; Губайдулина — Струнный квартет №2.,keep,Рахманинов — Элегическое трио; Шостакович — Фортепианный квинтет; Губайдулина — Струнный квартет №2.,user-facing factual content,none,high
prove-queen-muse-2026-10-18,why,generic,Подтверждённая повторная программа камерной площадки; crossover не исключается из широкого календаря.,remove,,confirmation/provenance is not an editorial reason,confirmed_placeholder,high
prove-queen-muse-2026-10-18,details,content,"18 октября, 19:00. Рок-программа Queen, Muse, Radiohead, The Animals, Pink Floyd и др. в камерном формате.",keep,"18 октября, 19:00. Рок-программа Queen, Muse, Radiohead, The Animals, Pink Floyd и др. в камерном формате.",user-facing factual content,none,high
rassvet-janacek-2026-10-18,why,editorial,Яначек в камерном формате — достаточно редкий и содержательный вечер.,keep,Яначек в камерном формате — достаточно редкий и содержательный вечер.,content-specific editorial reason,none,high
rassvet-janacek-2026-10-18,details,content,Интимные письма о любви и истории.,keep,Интимные письма о любви и истории.,user-facing factual content,none,high
praktika-moskh-2026-10-19,why,generic,Репертуарная карточка: сохраняем постановку в полном театральном календаре.,remove,,"generic repertoire placeholder, not an editorial reason",repertoire_card_placeholder,high
praktika-moskh-2026-10-19,details,content,19 октября. Время сверить на странице спектакля.,keep,19 октября. Время сверить на странице спектакля.,user-facing factual content,none,high
ges2-historic-7,why,editorial,Часть полной реконструкции рубинштейновского цикла 1885/86; каждый вечер — самостоятельная историческая программа.,keep,Часть полной реконструкции рубинштейновского цикла 1885/86; каждый вечер — самостоятельная историческая программа.,content-specific editorial reason,none,high
ges2-historic-7,details,content,"Балакирев, Кюи, Римский-Корсаков, Лядов, Чайковский, А. и Н. Рубинштейны, Шопен. Продолжительность: 4 часа.",keep,"Балакирев, Кюи, Римский-Корсаков, Лядов, Чайковский, А. и Н. Рубинштейны, Шопен. Продолжительность: 4 часа.",user-facing factual content,none,high
bzk-iolanta-2026,why,editorial,"Оперная линия самой Консерватории должна быть представлена, даже если это не редчайший репертуар.",keep,"Оперная линия самой Консерватории должна быть представлена, даже если это не редчайший репертуар.",content-specific editorial reason,none,high
bzk-iolanta-2026,details,content,П. И. Чайковский — «Иоланта».,keep,П. И. Чайковский — «Иоланта».,user-facing factual content,none,high
consv-mzk-vishnevskaya100-opera-theatres-2026-10-19,why,generic,Содержательная дата Консерватории: «Оперные театры Москвы» — к 100-летию Галины Вишневской.,remove,,generic content-date label repeats event content but does not explain why the event merits attention,conservatory_content_date_placeholder,high
consv-mzk-vishnevskaya100-opera-theatres-2026-10-19,details,content,Программа юбилейного вечера не раскрыта.,keep,Программа юбилейного вечера не раскрыта.,user-facing factual content,none,high
consv-rach-woodwinds-dept-2026-10-19,why,technical,Подтверждено официальной октябрьской афишей Московской консерватории при контрольной сверке по дням.,remove,,confirmation/provenance is not an editorial reason,confirmed_placeholder,high
consv-rach-woodwinds-dept-2026-10-19,details,technical,Событие подтверждено календарём Московской консерватории; дополнительные детали следует брать из актуальной официальной карточки.,remove,,source verification or internal process text without user-facing event content,pure_public_provenance,high
mmdm-7415,why,editorial,Постановка пьесы Эдуардо Де Филиппо «Филумена Мартурано» — содержательная работа с классической драматургией.,keep,Постановка пьесы Эдуардо Де Филиппо «Филумена Мартурано» — содержательная работа с классической драматургией.,content-specific editorial reason,none,high
mmdm-7415,details,content,Лирическая комедия по пьесе Эдуардо Де Филиппо; режиссёр Ирина Пахомова.,keep,Лирическая комедия по пьесе Эдуардо Де Филиппо; режиссёр Ирина Пахомова.,user-facing factual content,none,high
myaskovsky-horn-competition-prep-2026-10-19,why,technical,Подтверждено официальной афишей Московской консерватории при полном повторном sweep зала Мясковского за октябрь 2026.,remove,,confirmation/provenance is not an editorial reason,confirmed_placeholder,high
myaskovsky-horn-competition-prep-2026-10-19,details,technical,Публичная позиция официальной афиши; редакционная приоритизация отделена от факта включения.,remove,,source verification or internal process text without user-facing event content,pure_public_provenance,high
phil-moiseyev-2026-10-19,why,technical,Подтверждённая дата полного sweep Московской филармонии до 31.12.2026; включена в широкий календарь без вкусового отсева.,remove,,confirmation/provenance is not an editorial reason,confirmed_placeholder,high
phil-moiseyev-2026-10-19,details,content,Танцы народов мира.,keep,Танцы народов мира.,user-facing factual content,none,high
phil-russian-instruments-competition-2026-10-19,why,technical,Подтверждённая дата полного sweep Московской филармонии до 31.12.2026; включена в широкий календарь без вкусового отсева.,remove,,confirmation/provenance is not an editorial reason,confirmed_placeholder,high
phil-russian-instruments-competition-2026-10-19,details,content,Оригинальные произведения для русских народных инструментов и обработки народных мелодий.,keep,Оригинальные произведения для русских народных инструментов и обработки народных мелодий.,user-facing factual content,none,high
zaryadye-bolshoi-gergiev-2026-10-19,why,technical,Подтверждено официальной афишей Зала Зарядье в контрольном sweep октября–декабря 2026.,remove,,confirmation/provenance is not an editorial reason,confirmed_placeholder,high
zaryadye-bolshoi-gergiev-2026-10-19,details,technical,Событие подтверждено официальной афишей Зала Зарядье; актуальные программа и состав — по карточке источника.,remove,,source verification or internal process text without user-facing event content,pure_public_provenance,high
composers-moscow-autumn-sonata-suite-poem-fantasy-2026-10-19,why,mixed,46-й фестиваль «Московская осень»: профильная программа современной музыки на обязательной малой площадке.,rewrite_existing_content_only,46-й фестиваль «Московская осень»: профильная программа современной музыки.,retain only existing event-specific content; remove radar/contour/calendar/inclusion policy wording,process_clause_removed,high
composers-moscow-autumn-sonata-suite-poem-fantasy-2026-10-19,details,content,"19 октября, 19:00. Первый вечер камерного марафона: сонаты, сюиты, поэмы и фантазии современных авторов.",keep,"19 октября, 19:00. Первый вечер камерного марафона: сонаты, сюиты, поэмы и фантазии современных авторов.",user-facing factual content,none,high
yeltsin-chervyakov-crossroads-3-2026-10-19,why,editorial,Историческая лекция цикла о ключевых развилках российской истории 1990-х.,keep,Историческая лекция цикла о ключевых развилках российской истории 1990-х.,content-specific editorial reason,none,high
yeltsin-chervyakov-crossroads-3-2026-10-19,details,content,"19 октября, 19:00–20:30. Третья лекция цикла «Неидеальный лабиринт».",keep,"19 октября, 19:00–20:30. Третья лекция цикла «Неидеальный лабиринт».",user-facing factual content,none,high
gnesin-hasse-clemenza-tito-2026-10-19,why,editorial,Редкая барочная опера Хассе — приоритетный репертуарный кандидат.,keep,Редкая барочная опера Хассе — приоритетный репертуарный кандидат.,content-specific editorial reason,none,high
gnesin-hasse-clemenza-tito-2026-10-19,details,content,"19 октября, 19:00–21:00. Редкая опера Иоганна Адольфа Хассе; спектакль Оперного театра-студии имени Ю. А. Сперанского.",keep,"19 октября, 19:00–21:00. Редкая опера Иоганна Адольфа Хассе; спектакль Оперного театра-студии имени Ю. А. Сперанского.",user-facing factual content,none,high
doc-poetry-slam-2026-10-19,why,generic,Репертуарная карточка: сохраняем постановку в полном театральном календаре.,remove,,"generic repertoire placeholder, not an editorial reason",repertoire_card_placeholder,high
doc-poetry-slam-2026-10-19,details,content,19 октября. 2 ч 30 мин.,keep,19 октября. 2 ч 30 мин.,user-facing factual content,none,high
praktika-beethoven-2026-10-20,why,generic,Репертуарная карточка: сохраняем постановку в полном театральном календаре.,remove,,"generic repertoire placeholder, not an editorial reason",repertoire_card_placeholder,high
praktika-beethoven-2026-10-20,details,content,20 октября. Время сверить на странице спектакля.,keep,20 октября. Время сверить на странице спектакля.,user-facing factual content,none,high
bolshoi-lohengrin-2026-10-20-1800,why,technical,Подтверждённая позиция полного октябрьского sweep Большого театра.,remove,,confirmation/provenance is not an editorial reason,confirmed_placeholder,high
bolshoi-lohengrin-2026-10-20-1800,details,technical,Дата и площадка подтверждены актуальной афишей Большого театра.,remove,,source verification or internal process text without user-facing event content,pure_public_provenance,high
gnesin-shpiller-opening-2026-10-20,why,generic,Публичное событие актуальной афиши РАМ имени Гнесиных.,remove,,generic/process rationale does not state a concrete event-specific reason,public_current_listing_placeholder,high
gnesin-shpiller-opening-2026-10-20,details,content,"20 октября, 18:00. Открытие XIII Международного конкурса вокалистов имени Наталии Шпиллер «Шедевры русской музыки» и жеребьёвка участников.",keep,"20 октября, 18:00. Открытие XIII Международного конкурса вокалистов имени Наталии Шпиллер «Шедевры русской музыки» и жеребьёвка участников.",user-facing factual content,none,high
bolshoi-orchestra-guide-2026-10-20-1900,why,technical,Подтверждённая позиция полного октябрьского sweep Большого театра.,remove,,confirmation/provenance is not an editorial reason,confirmed_placeholder,high
bolshoi-orchestra-guide-2026-10-20-1900,details,content,Театрализованный концерт на Новой сцене.,keep,Театрализованный концерт на Новой сцене.,user-facing factual content,none,high
consv-bzk-bertolazzi-grieg-liszt-2026-10-20,why,generic,Содержательное событие официальной афиши Московской консерватории; добавлено при системном проходе до конца 2026 года.,remove,,generic placeholder plus internal pass provenance,generic_official_listing_system_pass,high
consv-bzk-bertolazzi-grieg-liszt-2026-10-20,details,empty,,no_action,,field is empty or absent,empty,high
consv-mzk-cello-academy-2026-10-20,why,technical,Подтверждено официальной октябрьской афишей Московской консерватории при контрольной сверке по дням.,remove,,confirmation/provenance is not an editorial reason,confirmed_placeholder,high
consv-mzk-cello-academy-2026-10-20,details,technical,Событие подтверждено календарём Московской консерватории; дополнительные детали следует брать из актуальной официальной карточки.,remove,,source verification or internal process text without user-facing event content,pure_public_provenance,high
maly-truth-happiness-oct26,why,generic,Репертуарная карточка: сохраняем постановку в полном театральном календаре.,remove,,"generic repertoire placeholder, not an editorial reason",repertoire_card_placeholder,high
maly-truth-happiness-oct26,details,content,"20 октября. 2 ч 40 мин, один антракт.",keep,"20 октября. 2 ч 40 мин, один антракт.",user-facing factual content,none,high
mmdm-7490,why,editorial,Редкий синтез Шекспира и музыки Шостаковича: Евгений Миронов с оркестром «Новая Россия» под управлением Юрия Башмета.,keep,Редкий синтез Шекспира и музыки Шостаковича: Евгений Миронов с оркестром «Новая Россия» под управлением Юрия Башмета.,content-specific editorial reason,none,high
mmdm-7490,details,content,Музыка Шостаковича из кинофильма «Гамлет» и одноимённого спектакля в постановке Н. Акимова.,keep,Музыка Шостаковича из кинофильма «Гамлет» и одноимённого спектакля в постановке Н. Акимова.,user-facing factual content,none,high
nikitskie-moral-dulskaya-2026-10-20,why,generic,Репертуарная карточка: по театрам сохраняем практически весь доступный октябрьский репертуар.,remove,,"generic repertoire placeholder, not an editorial reason",repertoire_card_placeholder,high
nikitskie-moral-dulskaya-2026-10-20,details,mixed,Октябрьская афиша театра. Билеты от 2000 ₽ по текущему агрегатору.,rewrite_existing_content_only,Билеты от 2000 ₽,"retain existing price fact, remove source/provenance wording",theatre_aggregator_price,high
phil-moiseyev-2026-10-20,why,technical,Подтверждённая дата полного sweep Московской филармонии до 31.12.2026; включена в широкий календарь без вкусового отсева.,remove,,confirmation/provenance is not an editorial reason,confirmed_placeholder,high
phil-moiseyev-2026-10-20,details,content,Танцы народов мира.,keep,Танцы народов мира.,user-facing factual content,none,high
phil-svetlanov-soloists-beethoven-linde-2026-10-20,why,editorial,Бетховенский септет рядом с редко звучащим Линде делает программу заметно интереснее стандартного камерного вечера.,keep,Бетховенский септет рядом с редко звучащим Линде делает программу заметно интереснее стандартного камерного вечера.,content-specific editorial reason,none,high
phil-svetlanov-soloists-beethoven-linde-2026-10-20,details,content,"Бетховен — Соната № 4 для виолончели и фортепиано, Септет; Линде — Sonata a tre.",keep,"Бетховен — Соната № 4 для виолончели и фортепиано, Септет; Линде — Sonata a tre.",user-facing factual content,none,high
praktika-grisha-2026-10-20,why,generic,Репертуарная карточка: сохраняем постановку в полном театральном календаре.,remove,,"generic repertoire placeholder, not an editorial reason",repertoire_card_placeholder,high
praktika-grisha-2026-10-20,details,content,20 и 21 октября. 1 ч 20 мин.,keep,20 и 21 октября. 1 ч 20 мин.,user-facing factual content,none,high
snm-shift-reich-2026-10-20,why,editorial,Юбилейная программа Райха профильного ансамбля современной музыки.,keep,Юбилейная программа Райха профильного ансамбля современной музыки.,content-specific editorial reason,none,high
snm-shift-reich-2026-10-20,details,content,Концерт к 90-летию Стива Райха.,keep,Концерт к 90-летию Стива Райха.,user-facing factual content,none,high
zaryadye-borisoglebsky-rno-2026-10-20,why,technical,Подтверждено официальной афишей Зала Зарядье в контрольном sweep октября–декабря 2026.,remove,,confirmation/provenance is not an editorial reason,confirmed_placeholder,high
zaryadye-borisoglebsky-rno-2026-10-20,details,technical,Событие подтверждено официальной афишей Зала Зарядье; актуальные программа и состав — по карточке источника.,remove,,source verification or internal process text without user-facing event content,pure_public_provenance,high
zaryadye-laul-2026-10-20,why,technical,Подтверждено официальной афишей Зала Зарядье в контрольном sweep октября–декабря 2026.,remove,,confirmation/provenance is not an editorial reason,confirmed_placeholder,high
zaryadye-laul-2026-10-20,details,technical,Событие подтверждено официальной афишей Зала Зарядье; актуальные программа и состав — по карточке источника.,remove,,source verification or internal process text without user-facing event content,pure_public_provenance,high
composers-moscow-autumn-polyphonic-games-2026-10-20,why,mixed,46-й фестиваль «Московская осень»: профильная программа современной музыки на обязательной малой площадке.,rewrite_existing_content_only,46-й фестиваль «Московская осень»: профильная программа современной музыки.,retain only existing event-specific content; remove radar/contour/calendar/inclusion policy wording,process_clause_removed,high
composers-moscow-autumn-polyphonic-games-2026-10-20,details,content,"20 октября, 19:00. Камерный марафон современной музыки.",keep,"20 октября, 19:00. Камерный марафон современной музыки.",user-facing factual content,none,high
gnesin-skavronsky-memory-2026-10-20,why,generic,Публичное событие актуальной афиши РАМ имени Гнесиных.,remove,,generic/process rationale does not state a concrete event-specific reason,public_current_listing_placeholder,high
gnesin-skavronsky-memory-2026-10-20,details,content,"20 октября, 19:00–21:00. Вечер памяти народного артиста России, профессора А. Г. Скавронского.",keep,"20 октября, 19:00–21:00. Вечер памяти народного артиста России, профессора А. Г. Скавронского.",user-facing factual content,none,high
gnesin-romanticism-horizons-2026-10-20,why,generic,Публичное событие актуальной афиши РАМ имени Гнесиных.,remove,,generic/process rationale does not state a concrete event-specific reason,public_current_listing_placeholder,high
gnesin-romanticism-horizons-2026-10-20,details,content,"20 октября, 19:00–21:00. Публичный концерт проекта «Романтизм: истоки и горизонты».",keep,"20 октября, 19:00–21:00. Публичный концерт проекта «Романтизм: истоки и горизонты».",user-facing factual content,none,high
rassvet-kharms-repertoire-2026-10-20,why,editorial,Музыкально-историческая программа вокруг Даниила Хармса с редким сочетанием рассказа и живого исполнения.,keep,Музыкально-историческая программа вокруг Даниила Хармса с редким сочетанием рассказа и живого исполнения.,content-specific editorial reason,none,high
rassvet-kharms-repertoire-2026-10-20,details,content,"20 октября, 19:30. Музыка из круга интересов Хармса: Палестрина, Бах, Блоу, Гендель, Моцарт, Бетховен, Глинка, Берг; рассказы и импровизации.",keep,"20 октября, 19:30. Музыка из круга интересов Хармса: Палестрина, Бах, Блоу, Гендель, Моцарт, Бетховен, Глинка, Берг; рассказы и импровизации.",user-facing factual content,none,high
doc-utopia-2026-10-20,why,generic,Репертуарная карточка: сохраняем постановку в полном театральном календаре.,remove,,"generic repertoire placeholder, not an editorial reason",repertoire_card_placeholder,high
doc-utopia-2026-10-20,details,content,20 октября. 55 минут.,keep,20 октября. 55 минут.,user-facing factual content,none,high
bolshoi-lohengrin-2026-10-21-1800,why,technical,Подтверждённая позиция полного октябрьского sweep Большого театра.,remove,,confirmation/provenance is not an editorial reason,confirmed_placeholder,high
bolshoi-lohengrin-2026-10-21-1800,details,technical,Дата и площадка подтверждены актуальной афишей Большого театра.,remove,,source verification or internal process text without user-facing event content,pure_public_provenance,high
consv-bzk-tarosyan-gergiev-rno-2026-10-21,why,generic,Содержательное событие официальной афиши Московской консерватории; добавлено при системном проходе до конца 2026 года.,remove,,generic placeholder plus internal pass provenance,generic_official_listing_system_pass,high
consv-bzk-tarosyan-gergiev-rno-2026-10-21,details,empty,,no_action,,field is empty or absent,empty,high
consv-mzk-opera-jazz-2026-10-21,why,generic,Содержательная дата Консерватории: «Opera & Jazz».,remove,,generic content-date label repeats event content but does not explain why the event merits attention,conservatory_content_date_placeholder,high
consv-mzk-opera-jazz-2026-10-21,details,content,Кроссовер оперы и джаза; подробная программа не опубликована.,keep,Кроссовер оперы и джаза; подробная программа не опубликована.,user-facing factual content,none,high
consv-rach-special-piano-dept-2026-10-21,why,technical,Подтверждено официальной октябрьской афишей Московской консерватории при контрольной сверке по дням.,remove,,confirmation/provenance is not an editorial reason,confirmed_placeholder,high
consv-rach-special-piano-dept-2026-10-21,details,technical,Событие подтверждено календарём Московской консерватории; дополнительные детали следует брать из актуальной официальной карточки.,remove,,source verification or internal process text without user-facing event content,pure_public_provenance,high
helikon-coffee-bach-2026,why,editorial,"Бах на камерной оперной сцене — не надо пропускать только потому, что это не «большая опера».",keep,"Бах на камерной оперной сцене — не надо пропускать только потому, что это не «большая опера».",content-specific editorial reason,none,high
helikon-coffee-bach-2026,details,content,«Кофейная кантата» И. С. Баха.,keep,«Кофейная кантата» И. С. Баха.,user-facing factual content,none,high
mmdm-6929,why,technical,Подтверждённая позиция полного sweep Московского международного Дома музыки.,remove,,confirmation/provenance is not an editorial reason,confirmed_placeholder,high
mmdm-6929,details,technical,Событие подтверждено официальной афишей Московского международного Дома музыки.,remove,,source verification or internal process text without user-facing event content,pure_public_provenance,high
mmdm-7428,why,technical,Подтверждённая позиция полного sweep Московского международного Дома музыки.,remove,,confirmation/provenance is not an editorial reason,confirmed_placeholder,high
mmdm-7428,details,technical,Событие подтверждено официальной афишей Московского международного Дома музыки.,remove,,source verification or internal process text without user-facing event content,pure_public_provenance,high
mmdm-contrapunctus-2026-10-21,why,editorial,"Бах–Бетховен–Бриттен в тематической программе, а не generic hits.",keep,"Бах–Бетховен–Бриттен в тематической программе, а не generic hits.",content-specific editorial reason,none,high
mmdm-contrapunctus-2026-10-21,details,content,"Бах, Бетховен, Бриттен.",keep,"Бах, Бетховен, Бриттен.",user-facing factual content,none,high
okolo-inspector-2026-10-21,why,editorial,Антон Фёдоров и радикальное очищение классики от привычного исторического декора — профильный экспериментальный кандидат.,keep,Антон Фёдоров и радикальное очищение классики от привычного исторического декора — профильный экспериментальный кандидат.,content-specific editorial reason,none,high
okolo-inspector-2026-10-21,details,empty,,no_action,,field is empty or absent,empty,high
phil-haydn-armida-2026-10-21,why,mixed,Редкая концертная опера Гайдна и российская премьера — прямой сильный кандидат для оперного и старинного радара.,rewrite_existing_content_only,Редкая концертная опера Гайдна и российская премьера.,retain only existing event-specific content; remove radar/contour/calendar/inclusion policy wording,process_clause_removed,high
phil-haydn-armida-2026-10-21,details,content,"Йозеф Гайдн — «Армида», опера в концертном исполнении.",keep,"Йозеф Гайдн — «Армида», опера в концертном исполнении.",user-facing factual content,none,high
phil-pratum-mozart-schubert-2026-10-21,why,editorial,Исторически ориентированное исполнение Моцарта и Шуберта — профильный камерный кандидат.,keep,Исторически ориентированное исполнение Моцарта и Шуберта — профильный камерный кандидат.,content-specific editorial reason,none,high
phil-pratum-mozart-schubert-2026-10-21,details,content,Моцарт и Шуберт.,keep,Моцарт и Шуберт.,user-facing factual content,none,high
composers-moscow-autumn-metanoia-2026-10-21,why,mixed,46-й фестиваль «Московская осень»: профильная программа современной музыки на обязательной малой площадке.,rewrite_existing_content_only,46-й фестиваль «Московская осень»: профильная программа современной музыки.,retain only existing event-specific content; remove radar/contour/calendar/inclusion policy wording,process_clause_removed,high
composers-moscow-autumn-metanoia-2026-10-21,details,content,"21 октября, 19:00. Камерный марафон современной музыки.",keep,"21 октября, 19:00. Камерный марафон современной музыки.",user-facing factual content,none,high
rassvet-butsko-2026-10-21,why,editorial,Редкий Буцко и камерный оркестр — один из самых очевидных кандидатов месяца.,keep,Редкий Буцко и камерный оркестр — один из самых очевидных кандидатов месяца.,content-specific editorial reason,none,high
rassvet-butsko-2026-10-21,details,content,Камерный оркестр Prometheus.,keep,Камерный оркестр Prometheus.,user-facing factual content,none,high
ges2-rosary-2026-10-22,why,mixed,«Розарий» Бибера — редкий репертуар и естественный кандидат старинного контура.,rewrite_existing_content_only,«Розарий» Бибера — редкий репертуар.,retain only existing event-specific content; remove radar/contour/calendar/inclusion policy wording,process_clause_removed,high
ges2-rosary-2026-10-22,details,content,Концерт в музыкальной программе ГЭС‑2; официальный раздел будущих музыкальных событий указывает дату 22 октября.,keep,Концерт в музыкальной программе ГЭС‑2; официальный раздел будущих музыкальных событий указывает дату 22 октября.,user-facing factual content,none,high
mm-golden-old-salon-2026-10-22,why,editorial,Формат салонного концерта органично связан с самой квартирой.,keep,Формат салонного концерта органично связан с самой квартирой.,content-specific editorial reason,none,high
mm-golden-old-salon-2026-10-22,details,content,Концерт «Мелодии старой гостиной».,keep,Концерт «Мелодии старой гостиной».,user-facing factual content,none,high
maly-hangover-oct26,why,generic,Репертуарная карточка: сохраняем постановку в полном театральном календаре.,remove,,"generic repertoire placeholder, not an editorial reason",repertoire_card_placeholder,high
maly-hangover-oct26,details,content,22 октября. 1 ч 40 мин без антракта.,keep,22 октября. 1 ч 40 мин без антракта.,user-facing factual content,none,high
consv-bzk-matsuev-rudin-2026-10-22,why,generic,Содержательное событие официальной афиши Московской консерватории; добавлено при системном проходе до конца 2026 года.,remove,,generic placeholder plus internal pass provenance,generic_official_listing_system_pass,high
consv-bzk-matsuev-rudin-2026-10-22,details,empty,,no_action,,field is empty or absent,empty,high
consv-mzk-gamaley-mozart-2026-10-22,why,generic,Содержательная дата Консерватории: Анастасия Гамалей-Воскресенская — Моцарт.,remove,,generic content-date label repeats event content but does not explain why the event merits attention,conservatory_content_date_placeholder,high
consv-mzk-gamaley-mozart-2026-10-22,details,content,Конкретные произведения Моцарта в календарном анонсе не перечислены.,keep,Конкретные произведения Моцарта в календарном анонсе не перечислены.,user-facing factual content,none,high
consv-rach-shish-memory-2026-10-22,why,technical,Подтверждено официальной октябрьской афишей Московской консерватории при контрольной сверке по дням.,remove,,confirmation/provenance is not an editorial reason,confirmed_placeholder,high
consv-rach-shish-memory-2026-10-22,details,technical,Событие подтверждено календарём Московской консерватории; дополнительные детали следует брать из актуальной официальной карточки.,remove,,source verification or internal process text without user-facing event content,pure_public_provenance,high
drugoe-house-memory-2026-10-22,why,editorial,Камерная лекция о вещах с историей и памяти пространства — не массовый edutainment.,keep,Камерная лекция о вещах с историей и памяти пространства — не массовый edutainment.,content-specific editorial reason,none,high
drugoe-house-memory-2026-10-22,details,content,"Актуальная дата — 21 октября, 19:00–21:00. Лекция-беседа с основателями галереи Владиславой и Полиной Марковыми; ранее событие было опубликовано на 22 октября.",keep,"Актуальная дата — 21 октября, 19:00–21:00. Лекция-беседа с основателями галереи Владиславой и Полиной Марковыми; ранее событие было опубликовано на 22 октября.",user-facing factual content,none,high
maly-cherry-orchard-oct26,why,generic,Репертуарная карточка: сохраняем постановку в полном театральном календаре.,remove,,"generic repertoire placeholder, not an editorial reason",repertoire_card_placeholder,high
maly-cherry-orchard-oct26,details,content,"22 октября. 2 ч 50 мин, один антракт.",keep,"22 октября. 2 ч 50 мин, один антракт.",user-facing factual content,none,high
maly-woe-wit-oct26,why,generic,Репертуарная карточка: сохраняем постановку в полном театральном календаре.,remove,,"generic repertoire placeholder, not an editorial reason",repertoire_card_placeholder,high
maly-woe-wit-oct26,details,content,"22 октября. 3 часа, один антракт.",keep,"22 октября. 3 часа, один антракт.",user-facing factual content,none,high
mmdm-6930,why,technical,Подтверждённая позиция полного sweep Московского международного Дома музыки.,remove,,confirmation/provenance is not an editorial reason,confirmed_placeholder,high
mmdm-6930,details,technical,Событие подтверждено официальной афишей Московского международного Дома музыки.,remove,,source verification or internal process text without user-facing event content,pure_public_provenance,high
mmdm-7237,why,technical,Подтверждённая позиция полного sweep Московского международного Дома музыки.,remove,,confirmation/provenance is not an editorial reason,confirmed_placeholder,high
mmdm-7237,details,technical,Событие подтверждено официальной афишей Московского международного Дома музыки.,remove,,source verification or internal process text without user-facing event content,pure_public_provenance,high
mmdm-7411,why,technical,Подтверждённая позиция полного sweep Московского международного Дома музыки.,remove,,confirmation/provenance is not an editorial reason,confirmed_placeholder,high
mmdm-7411,details,technical,Событие подтверждено официальной афишей Московского международного Дома музыки.,remove,,source verification or internal process text without user-facing event content,pure_public_provenance,high
myaskovsky-kondrashov-2026-10-22,why,technical,Подтверждено официальной афишей Московской консерватории при полном повторном sweep зала Мясковского за октябрь 2026.,remove,,confirmation/provenance is not an editorial reason,confirmed_placeholder,high
myaskovsky-kondrashov-2026-10-22,details,technical,Публичная позиция официальной афиши; редакционная приоритизация отделена от факта включения.,remove,,source verification or internal process text without user-facing event content,pure_public_provenance,high
newopera-postillon-2026-10-22,why,editorial,"Редкий репертуар — гораздо важнее для Культрадара, чем очередной стандартный «Риголетто».",keep,"Редкий репертуар — гораздо важнее для Культрадара, чем очередной стандартный «Риголетто».",content-specific editorial reason,none,high
newopera-postillon-2026-10-22,details,content,22 и 23 октября 2026.,keep,22 и 23 октября 2026.,user-facing factual content,none,high
nikitskie-samoylov-2026-10-22,why,generic,Репертуарная карточка: по театрам сохраняем практически весь доступный октябрьский репертуар.,remove,,"generic repertoire placeholder, not an editorial reason",repertoire_card_placeholder,high
nikitskie-samoylov-2026-10-22,details,mixed,Октябрьская афиша театра. Билеты от 1500 ₽ по текущему агрегатору.,rewrite_existing_content_only,Билеты от 1500 ₽,"retain existing price fact, remove source/provenance wording",theatre_aggregator_price,high
phil-iolanta-bashmet-2026-10-22,why,generic,"Концертная опера в КЗЧ должна присутствовать в отдельном оперном контуре, даже при стандартном репертуаре.",remove,,generic/process rationale does not state a concrete event-specific reason,contour_presence_policy,high
phil-iolanta-bashmet-2026-10-22,details,content,"П. И. Чайковский — «Иоланта», опера в концертном исполнении.",keep,"П. И. Чайковский — «Иоланта», опера в концертном исполнении.",user-facing factual content,none,high
phil-pospekhina-hudyakov-2026-10-22,why,editorial,Сильная скрипичная программа от Баха и Изаи к Шоссону и Равелю.,keep,Сильная скрипичная программа от Баха и Изаи к Шоссону и Равелю.,content-specific editorial reason,none,high
phil-pospekhina-hudyakov-2026-10-22,details,content,"Бах — фрагменты Сонаты № 2 BWV 1003; Изаи — Соната № 3; Паганини, Сен-Санс–Изаи, Шоссон, Чайковский, Равель.",keep,"Бах — фрагменты Сонаты № 2 BWV 1003; Изаи — Соната № 3; Паганини, Сен-Санс–Изаи, Шоссон, Чайковский, Равель.",user-facing factual content,none,high
rassvet-nado-bolshe-radovatsya-2026-10-22,why,editorial,Независимый современный театр; камерная драмеди по пьесе из шорт-листа «Любимовки».,keep,Независимый современный театр; камерная драмеди по пьесе из шорт-листа «Любимовки».,content-specific editorial reason,none,high
rassvet-nado-bolshe-radovatsya-2026-10-22,details,content,"22 октября, 19:00. Театральный проект «Обстоятельство», спектакль по пьесе Алексея Макейчика «Путаница». Продолжительность 1 ч 20 мин без антракта.",keep,"22 октября, 19:00. Театральный проект «Обстоятельство», спектакль по пьесе Алексея Макейчика «Путаница». Продолжительность 1 ч 20 мин без антракта.",user-facing factual content,none,high
composers-moscow-autumn-quartet-plus-2026-10-22,why,mixed,46-й фестиваль «Московская осень»: профильная программа современной музыки на обязательной малой площадке.,rewrite_existing_content_only,46-й фестиваль «Московская осень»: профильная программа современной музыки.,retain only existing event-specific content; remove radar/contour/calendar/inclusion policy wording,process_clause_removed,high
composers-moscow-autumn-quartet-plus-2026-10-22,details,content,"22 октября, 19:00. Камерный марафон современной музыки.",keep,"22 октября, 19:00. Камерный марафон современной музыки.",user-facing factual content,none,high
doc-greeks-oedipus-medea-2026-10-22,why,generic,Репертуарная карточка: сохраняем постановку в полном театральном календаре.,remove,,"generic repertoire placeholder, not an editorial reason",repertoire_card_placeholder,high
doc-greeks-oedipus-medea-2026-10-22,details,content,22 октября. 1 ч 30 мин.,keep,22 октября. 1 ч 30 мин.,user-facing factual content,none,high
mm-main-piano-keys-2026-10-23,why,editorial,Инструментальная тема органична для коллекции музея.,keep,Инструментальная тема органична для коллекции музея.,content-specific editorial reason,none,high
mm-main-piano-keys-2026-10-23,details,content,Концерт.,keep,Концерт.,user-facing factual content,none,high
bolshoi-pearl-fishers-2026-10-23-1900,why,technical,Подтверждённая позиция полного октябрьского sweep Большого театра.,remove,,confirmation/provenance is not an editorial reason,confirmed_placeholder,high
bolshoi-pearl-fishers-2026-10-23-1900,details,technical,Дата и площадка подтверждены актуальной афишей Большого театра.,remove,,source verification or internal process text without user-facing event content,pure_public_provenance,high
consv-bzk-zhilin-phonograph-2026-10-23,why,generic,Содержательная дата Консерватории: Сергей Жилин — «Все цвета музыки».,remove,,generic content-date label repeats event content but does not explain why the event merits attention,conservatory_content_date_placeholder,high
consv-bzk-zhilin-phonograph-2026-10-23,details,content,Юбилейная программа; подробный трек-лист не опубликован.,keep,Юбилейная программа; подробный трек-лист не опубликован.,user-facing factual content,none,high
consv-mzk-saxophone-quartet-2026-10-23,why,generic,Содержательная дата Консерватории: Московский квартет саксофонистов.,remove,,generic content-date label repeats event content but does not explain why the event merits attention,conservatory_content_date_placeholder,high
consv-mzk-saxophone-quartet-2026-10-23,details,content,Программа квартета в календарном анонсе не раскрыта.,keep,Программа квартета в календарном анонсе не раскрыта.,user-facing factual content,none,high
consv-rach-berkul-class-2026-10-23,why,technical,Подтверждено официальной октябрьской афишей Московской консерватории при контрольной сверке по дням.,remove,,confirmation/provenance is not an editorial reason,confirmed_placeholder,high
consv-rach-berkul-class-2026-10-23,details,technical,Событие подтверждено календарём Московской консерватории; дополнительные детали следует брать из актуальной официальной карточки.,remove,,source verification or internal process text without user-facing event content,pure_public_provenance,high
dost-sovereigns-court-2026-10-23,why,editorial,Содержательный разговор о трансформации двора и административных институтов через музейные предметы и источники.,keep,Содержательный разговор о трансформации двора и административных институтов через музейные предметы и источники.,content-specific editorial reason,none,high
dost-sovereigns-court-2026-10-23,details,content,"От княжеского окружения к государственному аппарату: приказы, чины, грамоты, кризис Смуты и восстановление системы.",keep,"От княжеского окружения к государственному аппарату: приказы, чины, грамоты, кризис Смуты и восстановление системы.",user-facing factual content,none,high
ges2-boulez100-2026-10-23,why,editorial,Булез целиком и профильный ансамбль — один из наиболее точных современных кандидатов.,keep,Булез целиком и профильный ансамбль — один из наиболее точных современных кандидатов.,content-specific editorial reason,none,high
ges2-boulez100-2026-10-23,details,content,Пьер Булез.,keep,Пьер Булез.,user-facing factual content,none,high
mmdm-6931,why,editorial,"Литературный моноспектакль по Уайльду с живым ансамблем — сильная пограничная линия театра, литературы и музыки.",keep,"Литературный моноспектакль по Уайльду с живым ансамблем — сильная пограничная линия театра, литературы и музыки.",content-specific editorial reason,none,high
mmdm-6931,details,content,"Даниил Спиваковский, художественное слово; ансамбль солистов Antonio Orchestra.",keep,"Даниил Спиваковский, художественное слово; ансамбль солистов Antonio Orchestra.",user-facing factual content,none,high
mmdm-7244,why,technical,Подтверждённая позиция полного sweep Московского международного Дома музыки.,remove,,confirmation/provenance is not an editorial reason,confirmed_placeholder,high
mmdm-7244,details,technical,Событие подтверждено официальной афишей Московского международного Дома музыки.,remove,,source verification or internal process text without user-facing event content,pure_public_provenance,high
mmdm-7359,why,technical,Подтверждённая позиция полного sweep Московского международного Дома музыки.,remove,,confirmation/provenance is not an editorial reason,confirmed_placeholder,high
mmdm-7359,details,technical,Событие подтверждено официальной афишей Московского международного Дома музыки.,remove,,source verification or internal process text without user-facing event content,pure_public_provenance,high
mmdm-beethoven-chizhevsky-2026-10-23,why,editorial,Три симфонии Бетховена в одном вечере с Чижевским — сильный симфонический кандидат.,keep,Три симфонии Бетховена в одном вечере с Чижевским — сильный симфонический кандидат.,content-specific editorial reason,none,high
mmdm-beethoven-chizhevsky-2026-10-23,details,content,"Бетховен — Симфонии № 1, 2 и 5.",keep,"Бетховен — Симфонии № 1, 2 и 5.",user-facing factual content,none,high
myaskovsky-schumann-brahms-dialogue-2026-10-23,why,technical,Подтверждено официальной афишей Московской консерватории при полном повторном sweep зала Мясковского за октябрь 2026.,remove,,confirmation/provenance is not an editorial reason,confirmed_placeholder,high
myaskovsky-schumann-brahms-dialogue-2026-10-23,details,technical,Публичная позиция официальной афиши; редакционная приоритизация отделена от факта включения.,remove,,source verification or internal process text without user-facing event content,pure_public_provenance,high
nikitskie-chekhov-jokes-2026-10-23,why,generic,Репертуарная карточка: по театрам сохраняем практически весь доступный октябрьский репертуар.,remove,,"generic repertoire placeholder, not an editorial reason",repertoire_card_placeholder,high
nikitskie-chekhov-jokes-2026-10-23,details,mixed,Октябрьская афиша театра. Билеты от 2000 ₽ по текущему агрегатору.,rewrite_existing_content_only,Билеты от 2000 ₽,"retain existing price fact, remove source/provenance wording",theatre_aggregator_price,high
phil-camerata-rno-serenades-2026-10-23,why,editorial,Редкая и хорошо собранная камерная программа: от Сальери и Фукса до Нильсена и Рославца.,keep,Редкая и хорошо собранная камерная программа: от Сальери и Фукса до Нильсена и Рославца.,content-specific editorial reason,none,high
phil-camerata-rno-serenades-2026-10-23,details,content,Сальери — Маленькая серенада; Гайдн — Дивертисмент; Фукс — Серенада; Нильсен — Serenata in vano; Рославец — Ноктюрн.,keep,Сальери — Маленькая серенада; Гайдн — Дивертисмент; Фукс — Серенада; Нильсен — Serenata in vano; Рославец — Ноктюрн.,user-facing factual content,none,high
composers-moscow-autumn-presentiment-snow-2026-10-23,why,mixed,46-й фестиваль «Московская осень»: профильная программа современной музыки на обязательной малой площадке.,rewrite_existing_content_only,46-й фестиваль «Московская осень»: профильная программа современной музыки.,retain only existing event-specific content; remove radar/contour/calendar/inclusion policy wording,process_clause_removed,high
composers-moscow-autumn-presentiment-snow-2026-10-23,details,content,"23 октября, 19:00. Заключительный вечер камерного марафона.",keep,"23 октября, 19:00. Заключительный вечер камерного марафона.",user-facing factual content,none,high
rassvet-exotique-2026-10-23,why,editorial,Ориентализм во французской музыке и современное продолжение линии.,keep,Ориентализм во французской музыке и современное продолжение линии.,content-specific editorial reason,none,high
rassvet-exotique-2026-10-23,details,content,"Дебюсси, Равель, Заваро, Коннессон.",keep,"Дебюсси, Равель, Заваро, Коннессон.",user-facing factual content,none,high
mm-prokofiev-architects-2026-10-24,why,editorial,"Неочевидное соседство Прокофьева, Гедике и Регера — хороший музейный кандидат.",keep,"Неочевидное соседство Прокофьева, Гедике и Регера — хороший музейный кандидат.",content-specific editorial reason,none,high
mm-prokofiev-architects-2026-10-24,details,content,Концерт.,keep,Концерт.,user-facing factual content,none,high
voz-offflight-conference-2026-10-24,why,editorial,"Междисциплинарная конференция о натуралистическом повороте, художественных практиках, шуме, экологии и сибирском андеграунде.",keep,"Междисциплинарная конференция о натуралистическом повороте, художественных практиках, шуме, экологии и сибирском андеграунде.",content-specific editorial reason,none,high
voz-offflight-conference-2026-10-24,details,mixed,"24–25 октября. Двухдневная конференция; точное расписание по времени на текущей официальной странице не опубликовано, поэтому используется date_only.",rewrite_existing_content_only,24–25 октября. Двухдневная конференция.,retain dates/format; remove source-state/date_only implementation note,manual_details_source_clause,high
prove-how-note-became-music-2026-10-24,why,generic,Подтверждённая детская камерная программа площадки.,remove,,confirmation/provenance is not an editorial reason,confirmed_placeholder,high
prove-how-note-became-music-2026-10-24,details,content,"24 октября, 11:00. Музыкальные игры и загадки с трио флейты, скрипки и виолончели.",keep,"24 октября, 11:00. Музыкальные игры и загадки с трио флейты, скрипки и виолончели.",user-facing factual content,none,high
prove-sleeping-beauty-ballerina-2026-10-24,why,mixed,Фрагменты Чайковского в камерном детском формате с балериной; подтверждено официальной афишей площадки.,rewrite_existing_content_only,Фрагменты Чайковского в камерном детском формате с балериной,"retain existing content reason, remove source-verification provenance",content_plus_official_confirmation,high
prove-sleeping-beauty-ballerina-2026-10-24,details,content,"24 октября, 12:30. Фрагменты из балета Чайковского в исполнении флейты, виолончели, рояля и балерины Нины Бирюковой.",keep,"24 октября, 12:30. Фрагменты из балета Чайковского в исполнении флейты, виолончели, рояля и балерины Нины Бирюковой.",user-facing factual content,none,high
maly-captains-daughter-oct26,why,generic,Репертуарная карточка: сохраняем постановку в полном театральном календаре.,remove,,"generic repertoire placeholder, not an editorial reason",repertoire_card_placeholder,high
maly-captains-daughter-oct26,details,content,"24 октября: 13:00 и 18:00. 2 ч 20 мин, один антракт.",keep,"24 октября: 13:00 и 18:00. 2 ч 20 мин, один антракт.",user-facing factual content,none,high
mmdm-6932,why,technical,Подтверждённая позиция полного sweep Московского международного Дома музыки.,remove,,confirmation/provenance is not an editorial reason,confirmed_placeholder,high
mmdm-6932,details,technical,Событие подтверждено официальной афишей Московского международного Дома музыки.,remove,,source verification or internal process text without user-facing event content,pure_public_provenance,high
mmdm-6933,why,technical,Подтверждённая позиция полного sweep Московского международного Дома музыки.,remove,,confirmation/provenance is not an editorial reason,confirmed_placeholder,high
mmdm-6933,details,technical,Событие подтверждено официальной афишей Московского международного Дома музыки.,remove,,source verification or internal process text without user-facing event content,pure_public_provenance,high
mmdm-6934,why,technical,Подтверждённая позиция полного sweep Московского международного Дома музыки.,remove,,confirmation/provenance is not an editorial reason,confirmed_placeholder,high
mmdm-6934,details,technical,Событие подтверждено официальной афишей Московского международного Дома музыки.,remove,,source verification or internal process text without user-facing event content,pure_public_provenance,high
praktika-prostodursen-great-2026-10-24,why,generic,Репертуарная карточка: сохраняем постановку в полном театральном календаре.,remove,,"generic repertoire placeholder, not an editorial reason",repertoire_card_placeholder,high
praktika-prostodursen-great-2026-10-24,details,content,24 октября. 1 час.,keep,24 октября. 1 час.,user-facing factual content,none,high
consv-bzk-day-2026-10-24,why,technical,Подтверждено официальной октябрьской афишей Московской консерватории при контрольной сверке по дням.,remove,,confirmation/provenance is not an editorial reason,confirmed_placeholder,high
consv-bzk-day-2026-10-24,details,technical,Точная формулировка подтверждена актуальной официальной афишей при сверке дневных страниц и официальных карточек.,remove,,source verification or internal process text without user-facing event content,pure_public_provenance,high
consv-mzk-uglichin-symphonic-2026-10-24,why,mixed,Ключевая программа текущего sweep Консерватории: Симфонические произведения Владимира Угличина.,rewrite_existing_content_only,Симфонические произведения Владимира Угличина.,remove sweep provenance and retain the existing program core,key_program_sweep_prefix,high
consv-mzk-uglichin-symphonic-2026-10-24,details,content,Состав произведений и исполнителей в сводной афише не раскрыт.,keep,Состав произведений и исполнителей в сводной афише не раскрыт.,user-facing factual content,none,high
consv-rach-day-2026-10-24-14,why,technical,Подтверждено официальной октябрьской афишей Московской консерватории при контрольной сверке по дням.,remove,,confirmation/provenance is not an editorial reason,confirmed_placeholder,high
consv-rach-day-2026-10-24-14,details,technical,Точная формулировка подтверждена актуальной официальной афишей при сверке дневных страниц и официальных карточек.,remove,,source verification or internal process text without user-facing event content,pure_public_provenance,high
myaskovsky-wang-zhihong-2026-10-24,why,technical,Подтверждено официальной афишей Московской консерватории при полном повторном sweep зала Мясковского за октябрь 2026.,remove,,confirmation/provenance is not an editorial reason,confirmed_placeholder,high
myaskovsky-wang-zhihong-2026-10-24,details,technical,Публичная позиция официальной афиши; редакционная приоритизация отделена от факта включения.,remove,,source verification or internal process text without user-facing event content,pure_public_provenance,high
gnesin-museum-meetings-2026-10-24,why,generic,Публичная музыкально-просветительская программа Гнесинки.,remove,,generic/process rationale does not state a concrete event-specific reason,public_listing_placeholder,high
gnesin-museum-meetings-2026-10-24,details,content,"24 октября, 15:00–17:00. Интерактивная музыкальная лекция в Мемориальном музее-квартире Ел. Ф. Гнесиной.",keep,"24 октября, 15:00–17:00. Интерактивная музыкальная лекция в Мемориальном музее-квартире Ел. Ф. Гнесиной.",user-facing factual content,none,high
helikon-aleko-2026-10-24,why,editorial,Рахманиновская опера в камерном зале.,keep,Рахманиновская опера в камерном зале.,content-specific editorial reason,none,high
helikon-aleko-2026-10-24,details,content,24 и 25 октября 2026.,keep,24 и 25 октября 2026.,user-facing factual content,none,high
karennina,why,editorial,"Масштабная психологическая работа со второй половиной романа; тот случай, когда длина — часть замысла.",keep,"Масштабная психологическая работа со второй половиной романа; тот случай, когда длина — часть замысла.",content-specific editorial reason,none,high
karennina,details,content,24 и 25 октября 2026; далее 14 и 15 ноября. Продолжительность 5 часов 30 минут с двумя антрактами.,keep,24 и 25 октября 2026; далее 14 и 15 ноября. Продолжительность 5 часов 30 минут с двумя антрактами.,user-facing factual content,none,high
mm-golovanov-two-geniuses-2026-10-24,why,editorial,Камерная вокально-фортепианная программа в исторической квартире.,keep,Камерная вокально-фортепианная программа в исторической квартире.,content-specific editorial reason,none,high
mm-golovanov-two-geniuses-2026-10-24,details,content,75 минут без антракта.,keep,75 минут без антракта.,user-facing factual content,none,high
maly-lev-gurych-oct26,why,generic,Репертуарная карточка: сохраняем постановку в полном театральном календаре.,remove,,"generic repertoire placeholder, not an editorial reason",repertoire_card_placeholder,high
maly-lev-gurych-oct26,details,content,"24 октября. 2 ч 20 мин, один антракт.",keep,"24 октября. 2 ч 20 мин, один антракт.",user-facing factual content,none,high
sfera-ordinary-story-2026-10-24,why,editorial,"Длинная психологическая версия Гончарова, где сама продолжительность оправдана работой с развитием героя.",keep,"Длинная психологическая версия Гончарова, где сама продолжительность оправдана работой с развитием героя.",content-specific editorial reason,none,high
sfera-ordinary-story-2026-10-24,details,content,"24 октября, 18:00. 3 часа 40 минут с одним антрактом.",keep,"24 октября, 18:00. 3 часа 40 минут с одним антрактом.",user-facing factual content,none,high
bolshoi-ballo-2026-10-24-1900,why,technical,Подтверждённая позиция полного октябрьского sweep Большого театра.,remove,,confirmation/provenance is not an editorial reason,confirmed_placeholder,high
bolshoi-ballo-2026-10-24-1900,details,technical,Дата и площадка подтверждены актуальной афишей Большого театра.,remove,,source verification or internal process text without user-facing event content,pure_public_provenance,high
bolshoi-pearl-fishers-2026-10-24-1900,why,technical,Подтверждённая позиция полного октябрьского sweep Большого театра.,remove,,confirmation/provenance is not an editorial reason,confirmed_placeholder,high
bolshoi-pearl-fishers-2026-10-24-1900,details,technical,Дата и площадка подтверждены актуальной афишей Большого театра.,remove,,source verification or internal process text without user-facing event content,pure_public_provenance,high
consv-bzk-bso-nonciaux-2026-10-24,why,generic,Содержательное событие официальной афиши Московской консерватории; добавлено при системном проходе до конца 2026 года.,remove,,generic placeholder plus internal pass provenance,generic_official_listing_system_pass,high
consv-bzk-bso-nonciaux-2026-10-24,details,empty,,no_action,,field is empty or absent,empty,high
consv-mzk-kapitonov-shigeno-2026-10-24,why,generic,Содержательная дата Консерватории: Семён Капитонов / Тайсэй Сигэно — фортепианный вечер.,remove,,generic content-date label repeats event content but does not explain why the event merits attention,conservatory_content_date_placeholder,high
consv-mzk-kapitonov-shigeno-2026-10-24,details,content,Абонемент «Элисо Вирсаладзе и ученики»; программа не раскрыта.,keep,Абонемент «Элисо Вирсаладзе и ученики»; программа не раскрыта.,user-facing factual content,none,high
consv-rach-evening-2026-10-24,why,technical,Подтверждено официальной октябрьской афишей Московской консерватории при контрольной сверке по дням.,remove,,confirmation/provenance is not an editorial reason,confirmed_placeholder,high
consv-rach-evening-2026-10-24,details,technical,Точная формулировка подтверждена актуальной официальной афишей при сверке дневных страниц и официальных карточек.,remove,,source verification or internal process text without user-facing event content,pure_public_provenance,high
five-evenings-noise-time-2026-10-24,why,editorial,Открытие фестиваля современной российской музыки.,keep,Открытие фестиваля современной российской музыки.,content-specific editorial reason,none,high
five-evenings-noise-time-2026-10-24,details,content,Первый вечер VIII фестиваля «Пять вечеров».,keep,Первый вечер VIII фестиваля «Пять вечеров».,user-facing factual content,none,high
mmdm-6935,why,technical,Подтверждённая позиция полного sweep Московского международного Дома музыки.,remove,,confirmation/provenance is not an editorial reason,confirmed_placeholder,high
mmdm-6935,details,technical,Событие подтверждено официальной афишей Московского международного Дома музыки.,remove,,source verification or internal process text without user-facing event content,pure_public_provenance,high
mmdm-6936,why,technical,Подтверждённая позиция полного sweep Московского международного Дома музыки.,remove,,confirmation/provenance is not an editorial reason,confirmed_placeholder,high
mmdm-6936,details,technical,Событие подтверждено официальной афишей Московского международного Дома музыки.,remove,,source verification or internal process text without user-facing event content,pure_public_provenance,high
mmdm-7020,why,technical,Подтверждённая позиция полного sweep Московского международного Дома музыки.,remove,,confirmation/provenance is not an editorial reason,confirmed_placeholder,high
mmdm-7020,details,technical,Событие подтверждено официальной афишей Московского международного Дома музыки.,remove,,source verification or internal process text without user-facing event content,pure_public_provenance,high
myaskovsky-yuan-chenyi-sun-yixian-2026-10-24,why,technical,Подтверждено официальной афишей Московской консерватории при полном повторном sweep зала Мясковского за октябрь 2026.,remove,,confirmation/provenance is not an editorial reason,confirmed_placeholder,high
myaskovsky-yuan-chenyi-sun-yixian-2026-10-24,details,technical,Публичная позиция официальной афиши; редакционная приоритизация отделена от факта включения.,remove,,source verification or internal process text without user-facing event content,pure_public_provenance,high
nikitskie-paraphrase-2026-10-24,why,generic,Репертуарная карточка: по театрам сохраняем практически весь доступный октябрьский репертуар.,remove,,"generic repertoire placeholder, not an editorial reason",repertoire_card_placeholder,high
nikitskie-paraphrase-2026-10-24,details,mixed,Октябрьская афиша театра. Билеты от 2000 ₽ по текущему агрегатору.,rewrite_existing_content_only,Билеты от 2000 ₽,"retain existing price fact, remove source/provenance wording",theatre_aggregator_price,high
nikitskie-ya-maya-2026-10-24,why,generic,Репертуарная карточка: по театрам сохраняем практически весь доступный октябрьский репертуар.,remove,,"generic repertoire placeholder, not an editorial reason",repertoire_card_placeholder,high
nikitskie-ya-maya-2026-10-24,details,mixed,Октябрьская афиша театра. Билеты от 750 ₽ по текущему агрегатору.,rewrite_existing_content_only,Билеты от 750 ₽,"retain existing price fact, remove source/provenance wording",theatre_aggregator_price,high
okolo-chevengur-2026-10-24,why,generic,Содержательная театральная работа из приоритетного контура Культрадара.,remove,,generic/process rationale does not state a concrete event-specific reason,priority_contour_placeholder,high
okolo-chevengur-2026-10-24,details,empty,,no_action,,field is empty or absent,empty,high
phil-gubaidulina-in-croce-2026-10-24,why,editorial,Юбилейная программа Губайдулиной с крупными камерными сочинениями — один из сильнейших октябрьских пунктов Филармонии.,keep,Юбилейная программа Губайдулиной с крупными камерными сочинениями — один из сильнейших октябрьских пунктов Филармонии.,content-specific editorial reason,none,high
phil-gubaidulina-in-croce-2026-10-24,details,content,"Губайдулина — Струнный квартет № 4 с магнитофонной лентой; Perception для сопрано, баритона и семи струнных.",keep,"Губайдулина — Струнный квартет № 4 с магнитофонной лентой; Perception для сопрано, баритона и семи струнных.",user-facing factual content,none,high
niko-kopachevsky-rudin-korzhenevich-2026-10-24,why,editorial,Сильный камерный состав и содержательная романтическая программа.,keep,Сильный камерный состав и содержательная романтическая программа.,content-specific editorial reason,none,high
niko-kopachevsky-rudin-korzhenevich-2026-10-24,details,content,"24 октября, 19:30. Вечер камерной музыки: Шоссон, Брамс, Брух.",keep,"24 октября, 19:30. Вечер камерной музыки: Шоссон, Брамс, Брух.",user-facing factual content,none,high
gnesin-shpiller-gala-2026-10-25,why,generic,Репертуарная карточка: сохраняем постановку в полном театральном календаре.,remove,,"generic repertoire placeholder, not an editorial reason",repertoire_card_placeholder,high
gnesin-shpiller-gala-2026-10-25,details,content,"25 октября, 14:00. Церемония награждения и гала-концерт конкурса «Шедевры русской музыки».",keep,"25 октября, 14:00. Церемония награждения и гала-концерт конкурса «Шедевры русской музыки».",user-facing factual content,none,high
vishnevskaya-centenary-2026-10-25,why,editorial,Центральное юбилейное событие профильной оперной площадки.,keep,Центральное юбилейное событие профильной оперной площадки.,content-specific editorial reason,none,high
vishnevskaya-centenary-2026-10-25,details,technical,25 октября. Точное время и программа — на официальной афише Центра.,remove,,source verification or internal process text without user-facing event content,pure_public_provenance,high
bolshoi-ballo-2026-10-25-1200,why,technical,Подтверждённая позиция полного октябрьского sweep Большого театра.,remove,,confirmation/provenance is not an editorial reason,confirmed_placeholder,high
bolshoi-ballo-2026-10-25-1200,details,technical,Дата и площадка подтверждены актуальной афишей Большого театра.,remove,,source verification or internal process text without user-facing event content,pure_public_provenance,high
mmdm-7031,why,technical,Подтверждённая позиция полного sweep Московского международного Дома музыки.,remove,,confirmation/provenance is not an editorial reason,confirmed_placeholder,high
mmdm-7031,details,technical,Событие подтверждено официальной афишей Московского международного Дома музыки.,remove,,source verification or internal process text without user-facing event content,pure_public_provenance,high
ruf-eucharist-2026-10-25,why,generic,Подтверждённый цикл разговоров на обязательной площадке.,remove,,confirmation/provenance is not an editorial reason,confirmed_placeholder,high
ruf-eucharist-2026-10-25,details,content,"Цикл из четырёх встреч: 4, 11, 18 и 25 октября в 12:15. Нововаганьковский пер., 9.",keep,"Цикл из четырёх встреч: 4, 11, 18 и 25 октября в 12:15. Нововаганьковский пер., 9.",user-facing factual content,none,high
mmdm-6937,why,technical,Подтверждённая позиция полного sweep Московского международного Дома музыки.,remove,,confirmation/provenance is not an editorial reason,confirmed_placeholder,high
mmdm-6937,details,technical,Событие подтверждено официальной афишей Московского международного Дома музыки.,remove,,source verification or internal process text without user-facing event content,pure_public_provenance,high
mmdm-7355,why,technical,Подтверждённая позиция полного sweep Московского международного Дома музыки.,remove,,confirmation/provenance is not an editorial reason,confirmed_placeholder,high
mmdm-7355,details,technical,Событие подтверждено официальной афишей Московского международного Дома музыки.,remove,,source verification or internal process text without user-facing event content,pure_public_provenance,high
phil-language-ballet-2026-10-25,why,technical,Подтверждённая дата полного sweep Московской филармонии до 31.12.2026; включена в широкий календарь без вкусового отсева.,remove,,confirmation/provenance is not an editorial reason,confirmed_placeholder,high
phil-language-ballet-2026-10-25,details,content,"Музыкальная история балета: Рамо, Минкус, Чайковский, Сен-Санс, Равель, Прокофьев, Стравинский.",keep,"Музыкальная история балета: Рамо, Минкус, Чайковский, Сен-Санс, Равель, Прокофьев, Стравинский.",user-facing factual content,none,high
phil-pushkin-bronze-horseman-2026-10-25,why,technical,Подтверждённая дата полного sweep Московской филармонии до 31.12.2026; включена в широкий календарь без вкусового отсева.,remove,,confirmation/provenance is not an editorial reason,confirmed_placeholder,high
phil-pushkin-bronze-horseman-2026-10-25,details,content,Разговор и чтение «Медного всадника».,keep,Разговор и чтение «Медного всадника».,user-facing factual content,none,high
consv-bzk-student-orchestra-2026-10-25,why,generic,Содержательная дата Консерватории: Симфонический оркестр студентов Московской консерватории.,remove,,generic content-date label repeats event content but does not explain why the event merits attention,conservatory_content_date_placeholder,high
consv-bzk-student-orchestra-2026-10-25,details,content,Абонемент «Московская консерватория и Денис Мацуев представляют новые имена»; программа не опубликована.,keep,Абонемент «Московская консерватория и Денис Мацуев представляют новые имена»; программа не опубликована.,user-facing factual content,none,high
consv-mzk-day-2026-10-25,why,technical,Подтверждено официальной октябрьской афишей Московской консерватории при контрольной сверке по дням.,remove,,confirmation/provenance is not an editorial reason,confirmed_placeholder,high
consv-mzk-day-2026-10-25,details,technical,Точная формулировка подтверждена актуальной официальной афишей при сверке дневных страниц и официальных карточек.,remove,,source verification or internal process text without user-facing event content,pure_public_provenance,high
consv-rach-day-2026-10-25,why,technical,Подтверждено официальной октябрьской афишей Московской консерватории при контрольной сверке по дням.,remove,,confirmation/provenance is not an editorial reason,confirmed_placeholder,high
consv-rach-day-2026-10-25,details,technical,Точная формулировка подтверждена актуальной официальной афишей при сверке дневных страниц и официальных карточек.,remove,,source verification or internal process text without user-facing event content,pure_public_provenance,high
dost-popov-radio-2026-10-25,why,editorial,Редкий камерный формат истории науки с доступом к подлинному приёмнику Попова и закрытой музейной коллекции.,keep,Редкий камерный формат истории науки с доступом к подлинному приёмнику Попова и закрытой музейной коллекции.,content-specific editorial reason,none,high
dost-popov-radio-2026-10-25,details,content,Лекция и авторская экскурсия по Открытой коллекции; группа не более 15 человек.,keep,Лекция и авторская экскурсия по Открытой коллекции; группа не более 15 человек.,user-facing factual content,none,high
mayakovsky-karenina-2026-10-25,why,mixed,"Контрольный дальний театральный кандидат проекта: Перегудов, Толстой и оправданный длинный формат.",rewrite_existing_content_only,"Перегудов, Толстой и оправданный длинный формат.",retain only existing event-specific content; remove radar/contour/calendar/inclusion policy wording,process_clause_removed,high
mayakovsky-karenina-2026-10-25,details,content,"Около 5 ч 30 мин, два антракта.",keep,"Около 5 ч 30 мин, два антракта.",user-facing factual content,none,high
composers-moscow-autumn-jazz-commission-2026-10-25,why,mixed,46-й фестиваль «Московская осень»: профильная программа современной музыки на обязательной малой площадке.,rewrite_existing_content_only,46-й фестиваль «Московская осень»: профильная программа современной музыки.,retain only existing event-specific content; remove radar/contour/calendar/inclusion policy wording,process_clause_removed,high
composers-moscow-autumn-jazz-commission-2026-10-25,details,content,"25 октября, 18:00. Концерт авторской музыки Джазовой комиссии Союза московских композиторов.",keep,"25 октября, 18:00. Концерт авторской музыки Джазовой комиссии Союза московских композиторов.",user-facing factual content,none,high
bolshoi-shostakovich-triptych-2026-10-25-1900,why,technical,Подтверждённая позиция полного октябрьского sweep Большого театра.,remove,,confirmation/provenance is not an editorial reason,confirmed_placeholder,high
bolshoi-shostakovich-triptych-2026-10-25-1900,details,technical,Дата и площадка подтверждены актуальной афишей Большого театра.,remove,,source verification or internal process text without user-facing event content,pure_public_provenance,high
consv-bzk-khachikyan-tchaikovsky-sviridov-2026-10-25,why,generic,Содержательная дата Консерватории: Чайковский / Свиридов / Хачатурян — Константин Хачикян.,remove,,generic content-date label repeats event content but does not explain why the event merits attention,conservatory_content_date_placeholder,high
consv-bzk-khachikyan-tchaikovsky-sviridov-2026-10-25,details,content,Конкретные произведения в календарном анонсе не перечислены.,keep,Конкретные произведения в календарном анонсе не перечислены.,user-facing factual content,none,high
consv-myaskovsky-folklore-russian-composers-2026-10-25,why,mixed,Ключевая программа текущего sweep Консерватории: «Фольклор в творчестве русских композиторов».,rewrite_existing_content_only,«Фольклор в творчестве русских композиторов».,remove sweep provenance and retain the existing program core,key_program_sweep_prefix,high
consv-myaskovsky-folklore-russian-composers-2026-10-25,details,content,Программа абонемента №31 не детализирована в сводной афише.,keep,Программа абонемента №31 не детализирована в сводной афише.,user-facing factual content,none,high
consv-mzk-akkuratov-2026-10-25,why,generic,Содержательная дата Консерватории: Олег Аккуратов — фортепианный вечер.,remove,,generic content-date label repeats event content but does not explain why the event merits attention,conservatory_content_date_placeholder,high
consv-mzk-akkuratov-2026-10-25,details,content,Программа фортепианного вечера не опубликована.,keep,Программа фортепианного вечера не опубликована.,user-facing factual content,none,high
consv-rach-vienna-two-eras-2026-10-25,why,generic,Содержательное событие официальной афиши Московской консерватории; добавлено при системном проходе до конца 2026 года.,remove,,generic placeholder plus internal pass provenance,generic_official_listing_system_pass,high
consv-rach-vienna-two-eras-2026-10-25,details,empty,,no_action,,field is empty or absent,empty,high
iletheleme-five-evenings-2026-10-25,why,editorial,Современная камерная музыка на независимой площадке.,keep,Современная камерная музыка на независимой площадке.,content-specific editorial reason,none,high
iletheleme-five-evenings-2026-10-25,details,content,"25 октября, 18:00. Второй вечер фестиваля Союза композиторов России «Пять вечеров» — «Узоры и силуэты»: вокальные сочинения современных российских авторов.",keep,"25 октября, 18:00. Второй вечер фестиваля Союза композиторов России «Пять вечеров» — «Узоры и силуэты»: вокальные сочинения современных российских авторов.",user-facing factual content,none,high
mamt-straussiana-2026-10-25,why,editorial,Историческая постановка 1941 года возвращается ровно к юбилею мировой премьеры.,keep,Историческая постановка 1941 года возвращается ровно к юбилею мировой премьеры.,content-specific editorial reason,none,high
mamt-straussiana-2026-10-25,details,mixed,"40 минут без антракта. 25 октября идут три показа — 12:00, 15:00 и 19:00; карточка заведена на вечерний.",rewrite_existing_content_only,"40 минут без антракта. 25 октября идут три показа — 12:00, 15:00 и 19:00","retain existing duration/showtimes, remove internal card note",showtimes_plus_internal_card_note,high
mmdm-7024,why,technical,Подтверждённая позиция полного sweep Московского международного Дома музыки.,remove,,confirmation/provenance is not an editorial reason,confirmed_placeholder,high
mmdm-7024,details,technical,Событие подтверждено официальной афишей Московского международного Дома музыки.,remove,,source verification or internal process text without user-facing event content,pure_public_provenance,high
mmdm-7078,why,technical,Подтверждённая позиция полного sweep Московского международного Дома музыки.,remove,,confirmation/provenance is not an editorial reason,confirmed_placeholder,high
mmdm-7078,details,technical,Событие подтверждено официальной афишей Московского международного Дома музыки.,remove,,source verification or internal process text without user-facing event content,pure_public_provenance,high
mmdm-7474,why,technical,Подтверждённая позиция полного sweep Московского международного Дома музыки.,remove,,confirmation/provenance is not an editorial reason,confirmed_placeholder,high
mmdm-7474,details,technical,Событие подтверждено официальной афишей Московского международного Дома музыки.,remove,,source verification or internal process text without user-facing event content,pure_public_provenance,high
nikitskie-morphine-2026-10-25,why,generic,Репертуарная карточка: по театрам сохраняем практически весь доступный октябрьский репертуар.,remove,,"generic repertoire placeholder, not an editorial reason",repertoire_card_placeholder,high
nikitskie-morphine-2026-10-25,details,mixed,Октябрьская афиша театра. Билеты от 2500 ₽ по текущему агрегатору.,rewrite_existing_content_only,Билеты от 2500 ₽,"retain existing price fact, remove source/provenance wording",theatre_aggregator_price,high
phil-bach-french-predecessors-2026-10-25,why,mixed,Баховский радар + французская клавесинная традиция; событие должно быть в базе даже при sold out.,rewrite_existing_content_only,Французская клавесинная традиция.,retain only existing event-specific content; remove radar/contour/calendar/inclusion policy wording,process_clause_removed,high
phil-bach-french-predecessors-2026-10-25,details,content,Программа «Бах и его французские предшественники».,keep,Программа «Бах и его французские предшественники».,user-facing factual content,none,high
phil-tarasevich-davydchenko-2026-10-25,why,technical,Подтверждённая дата полного sweep Московской филармонии до 31.12.2026; включена в широкий календарь без вкусового отсева.,remove,,confirmation/provenance is not an editorial reason,confirmed_placeholder,high
phil-tarasevich-davydchenko-2026-10-25,details,content,"Равель — «Отражения», «Игра воды», Павана; Дебюсси — «Остров радости», «Бергамасская сюита»; Лист — трансцендентные этюды и пьесы из «Годов странствий».",keep,"Равель — «Отражения», «Игра воды», Павана; Дебюсси — «Остров радости», «Бергамасская сюита»; Лист — трансцендентные этюды и пьесы из «Годов странствий».",user-facing factual content,none,high
zaryadye-repin-novosibirsk-2026-10-25,why,technical,Подтверждено официальной афишей Зала Зарядье в контрольном sweep октября–декабря 2026.,remove,,confirmation/provenance is not an editorial reason,confirmed_placeholder,high
zaryadye-repin-novosibirsk-2026-10-25,details,technical,Событие подтверждено официальной афишей Зала Зарядье; актуальные программа и состав — по карточке источника.,remove,,source verification or internal process text without user-facing event content,pure_public_provenance,high
prove-queen-muse-2026-10-25,why,generic,Подтверждённая повторная программа камерной площадки; crossover не исключается из широкого календаря.,remove,,confirmation/provenance is not an editorial reason,confirmed_placeholder,high
prove-queen-muse-2026-10-25,details,content,"25 октября, 19:00. Рок-программа Queen, Muse, Radiohead, The Animals, Pink Floyd и др. в камерном формате.",keep,"25 октября, 19:00. Рок-программа Queen, Muse, Radiohead, The Animals, Pink Floyd и др. в камерном формате.",user-facing factual content,none,high
gnesin-cagmo-naruto-2026-10-25,why,generic,Публичное событие актуальной афиши РАМ имени Гнесиных.,remove,,generic/process rationale does not state a concrete event-specific reason,public_current_listing_placeholder,high
gnesin-cagmo-naruto-2026-10-25,details,content,"25 октября, 20:00. Симфонические аранжировки музыки из Naruto.",keep,"25 октября, 20:00. Симфонические аранжировки музыки из Naruto.",user-facing factual content,none,high
consv-rach-evening-2026-10-26,why,technical,Подтверждено официальной октябрьской афишей Московской консерватории при контрольной сверке по дням.,remove,,confirmation/provenance is not an editorial reason,confirmed_placeholder,high
consv-rach-evening-2026-10-26,details,technical,Точная формулировка подтверждена актуальной официальной афишей при сверке дневных страниц и официальных карточек.,remove,,source verification or internal process text without user-facing event content,pure_public_provenance,high
bolshoi-carmen-2026-10-26-1900,why,technical,Подтверждённая позиция полного октябрьского sweep Большого театра.,remove,,confirmation/provenance is not an editorial reason,confirmed_placeholder,high
bolshoi-carmen-2026-10-26-1900,details,technical,Дата и площадка подтверждены актуальной афишей Большого театра.,remove,,source verification or internal process text without user-facing event content,pure_public_provenance,high
bolshoi-shostakovich-triptych-2026-10-26-1900,why,technical,Подтверждённая позиция полного октябрьского sweep Большого театра.,remove,,confirmation/provenance is not an editorial reason,confirmed_placeholder,high
bolshoi-shostakovich-triptych-2026-10-26-1900,details,technical,Дата и площадка подтверждены актуальной афишей Большого театра.,remove,,source verification or internal process text without user-facing event content,pure_public_provenance,high
bzk-aleko-2026,why,mixed,"Компактная ранняя опера Рахманинова в БЗК — гораздо интереснее для радара, чем очередной стандартный гала-концерт.",rewrite_existing_content_only,Компактная ранняя опера Рахманинова в БЗК.,retain only existing event-specific content; remove radar/contour/calendar/inclusion policy wording,process_clause_removed,high
bzk-aleko-2026,details,content,С. В. Рахманинов — «Алеко».,keep,С. В. Рахманинов — «Алеко».,user-facing factual content,none,high
consv-mzk-melnikov-dedication-2026-10-26,why,generic,"Содержательная дата Консерватории: Посвящение скрипачу, профессору А. А. Мельникову.",remove,,generic content-date label repeats event content but does not explain why the event merits attention,conservatory_content_date_placeholder,high
consv-mzk-melnikov-dedication-2026-10-26,details,content,Программа концерта-посвящения не раскрыта.,keep,Программа концерта-посвящения не раскрыта.,user-facing factual content,none,high
kzch-young-2026,why,mixed,Насыщенная программа с четырьмя молодыми солистами; широкий пул должен такое показывать.,rewrite_existing_content_only,Насыщенная программа с четырьмя молодыми солистами.,retain only existing event-specific content; remove radar/contour/calendar/inclusion policy wording,process_clause_removed,high
kzch-young-2026,details,content,Элгар — виолончельный концерт; Рахманинов — Рапсодия на тему Паганини; Шоссон — Поэма; Прокофьев — Фортепианный концерт № 3.,keep,Элгар — виолончельный концерт; Рахманинов — Рапсодия на тему Паганини; Шоссон — Поэма; Прокофьев — Фортепианный концерт № 3.,user-facing factual content,none,high
mayakovsky-onegin-2026-10-26,why,generic,Содержательная театральная работа из приоритетного контура Культрадара.,remove,,generic/process rationale does not state a concrete event-specific reason,priority_contour_placeholder,high
mayakovsky-onegin-2026-10-26,details,content,Около 3 часов с антрактом.,keep,Около 3 часов с антрактом.,user-facing factual content,none,high
myaskovsky-sozdatelev-2026-10-26,why,technical,Подтверждено официальной афишей Московской консерватории при полном повторном sweep зала Мясковского за октябрь 2026.,remove,,confirmation/provenance is not an editorial reason,confirmed_placeholder,high
myaskovsky-sozdatelev-2026-10-26,details,technical,Публичная позиция официальной афиши; редакционная приоритизация отделена от факта включения.,remove,,source verification or internal process text without user-facing event content,pure_public_provenance,high
phil-spivakov-foundation-pianists-2026-10-26,why,technical,Подтверждённая дата полного sweep Московской филармонии до 31.12.2026; включена в широкий календарь без вкусового отсева.,remove,,confirmation/provenance is not an editorial reason,confirmed_placeholder,high
phil-spivakov-foundation-pianists-2026-10-26,details,empty,,no_action,,field is empty or absent,empty,high
praktika-prekrasno-2026-10-26,why,editorial,Новая работа по современной драматургии с одновременным действием в нескольких пространствах; до отзывов — аккуратный кандидат.,keep,Новая работа по современной драматургии с одновременным действием в нескольких пространствах; до отзывов — аккуратный кандидат.,content-specific editorial reason,none,high
praktika-prekrasno-2026-10-26,details,content,26 и 27 октября. 2 часа 30 минут с антрактом.,keep,26 и 27 октября. 2 часа 30 минут с антрактом.,user-facing factual content,none,high
zaryadye-kultyshev-2026-10-26,why,technical,Подтверждено официальной афишей Зала Зарядье в контрольном sweep октября–декабря 2026.,remove,,confirmation/provenance is not an editorial reason,confirmed_placeholder,high
zaryadye-kultyshev-2026-10-26,details,technical,Событие подтверждено официальной афишей Зала Зарядье; актуальные программа и состав — по карточке источника.,remove,,source verification or internal process text without user-facing event content,pure_public_provenance,high
zaryadye-meszaros-organ-2026-10-26,why,editorial,Ещё одна реальная октябрьская дата органного цикла Зарядья.,keep,Ещё одна реальная октябрьская дата органного цикла Зарядья.,content-specific editorial reason,none,high
zaryadye-meszaros-organ-2026-10-26,details,content,Органный концерт.,keep,Органный концерт.,user-facing factual content,none,high
yeltsin-chervyakov-crossroads-4-2026-10-26,why,editorial,Историческая лекция цикла о ключевых развилках российской истории 1990-х.,keep,Историческая лекция цикла о ключевых развилках российской истории 1990-х.,content-specific editorial reason,none,high
yeltsin-chervyakov-crossroads-4-2026-10-26,details,content,"26 октября, 19:00–20:30. Четвёртая лекция цикла «Неидеальный лабиринт».",keep,"26 октября, 19:00–20:30. Четвёртая лекция цикла «Неидеальный лабиринт».",user-facing factual content,none,high
voz-tvardovsky-one-poem-2026-10-26,why,editorial,Литературный вечер о биографии и поэзии Александра Твардовского.,keep,Литературный вечер о биографии и поэзии Александра Твардовского.,content-specific editorial reason,none,high
voz-tvardovsky-one-poem-2026-10-26,details,content,"26 октября, 19:00. Разговор о жизни Твардовского и чтение его стихов.",keep,"26 октября, 19:00. Разговор о жизни Твардовского и чтение его стихов.",user-facing factual content,none,high
rassvet-arm-percussion-2026-10-26,why,editorial,Новая музыка для перкуссии; профильная современная сцена.,keep,Новая музыка для перкуссии; профильная современная сцена.,content-specific editorial reason,none,high
rassvet-arm-percussion-2026-10-26,details,content,Новая музыка для перкуссии.,keep,Новая музыка для перкуссии.,user-facing factual content,none,high
doc-cars-2026-10-26,why,generic,Репертуарная карточка: сохраняем постановку в полном театральном календаре.,remove,,"generic repertoire placeholder, not an editorial reason",repertoire_card_placeholder,high
doc-cars-2026-10-26,details,content,26 октября. Премьера. 1 ч 30 мин.,keep,26 октября. Премьера. 1 ч 30 мин.,user-facing factual content,none,high
bolshoi-peter-wolf-giant-2026-10-27,why,mixed,Опубликованная Большим театром программа Прокофьева в Бетховенском зале; время не подставлено без первичного подтверждения.,rewrite_existing_content_only,Программа Прокофьева в Бетховенском зале,"retain existing program core, remove publication/verification process",program_plus_verification,high
bolshoi-peter-wolf-giant-2026-10-27,details,mixed,"Официальная афиша подтверждает показы 27–29 октября. Точное время в использованном первичном анонсе не указано, поэтому карточка хранится как date_only.",rewrite_existing_content_only,Показы 27–29 октября.,retain show-date fact; remove verification/date_only provenance,manual_details_source_clause,high
composers-moscow-autumn-roundtable-2026-10-27,why,generic,Содержательная встреча в программе фестиваля современной музыки; относится к talks-контуру проекта.,remove,,generic/process rationale does not state a concrete event-specific reason,contour_placeholder,high
composers-moscow-autumn-roundtable-2026-10-27,details,content,"27 октября, 15:00, Малый зал Дома композиторов. Итоговый круглый стол фестиваля.",keep,"27 октября, 15:00, Малый зал Дома композиторов. Итоговый круглый стол фестиваля.",user-facing factual content,none,high
bolshoi-carmen-2026-10-27-1900,why,technical,Подтверждённая позиция полного октябрьского sweep Большого театра.,remove,,confirmation/provenance is not an editorial reason,confirmed_placeholder,high
bolshoi-carmen-2026-10-27-1900,details,technical,Дата и площадка подтверждены актуальной афишей Большого театра.,remove,,source verification or internal process text without user-facing event content,pure_public_provenance,high
consv-bzk-paganini-pochekin-2026-10-27,why,generic,Содержательное событие официальной афиши Московской консерватории; добавлено при системном проходе до конца 2026 года.,remove,,generic placeholder plus internal pass provenance,generic_official_listing_system_pass,high
consv-bzk-paganini-pochekin-2026-10-27,details,empty,,no_action,,field is empty or absent,empty,high
consv-rach-composers-mgc-2-2026-10-27,why,generic,Содержательное событие официальной афиши Московской консерватории; добавлено при системном проходе до конца 2026 года.,remove,,generic placeholder plus internal pass provenance,generic_official_listing_system_pass,high
consv-rach-composers-mgc-2-2026-10-27,details,empty,,no_action,,field is empty or absent,empty,high
five-evenings-tales-pranks-2026-10-27,why,editorial,Третий вечер фестиваля новой российской музыки.,keep,Третий вечер фестиваля новой российской музыки.,content-specific editorial reason,none,high
five-evenings-tales-pranks-2026-10-27,details,content,VIII фестиваль «Пять вечеров».,keep,VIII фестиваль «Пять вечеров».,user-facing factual content,none,high
mmdm-6938,why,editorial,Сценический танцевальный проект с живым Solo Tango Orquesta и одним из ведущих исполнителей аргентинского танго.,keep,Сценический танцевальный проект с живым Solo Tango Orquesta и одним из ведущих исполнителей аргентинского танго.,content-specific editorial reason,none,high
mmdm-6938,details,content,Аргентинское танго с живым оркестром и танцевальной парой.,keep,Аргентинское танго с живым оркестром и танцевальной парой.,user-facing factual content,none,high
mmdm-7423,why,editorial,Сценическая версия пушкинского романа в стихах с актёрским ансамблем и живой музыкой.,keep,Сценическая версия пушкинского романа в стихах с актёрским ансамблем и живой музыкой.,content-specific editorial reason,none,high
mmdm-7423,details,content,Спектакль по роману «Евгений Онегин»; режиссёр и автор сценической версии Наталья Семенова.,keep,Спектакль по роману «Евгений Онегин»; режиссёр и автор сценической версии Наталья Семенова.,user-facing factual content,none,high
myaskovsky-ignatiev-composition-2026-10-27,why,technical,Подтверждено официальной афишей Московской консерватории при полном повторном sweep зала Мясковского за октябрь 2026.,remove,,confirmation/provenance is not an editorial reason,confirmed_placeholder,high
myaskovsky-ignatiev-composition-2026-10-27,details,technical,Публичная позиция официальной афиши; редакционная приоритизация отделена от факта включения.,remove,,source verification or internal process text without user-facing event content,pure_public_provenance,high
nations-quiet-don-2026-10-27,why,editorial,"Пятичасовая масштабная премьера заслуживает дальнего наблюдения, но до появления критики не превращаем интерес к замыслу в рекомендацию качества.",keep,"Пятичасовая масштабная премьера заслуживает дальнего наблюдения, но до появления критики не превращаем интерес к замыслу в рекомендацию качества.",content-specific editorial reason,none,high
nations-quiet-don-2026-10-27,details,content,"Премьера 27 октября; показы 27–30 октября. 5 часов, два антракта.",keep,"Премьера 27 октября; показы 27–30 октября. 5 часов, два антракта.",user-facing factual content,none,high
phil-masleev-rachmaninoff-tchaikovsky-2026-10-27,why,mixed,Сильный солист и цельная большая романтическая программа; нормальный кандидат широкого музыкального календаря.,rewrite_existing_content_only,Сильный солист и цельная большая романтическая программа.,retain only existing event-specific content; remove radar/contour/calendar/inclusion policy wording,process_clause_removed,high
phil-masleev-rachmaninoff-tchaikovsky-2026-10-27,details,content,Рахманинов — Концерт № 2; Чайковский — Симфония № 4.,keep,Рахманинов — Концерт № 2; Чайковский — Симфония № 4.,user-facing factual content,none,high
bolshoi-peter-wolf-giant-2026-10-28,why,mixed,Опубликованная Большим театром программа Прокофьева в Бетховенском зале; время не подставлено без первичного подтверждения.,rewrite_existing_content_only,Программа Прокофьева в Бетховенском зале,"retain existing program core, remove publication/verification process",program_plus_verification,high
bolshoi-peter-wolf-giant-2026-10-28,details,mixed,"Официальная афиша подтверждает показы 27–29 октября. Точное время в использованном первичном анонсе не указано, поэтому карточка хранится как date_only.",rewrite_existing_content_only,Показы 27–29 октября.,retain show-date fact; remove verification/date_only provenance,manual_details_source_clause,high
gnesin-forum-siberia-2026-10-28,why,generic,Репертуарная карточка: сохраняем постановку в полном театральном календаре.,remove,,"generic repertoire placeholder, not an editorial reason",repertoire_card_placeholder,high
gnesin-forum-siberia-2026-10-28,details,content,28 октября. Заключительный концерт форума «Научное могущество прирастает Сибирью»: ансамбль «Бай-Терек» и ансамбль «Ӱлгер». Точное время в использованном официальном анонсе не опубликовано.,keep,28 октября. Заключительный концерт форума «Научное могущество прирастает Сибирью»: ансамбль «Бай-Терек» и ансамбль «Ӱлгер». Точное время в использованном официальном анонсе не опубликовано.,user-facing factual content,none,high
myaskovsky-chamber-class-evening-2026-10-28,why,technical,Подтверждено официальной афишей Московской консерватории при полном повторном sweep зала Мясковского за октябрь 2026.,remove,,confirmation/provenance is not an editorial reason,confirmed_placeholder,high
myaskovsky-chamber-class-evening-2026-10-28,details,technical,Публичная позиция официальной афиши; редакционная приоритизация отделена от факта включения.,remove,,source verification or internal process text without user-facing event content,pure_public_provenance,high
bolshoi-luisa-miller-2026-10-28-1900,why,technical,Подтверждённая позиция полного октябрьского sweep Большого театра.,remove,,confirmation/provenance is not an editorial reason,confirmed_placeholder,high
bolshoi-luisa-miller-2026-10-28-1900,details,technical,Дата и площадка подтверждены актуальной афишей Большого театра.,remove,,source verification or internal process text without user-facing event content,pure_public_provenance,high
consv-bzk-rachmaninov2-scheherazade-2026-10-28,why,mixed,Ключевая программа текущего sweep Консерватории: Рахманинов — Концерт №2 / Римский-Корсаков — «Шехеразада».,rewrite_existing_content_only,Рахманинов — Концерт №2 / Римский-Корсаков — «Шехеразада».,remove sweep provenance and retain the existing program core,key_program_sweep_prefix,high
consv-bzk-rachmaninov2-scheherazade-2026-10-28,details,content,Концерт №2; «Шехеразада»,keep,Концерт №2; «Шехеразада»,user-facing factual content,none,high
consv-mzk-vocal-faculty-2026-10-28,why,technical,Подтверждено официальной октябрьской афишей Московской консерватории при контрольной сверке по дням.,remove,,confirmation/provenance is not an editorial reason,confirmed_placeholder,high
consv-mzk-vocal-faculty-2026-10-28,details,technical,Событие подтверждено календарём Московской консерватории; дополнительные детали следует брать из актуальной официальной карточки.,remove,,source verification or internal process text without user-facing event content,pure_public_provenance,high
consv-rach-evening-2026-10-28,why,technical,Подтверждено официальной октябрьской афишей Московской консерватории при контрольной сверке по дням.,remove,,confirmation/provenance is not an editorial reason,confirmed_placeholder,high
consv-rach-evening-2026-10-28,details,technical,Точная формулировка подтверждена актуальной официальной афишей при сверке дневных страниц и официальных карточек.,remove,,source verification or internal process text without user-facing event content,pure_public_provenance,high
mamt-orleanskaya-deva-2026-10-28,why,editorial,Редко ставящаяся большая опера Чайковского; постановка уже прошла премьерный период и имеет содержательную критическую историю.,keep,Редко ставящаяся большая опера Чайковского; постановка уже прошла премьерный период и имеет содержательную критическую историю.,content-specific editorial reason,none,high
mamt-orleanskaya-deva-2026-10-28,details,content,28 и 29 октября. 3 часа 20 минут с одним антрактом.,keep,28 и 29 октября. 3 часа 20 минут с одним антрактом.,user-facing factual content,none,high
mmdm-7284,why,technical,Подтверждённая позиция полного sweep Московского международного Дома музыки.,remove,,confirmation/provenance is not an editorial reason,confirmed_placeholder,high
mmdm-7284,details,technical,Событие подтверждено официальной афишей Московского международного Дома музыки.,remove,,source verification or internal process text without user-facing event content,pure_public_provenance,high
mmdm-7420,why,technical,Подтверждённая позиция полного sweep Московского международного Дома музыки.,remove,,confirmation/provenance is not an editorial reason,confirmed_placeholder,high
mmdm-7420,details,technical,Событие подтверждено официальной афишей Московского международного Дома музыки.,remove,,source verification or internal process text without user-facing event content,pure_public_provenance,high
phil-fiesta-madrigal-2026-10-28,why,editorial,Музыка Испании и Латинской Америки XV–XVIII веков — прямое попадание в старинную музыку.,keep,Музыка Испании и Латинской Америки XV–XVIII веков — прямое попадание в старинную музыку.,content-specific editorial reason,none,high
phil-fiesta-madrigal-2026-10-28,details,content,Музыка Испании и Латинской Америки XV–XVIII вв.,keep,Музыка Испании и Латинской Америки XV–XVIII вв.,user-facing factual content,none,high
phil-sladkovsky-strauss-2026-10-28,why,editorial,«Альпийская симфония» — масштабная и не повседневная программа; заметный кандидат большого зала.,keep,«Альпийская симфония» — масштабная и не повседневная программа; заметный кандидат большого зала.,content-specific editorial reason,none,high
phil-sladkovsky-strauss-2026-10-28,details,content,Бетховен — Концерт № 3 для фортепиано с оркестром; Рихард Штраус — «Альпийская симфония».,keep,Бетховен — Концерт № 3 для фортепиано с оркестром; Рихард Штраус — «Альпийская симфония».,user-facing factual content,none,high
zaryadye-gavrilin-bells-2026-10-28,why,technical,Подтверждено официальной афишей Зала Зарядье в контрольном sweep октября–декабря 2026.,remove,,confirmation/provenance is not an editorial reason,confirmed_placeholder,high
zaryadye-gavrilin-bells-2026-10-28,details,technical,Событие подтверждено официальной афишей Зала Зарядье; актуальные программа и состав — по карточке источника.,remove,,source verification or internal process text without user-facing event content,pure_public_provenance,high
bolshoi-peter-wolf-giant-2026-10-29,why,mixed,Опубликованная Большим театром программа Прокофьева в Бетховенском зале; время не подставлено без первичного подтверждения.,rewrite_existing_content_only,Программа Прокофьева в Бетховенском зале,"retain existing program core, remove publication/verification process",program_plus_verification,high
bolshoi-peter-wolf-giant-2026-10-29,details,mixed,"Официальная афиша подтверждает показы 27–29 октября. Точное время в использованном первичном анонсе не указано, поэтому карточка хранится как date_only.",rewrite_existing_content_only,Показы 27–29 октября.,retain show-date fact; remove verification/date_only provenance,manual_details_source_clause,high
maly-upset-family-oct26,why,generic,Репертуарная карточка: сохраняем постановку в полном театральном календаре.,remove,,"generic repertoire placeholder, not an editorial reason",repertoire_card_placeholder,high
maly-upset-family-oct26,details,content,"29 октября. 2 часа, один антракт.",keep,"29 октября. 2 часа, один антракт.",user-facing factual content,none,high
bolshoi-luisa-miller-2026-10-29-1900,why,technical,Подтверждённая позиция полного октябрьского sweep Большого театра.,remove,,confirmation/provenance is not an editorial reason,confirmed_placeholder,high
bolshoi-luisa-miller-2026-10-29-1900,details,technical,Дата и площадка подтверждены актуальной афишей Большого театра.,remove,,source verification or internal process text without user-facing event content,pure_public_provenance,high
bolshoi-romeo-juliet-2026-10-29-1900,why,technical,Подтверждённая позиция полного октябрьского sweep Большого театра.,remove,,confirmation/provenance is not an editorial reason,confirmed_placeholder,high
bolshoi-romeo-juliet-2026-10-29-1900,details,technical,Дата и площадка подтверждены актуальной афишей Большого театра.,remove,,source verification or internal process text without user-facing event content,pure_public_provenance,high
consv-bzk-shishkin-solo-2026-10-29,why,generic,Содержательное событие официальной афиши Московской консерватории; добавлено при системном проходе до конца 2026 года.,remove,,generic placeholder plus internal pass provenance,generic_official_listing_system_pass,high
consv-bzk-shishkin-solo-2026-10-29,details,empty,,no_action,,field is empty or absent,empty,high
consv-rach-evening-2026-10-29,why,technical,Подтверждено официальной октябрьской афишей Московской консерватории при контрольной сверке по дням.,remove,,confirmation/provenance is not an editorial reason,confirmed_placeholder,high
consv-rach-evening-2026-10-29,details,technical,Точная формулировка подтверждена актуальной официальной афишей при сверке дневных страниц и официальных карточек.,remove,,source verification or internal process text without user-facing event content,pure_public_provenance,high
maly-garin-oct26,why,generic,Репертуарная карточка: сохраняем постановку в полном театральном календаре.,remove,,"generic repertoire placeholder, not an editorial reason",repertoire_card_placeholder,high
maly-garin-oct26,details,content,"21 и 29 октября. 2 ч 20 мин, один антракт.",keep,"21 и 29 октября. 2 ч 20 мин, один антракт.",user-facing factual content,none,high
mmdm-7315,why,technical,Подтверждённая позиция полного sweep Московского международного Дома музыки.,remove,,confirmation/provenance is not an editorial reason,confirmed_placeholder,high
mmdm-7315,details,technical,Событие подтверждено официальной афишей Московского международного Дома музыки.,remove,,source verification or internal process text without user-facing event content,pure_public_provenance,high
mmdm-7397,why,technical,Подтверждённая позиция полного sweep Московского международного Дома музыки.,remove,,confirmation/provenance is not an editorial reason,confirmed_placeholder,high
mmdm-7397,details,technical,Событие подтверждено официальной афишей Московского международного Дома музыки.,remove,,source verification or internal process text without user-facing event content,pure_public_provenance,high
nikitskie-brodsky-2026-10-29,why,generic,Репертуарная карточка: по театрам сохраняем практически весь доступный октябрьский репертуар.,remove,,"generic repertoire placeholder, not an editorial reason",repertoire_card_placeholder,high
nikitskie-brodsky-2026-10-29,details,mixed,Октябрьская афиша театра. Билеты от 2500 ₽ по текущему агрегатору.,rewrite_existing_content_only,Билеты от 2500 ₽,"retain existing price fact, remove source/provenance wording",theatre_aggregator_price,high
phil-gerzmava-2026-10-29,why,mixed,Камерный вокальный вечер сильной певицы; в широкой базе Филармонии должен присутствовать.,rewrite_existing_content_only,Камерный вокальный вечер сильной певицы.,retain only existing event-specific content; remove radar/contour/calendar/inclusion policy wording,process_clause_removed,high
phil-gerzmava-2026-10-29,details,content,"Глинка, Римский-Корсаков, Варламов, Шуман, Форе, Ан, Россини, Куртис.",keep,"Глинка, Римский-Корсаков, Варламов, Шуман, Форе, Ан, Россини, Куртис.",user-facing factual content,none,high
phil-pozyumsky-music-2026-10-29,why,mixed,"Необычная авторская программа для виол, голоса и клавесина; сильный профильный кандидат широкого радара.",rewrite_existing_content_only,"Необычная авторская программа для виол, голоса и клавесина.",retain only existing event-specific content; remove radar/contour/calendar/inclusion policy wording,process_clause_removed,high
phil-pozyumsky-music-2026-10-29,details,content,Позюмский — Соната для двух виол да гамба; «Безумный дилижанс»; кантата «Ариадна»; сюита «О пяти пальцах»; фрагменты цикла «Венок консортов»; песни из циклов «Огонь горит» и «Двенадцать ноктюрнов»; Le Printemps.,keep,Позюмский — Соната для двух виол да гамба; «Безумный дилижанс»; кантата «Ариадна»; сюита «О пяти пальцах»; фрагменты цикла «Венок консортов»; песни из циклов «Огонь горит» и «Двенадцать ноктюрнов»; Le Printemps.,user-facing factual content,none,high
rassvet-popov-radugadesign-2026-10-29,why,editorial,"Аудиовизуальная пьеса для оркестра баянов/аккордеонов, электроники и live-видео; сильный современный кандидат.",keep,"Аудиовизуальная пьеса для оркестра баянов/аккордеонов, электроники и live-видео; сильный современный кандидат.",content-specific editorial reason,none,high
rassvet-popov-radugadesign-2026-10-29,details,content,Два показа: 19:00 и 21:00.,keep,Два показа: 19:00 и 21:00.,user-facing factual content,none,high
sov-curious-dog-2026-10-29,why,editorial,Перегудов + современная драматургия + особая оптика героя — сильный театральный кандидат.,keep,Перегудов + современная драматургия + особая оптика героя — сильный театральный кандидат.,content-specific editorial reason,none,high
sov-curious-dog-2026-10-29,details,empty,,no_action,,field is empty or absent,empty,high
voz-letov-prishvin-2026-10-29,why,generic,Содержательная программа Центра Вознесенского; добавлена как часть полного прохода источников.,remove,,generic/process rationale does not state a concrete event-specific reason,full_source_pass_placeholder,high
voz-letov-prishvin-2026-10-29,details,technical,Подтверждено официальной страницей события.,remove,,source verification or internal process text without user-facing event content,pure_public_provenance,high
gnesin-folk-gala-2026-10-30,why,generic,Репертуарная карточка: сохраняем постановку в полном театральном календаре.,remove,,"generic repertoire placeholder, not an editorial reason",repertoire_card_placeholder,high
gnesin-folk-gala-2026-10-30,details,mixed,30 октября. Заключительный гала-концерт и церемония закрытия XIII Международного студенческого конкурса исполнителей на народных инструментах ВУЗов СНГ. Точное время на текущей официальной странице конкурса не указано.,rewrite_existing_content_only,30 октября. Заключительный гала-концерт и церемония закрытия XIII Международного студенческого конкурса исполнителей на народных инструментах ВУЗов СНГ.,retain date/event format; remove source-state note,manual_details_source_clause,high
mm-main-akhmatova-requiem-2026-10-30,why,editorial,Литературно-музыкальная программа с явной содержательной рамкой.,keep,Литературно-музыкальная программа с явной содержательной рамкой.,content-specific editorial reason,none,high
mm-main-akhmatova-requiem-2026-10-30,details,content,Концерт «Реквием Анны Ахматовой. Голоса памяти».,keep,Концерт «Реквием Анны Ахматовой. Голоса памяти».,user-facing factual content,none,high
consv-mzk-competition-auditions-2026-10-30,why,technical,Подтверждено официальной октябрьской афишей Московской консерватории при контрольной сверке по дням.,remove,,confirmation/provenance is not an editorial reason,confirmed_placeholder,high
consv-mzk-competition-auditions-2026-10-30,details,technical,Точная формулировка подтверждена актуальной официальной афишей при сверке дневных страниц и официальных карточек.,remove,,source verification or internal process text without user-facing event content,pure_public_provenance,high
consv-rach-competition-auditions-2026-10-30,why,technical,Подтверждено официальной октябрьской афишей Московской консерватории при контрольной сверке по дням.,remove,,confirmation/provenance is not an editorial reason,confirmed_placeholder,high
consv-rach-competition-auditions-2026-10-30,details,technical,Точная формулировка подтверждена актуальной официальной афишей при сверке дневных страниц и официальных карточек.,remove,,source verification or internal process text without user-facing event content,pure_public_provenance,high
maly-carefree-oct26,why,generic,Репертуарная карточка: сохраняем постановку в полном театральном календаре.,remove,,"generic repertoire placeholder, not an editorial reason",repertoire_card_placeholder,high
maly-carefree-oct26,details,content,"30 и 31 октября. 2 ч 30 мин, один антракт.",keep,"30 и 31 октября. 2 ч 30 мин, один антракт.",user-facing factual content,none,high
bolshoi-orchestra-guide-2026-10-30-1900,why,technical,Подтверждённая позиция полного октябрьского sweep Большого театра.,remove,,confirmation/provenance is not an editorial reason,confirmed_placeholder,high
bolshoi-orchestra-guide-2026-10-30-1900,details,content,Театрализованный концерт на Новой сцене.,keep,Театрализованный концерт на Новой сцене.,user-facing factual content,none,high
bolshoi-romeo-juliet-2026-10-30-1900,why,technical,Подтверждённая позиция полного октябрьского sweep Большого театра.,remove,,confirmation/provenance is not an editorial reason,confirmed_placeholder,high
bolshoi-romeo-juliet-2026-10-30-1900,details,technical,Дата и площадка подтверждены актуальной афишей Большого театра.,remove,,source verification or internal process text without user-facing event content,pure_public_provenance,high
consv-bzk-chopin-gala-bessonov-2026-10-30,why,generic,Содержательное событие официальной афиши Московской консерватории; добавлено при системном проходе до конца 2026 года.,remove,,generic placeholder plus internal pass provenance,generic_official_listing_system_pass,high
consv-bzk-chopin-gala-bessonov-2026-10-30,details,empty,,no_action,,field is empty or absent,empty,high
consv-mzk-andrei-diev-2026-10-30,why,generic,Содержательное событие официальной афиши Московской консерватории; добавлено при системном проходе до конца 2026 года.,remove,,generic placeholder plus internal pass provenance,generic_official_listing_system_pass,high
consv-mzk-andrei-diev-2026-10-30,details,empty,,no_action,,field is empty or absent,empty,high
consv-rach-evening-2026-10-30,why,technical,Подтверждено официальной октябрьской афишей Московской консерватории при контрольной сверке по дням.,remove,,confirmation/provenance is not an editorial reason,confirmed_placeholder,high
consv-rach-evening-2026-10-30,details,technical,Точная формулировка подтверждена актуальной официальной афишей при сверке дневных страниц и официальных карточек.,remove,,source verification or internal process text without user-facing event content,pure_public_provenance,high
doc-patchwork-family-2026-10-30,why,generic,Репертуарная карточка: сохраняем постановку в полном театральном календаре.,remove,,"generic repertoire placeholder, not an editorial reason",repertoire_card_placeholder,high
doc-patchwork-family-2026-10-30,details,content,30 октября. Премьера. 90 минут.,keep,30 октября. Премьера. 90 минут.,user-facing factual content,none,high
five-evenings-changing-world-2026-10-30,why,editorial,Четвёртый вечер фестиваля современной музыки.,keep,Четвёртый вечер фестиваля современной музыки.,content-specific editorial reason,none,high
five-evenings-changing-world-2026-10-30,details,content,VIII фестиваль «Пять вечеров».,keep,VIII фестиваль «Пять вечеров».,user-facing factual content,none,high
martynov-requiem,why,editorial,"Премьерное исполнение крупного нового сочинения Мартынова — ровно тот дальний приоритет, который нельзя обнаруживать за неделю.",keep,"Премьерное исполнение крупного нового сочинения Мартынова — ровно тот дальний приоритет, который нельзя обнаруживать за неделю.",content-specific editorial reason,none,high
martynov-requiem,details,content,"Владимир Мартынов. «Реквием» для солистов, хора и оркестра — премьера.
Российский национальный оркестр.
Дирижёр — Фёдор Безносиков.
Государственный академический русский хор имени А. В. Свешникова.
Татьяна Гринденко — скрипка.
Ярослав Тимофеев — ведущий.",keep,"Владимир Мартынов. «Реквием» для солистов, хора и оркестра — премьера.
Российский национальный оркестр.
Дирижёр — Фёдор Безносиков.
Государственный академический русский хор имени А. В. Свешникова.
Татьяна Гринденко — скрипка.
Ярослав Тимофеев — ведущий.",user-facing factual content,none,high
mm-tchaikovsky-grechaninov-2026-10-30,why,mixed,"Гречанинов звучит значительно реже, чем заслуживает; хороший кандидат дальнего радара.",rewrite_existing_content_only,"Гречанинов звучит значительно реже, чем заслуживает.",retain only existing event-specific content; remove radar/contour/calendar/inclusion policy wording,process_clause_removed,high
mm-tchaikovsky-grechaninov-2026-10-30,details,content,80 минут без антракта.,keep,80 минут без антракта.,user-facing factual content,none,high
mmdm-6939,why,technical,Подтверждённая позиция полного sweep Московского международного Дома музыки.,remove,,confirmation/provenance is not an editorial reason,confirmed_placeholder,high
mmdm-6939,details,technical,Событие подтверждено официальной афишей Московского международного Дома музыки.,remove,,source verification or internal process text without user-facing event content,pure_public_provenance,high
mmdm-6940,why,technical,Подтверждённая позиция полного sweep Московского международного Дома музыки.,remove,,confirmation/provenance is not an editorial reason,confirmed_placeholder,high
mmdm-6940,details,technical,Событие подтверждено официальной афишей Московского международного Дома музыки.,remove,,source verification or internal process text without user-facing event content,pure_public_provenance,high
mmdm-7079,why,technical,Подтверждённая позиция полного sweep Московского международного Дома музыки.,remove,,confirmation/provenance is not an editorial reason,confirmed_placeholder,high
mmdm-7079,details,technical,Событие подтверждено официальной афишей Московского международного Дома музыки.,remove,,source verification or internal process text without user-facing event content,pure_public_provenance,high
mmdm-7343,why,technical,Подтверждённая позиция полного sweep Московского международного Дома музыки.,remove,,confirmation/provenance is not an editorial reason,confirmed_placeholder,high
mmdm-7343,details,technical,Событие подтверждено официальной афишей Московского международного Дома музыки.,remove,,source verification or internal process text without user-facing event content,pure_public_provenance,high
myaskovsky-musical-living-room-2026-10-30,why,technical,Подтверждено официальной афишей Московской консерватории при полном повторном sweep зала Мясковского за октябрь 2026.,remove,,confirmation/provenance is not an editorial reason,confirmed_placeholder,high
myaskovsky-musical-living-room-2026-10-30,details,technical,Публичная позиция официальной афиши; редакционная приоритизация отделена от факта включения.,remove,,source verification or internal process text without user-facing event content,pure_public_provenance,high
nikitskie-drinking-alone-2026-10-30,why,generic,Репертуарная карточка: по театрам сохраняем практически весь доступный октябрьский репертуар.,remove,,"generic repertoire placeholder, not an editorial reason",repertoire_card_placeholder,high
nikitskie-drinking-alone-2026-10-30,details,mixed,Октябрьская афиша театра. Билеты от 750 ₽ по текущему агрегатору.,rewrite_existing_content_only,Билеты от 750 ₽,"retain existing price fact, remove source/provenance wording",theatre_aggregator_price,high
phil-kuznetsova-kholodov-2026-10-30,why,technical,Подтверждённая дата полного sweep Московской филармонии до 31.12.2026; включена в широкий календарь без вкусового отсева.,remove,,confirmation/provenance is not an editorial reason,confirmed_placeholder,high
phil-kuznetsova-kholodov-2026-10-30,details,content,Литературно-музыкальный вечер.,keep,Литературно-музыкальный вечер.,user-facing factual content,none,high
sov-three-sisters-2026-10-30,why,generic,Содержательная театральная работа из приоритетного контура Культрадара.,remove,,generic/process rationale does not state a concrete event-specific reason,priority_contour_placeholder,high
sov-three-sisters-2026-10-30,details,empty,,no_action,,field is empty or absent,empty,high
niko-ginzburg-mammadov-duos-2026-10-30,why,editorial,Камерный дуэт кларнета и фортепиано на новой независимой площадке.,keep,Камерный дуэт кларнета и фортепиано на новой независимой площадке.,content-specific editorial reason,none,high
niko-ginzburg-mammadov-duos-2026-10-30,details,content,"30 октября, 19:30. Вечер дуэтов; точная программа в обзорной афише не раскрыта.",keep,"30 октября, 19:30. Вечер дуэтов; точная программа в обзорной афише не раскрыта.",user-facing factual content,none,high
mmdm-6941,why,technical,Подтверждённая позиция полного sweep Московского международного Дома музыки.,remove,,confirmation/provenance is not an editorial reason,confirmed_placeholder,high
mmdm-6941,details,technical,Событие подтверждено официальной афишей Московского международного Дома музыки.,remove,,source verification or internal process text without user-facing event content,pure_public_provenance,high
doc-island-2026-10-31,why,generic,Репертуарная карточка: сохраняем постановку в полном театральном календаре.,remove,,"generic repertoire placeholder, not an editorial reason",repertoire_card_placeholder,high
doc-island-2026-10-31,details,content,31 октября. Время и длительность сверить.,keep,31 октября. Время и длительность сверить.,user-facing factual content,none,high
praktika-tsvetaeva-2026-10-31,why,generic,Репертуарная карточка: сохраняем постановку в полном театральном календаре.,remove,,"generic repertoire placeholder, not an editorial reason",repertoire_card_placeholder,high
praktika-tsvetaeva-2026-10-31,details,content,31 октября. Время сверить на странице спектакля.,keep,31 октября. Время сверить на странице спектакля.,user-facing factual content,none,high
consv-mzk-competition-auditions-2026-10-31,why,technical,Подтверждено официальной октябрьской афишей Московской консерватории при контрольной сверке по дням.,remove,,confirmation/provenance is not an editorial reason,confirmed_placeholder,high
consv-mzk-competition-auditions-2026-10-31,details,technical,Точная формулировка подтверждена актуальной официальной афишей при сверке дневных страниц и официальных карточек.,remove,,source verification or internal process text without user-facing event content,pure_public_provenance,high
consv-rach-competition-auditions-2026-10-31,why,technical,Подтверждено официальной октябрьской афишей Московской консерватории при контрольной сверке по дням.,remove,,confirmation/provenance is not an editorial reason,confirmed_placeholder,high
consv-rach-competition-auditions-2026-10-31,details,technical,Точная формулировка подтверждена актуальной официальной афишей при сверке дневных страниц и официальных карточек.,remove,,source verification or internal process text without user-facing event content,pure_public_provenance,high
mmdm-6942,why,technical,Подтверждённая позиция полного sweep Московского международного Дома музыки.,remove,,confirmation/provenance is not an editorial reason,confirmed_placeholder,high
mmdm-6942,details,technical,Событие подтверждено официальной афишей Московского международного Дома музыки.,remove,,source verification or internal process text without user-facing event content,pure_public_provenance,high
voz-poetry-outside-everyday-2026-10-31,why,editorial,"Литературный клуб о минимализме, разговорной речи и повседневности в поэзии второй половины XX века.",keep,"Литературный клуб о минимализме, разговорной речи и повседневности в поэзии второй половины XX века.",content-specific editorial reason,none,high
voz-poetry-outside-everyday-2026-10-31,details,content,"31 октября, 14:00. Некрасов, Холин, Сатуновский и международный контекст минималистической поэзии.",keep,"31 октября, 14:00. Некрасов, Холин, Сатуновский и международный контекст минималистической поэзии.",user-facing factual content,none,high
myaskovsky-amu-students-2026-10-31,why,technical,Подтверждено официальной афишей Московской консерватории при полном повторном sweep зала Мясковского за октябрь 2026.,remove,,confirmation/provenance is not an editorial reason,confirmed_placeholder,high
myaskovsky-amu-students-2026-10-31,details,technical,Публичная позиция официальной афиши; редакционная приоритизация отделена от факта включения.,remove,,source verification or internal process text without user-facing event content,pure_public_provenance,high
maly-golovlevs-oct26,why,generic,Репертуарная карточка: сохраняем постановку в полном театральном календаре.,remove,,"generic repertoire placeholder, not an editorial reason",repertoire_card_placeholder,high
maly-golovlevs-oct26,details,content,31 октября. Премьера; точная продолжительность в текущей карточке афиши не указана.,keep,31 октября. Премьера; точная продолжительность в текущей карточке афиши не указана.,user-facing factual content,none,high
drugoe-werewolf-2026-10-31,why,editorial,"Историко-культурная лекция о происхождении мифа об оборотнях, основанная на фольклоре и архивном материале.",keep,"Историко-культурная лекция о происхождении мифа об оборотнях, основанная на фольклоре и архивном материале.",content-specific editorial reason,none,high
drugoe-werewolf-2026-10-31,details,content,"31 октября, 18:00–21:00. Историческая лекция о европейском фольклоре и эволюции образа оборотня.",keep,"31 октября, 18:00–21:00. Историческая лекция о европейском фольклоре и эволюции образа оборотня.",user-facing factual content,none,high
bolshoi-pagliacci-2026-10-31-1900,why,technical,Подтверждённая позиция полного октябрьского sweep Большого театра.,remove,,confirmation/provenance is not an editorial reason,confirmed_placeholder,high
bolshoi-pagliacci-2026-10-31-1900,details,technical,Дата и площадка подтверждены актуальной афишей Большого театра.,remove,,source verification or internal process text without user-facing event content,pure_public_provenance,high
bolshoi-romeo-juliet-2026-10-31-1900,why,technical,Подтверждённая позиция полного октябрьского sweep Большого театра.,remove,,confirmation/provenance is not an editorial reason,confirmed_placeholder,high
bolshoi-romeo-juliet-2026-10-31-1900,details,technical,Дата и площадка подтверждены актуальной афишей Большого театра.,remove,,source verification or internal process text without user-facing event content,pure_public_provenance,high
consv-bzk-mozart-paganini-saintsaens-2026-10-31,why,generic,Содержательная дата Консерватории: Моцарт / Паганини / Сен-Санс.,remove,,generic content-date label repeats event content but does not explain why the event merits attention,conservatory_content_date_placeholder,high
consv-bzk-mozart-paganini-saintsaens-2026-10-31,details,content,Конкретные произведения в календарном анонсе не перечислены.,keep,Конкретные произведения в календарном анонсе не перечислены.,user-facing factual content,none,high
consv-myaskovsky-planet-kehrer-2026-10-31,why,generic,Содержательное событие официальной афиши Московской консерватории; добавлено при системном проходе до конца 2026 года.,remove,,generic placeholder plus internal pass provenance,generic_official_listing_system_pass,high
consv-myaskovsky-planet-kehrer-2026-10-31,details,empty,,no_action,,field is empty or absent,empty,high
consv-mzk-beethoven-sonatas-kuznetsov-2026-10-31,why,generic,Содержательное событие официальной афиши Московской консерватории; добавлено при системном проходе до конца 2026 года.,remove,,generic placeholder plus internal pass provenance,generic_official_listing_system_pass,high
consv-mzk-beethoven-sonatas-kuznetsov-2026-10-31,details,empty,,no_action,,field is empty or absent,empty,high
consv-rach-two-pianos-gorbunova-chernyavskaya-2026-10-31,why,generic,Содержательное событие официальной афиши Московской консерватории; добавлено при системном проходе до конца 2026 года.,remove,,generic placeholder plus internal pass provenance,generic_official_listing_system_pass,high
consv-rach-two-pianos-gorbunova-chernyavskaya-2026-10-31,details,empty,,no_action,,field is empty or absent,empty,high
mmdm-6943,why,technical,Подтверждённая позиция полного sweep Московского международного Дома музыки.,remove,,confirmation/provenance is not an editorial reason,confirmed_placeholder,high
mmdm-6943,details,technical,Событие подтверждено официальной афишей Московского международного Дома музыки.,remove,,source verification or internal process text without user-facing event content,pure_public_provenance,high
mmdm-6944,why,technical,Подтверждённая позиция полного sweep Московского международного Дома музыки.,remove,,confirmation/provenance is not an editorial reason,confirmed_placeholder,high
mmdm-6944,details,technical,Событие подтверждено официальной афишей Московского международного Дома музыки.,remove,,source verification or internal process text without user-facing event content,pure_public_provenance,high
mmdm-7307,why,technical,Подтверждённая позиция полного sweep Московского международного Дома музыки.,remove,,confirmation/provenance is not an editorial reason,confirmed_placeholder,high
mmdm-7307,details,technical,Событие подтверждено официальной афишей Московского международного Дома музыки.,remove,,source verification or internal process text without user-facing event content,pure_public_provenance,high
mmdm-7491,why,technical,Подтверждённая позиция полного sweep Московского международного Дома музыки.,remove,,confirmation/provenance is not an editorial reason,confirmed_placeholder,high
mmdm-7491,details,technical,Событие подтверждено официальной афишей Московского международного Дома музыки.,remove,,source verification or internal process text without user-facing event content,pure_public_provenance,high
nikitskie-baratynsky-2026-10-31,why,generic,Репертуарная карточка: по театрам сохраняем практически весь доступный октябрьский репертуар.,remove,,"generic repertoire placeholder, not an editorial reason",repertoire_card_placeholder,high
nikitskie-baratynsky-2026-10-31,details,mixed,Октябрьская афиша театра. Билеты от 1500 ₽ по текущему агрегатору.,rewrite_existing_content_only,Билеты от 1500 ₽,"retain existing price fact, remove source/provenance wording",theatre_aggregator_price,high
phil-borodin-quartet-2026-10-31,why,editorial,Квартет имени Бородина и редкий поздний квартет Мясковского — сильный камерный кандидат.,keep,Квартет имени Бородина и редкий поздний квартет Мясковского — сильный камерный кандидат.,content-specific editorial reason,none,high
phil-borodin-quartet-2026-10-31,details,content,"Бетховен — квартеты № 1 и № 5, соч. 18; Мясковский — Квартет № 13.",keep,"Бетховен — квартеты № 1 и № 5, соч. 18; Мясковский — Квартет № 13.",user-facing factual content,none,high
phil-rossini-turk-italy-2026-10-31,why,technical,Подтверждённая дата полного sweep Московской филармонии до 31.12.2026; включена в широкий календарь без вкусового отсева.,remove,,confirmation/provenance is not an editorial reason,confirmed_placeholder,high
phil-rossini-turk-italy-2026-10-31,details,content,«Турок в Италии» — опера в концертном исполнении,keep,«Турок в Италии» — опера в концертном исполнении,user-facing factual content,none,high
sov-duel-2026-10-31,why,generic,Содержательная театральная работа из приоритетного контура Культрадара.,remove,,generic/process rationale does not state a concrete event-specific reason,priority_contour_placeholder,high
sov-duel-2026-10-31,details,empty,,no_action,,field is empty or absent,empty,high
praktika-mamleev-2026-10-31,why,generic,Репертуарная карточка: сохраняем постановку в полном театральном календаре.,remove,,"generic repertoire placeholder, not an editorial reason",repertoire_card_placeholder,high
praktika-mamleev-2026-10-31,details,content,31 октября. 1 ч 30 мин.,keep,31 октября. 1 ч 30 мин.,user-facing factual content,none,high
maly-buratino-nov26,why,generic,Репертуарная карточка: сохраняем постановку в полном театральном календаре.,remove,,"generic repertoire placeholder, not an editorial reason",repertoire_card_placeholder,high
maly-buratino-nov26,details,content,"1 и 21 ноября. 1 ч 45 мин, один антракт.",keep,"1 и 21 ноября. 1 ч 45 мин, один антракт.",user-facing factual content,none,high
mmdm-7299,why,technical,Подтверждённая позиция полного sweep Московского международного Дома музыки.,remove,,confirmation/provenance is not an editorial reason,confirmed_placeholder,high
mmdm-7299,details,technical,Событие подтверждено официальной афишей Московского международного Дома музыки.,remove,,source verification or internal process text without user-facing event content,pure_public_provenance,high
phil-tchaikovsky-masterpiece-2026-11-01,why,generic,Содержательное событие официальной афиши Московской филармонии; добавлено при системном проходе ноября–декабря.,remove,,generic placeholder plus internal pass provenance,generic_official_listing_system_pass,high
phil-tchaikovsky-masterpiece-2026-11-01,details,content,Чайковский — Концерт №3 для фортепиано; I часть Симфонии ми-бемоль мажор (реконструкция Петра Климова).,keep,Чайковский — Концерт №3 для фортепиано; I часть Симфонии ми-бемоль мажор (реконструкция Петра Климова).,user-facing factual content,none,high
mmdm-7238,why,technical,Подтверждённая позиция полного sweep Московского международного Дома музыки.,remove,,confirmation/provenance is not an editorial reason,confirmed_placeholder,high
mmdm-7238,details,technical,Событие подтверждено официальной афишей Московского международного Дома музыки.,remove,,source verification or internal process text without user-facing event content,pure_public_provenance,high
mmdm-7239,why,technical,Подтверждённая позиция полного sweep Московского международного Дома музыки.,remove,,confirmation/provenance is not an editorial reason,confirmed_placeholder,high
mmdm-7239,details,technical,Событие подтверждено официальной афишей Московского международного Дома музыки.,remove,,source verification or internal process text without user-facing event content,pure_public_provenance,high
mmdm-7300,why,technical,Подтверждённая позиция полного sweep Московского международного Дома музыки.,remove,,confirmation/provenance is not an editorial reason,confirmed_placeholder,high
mmdm-7300,details,technical,Событие подтверждено официальной афишей Московского международного Дома музыки.,remove,,source verification or internal process text without user-facing event content,pure_public_provenance,high
zaryadye-images-russia-2026-11-01,why,technical,Подтверждено официальной афишей Зала Зарядье в контрольном sweep октября–декабря 2026.,remove,,confirmation/provenance is not an editorial reason,confirmed_placeholder,high
zaryadye-images-russia-2026-11-01,details,technical,Событие подтверждено официальной афишей Зала Зарядье; актуальные программа и состав — по карточке источника.,remove,,source verification or internal process text without user-facing event content,pure_public_provenance,high
maly-madrid-court-nov26,why,generic,Репертуарная карточка: сохраняем постановку в полном театральном календаре.,remove,,"generic repertoire placeholder, not an editorial reason",repertoire_card_placeholder,high
maly-madrid-court-nov26,details,content,"1 и 15 ноября. 3 часа, один антракт.",keep,"1 и 15 ноября. 3 часа, один антракт.",user-facing factual content,none,high
maly-white-guard-nov26,why,generic,Репертуарная карточка: сохраняем постановку в полном театральном календаре.,remove,,"generic repertoire placeholder, not an editorial reason",repertoire_card_placeholder,high
maly-white-guard-nov26,details,content,"1 и 21 ноября. 3 часа, один антракт.",keep,"1 и 21 ноября. 3 часа, один антракт.",user-facing factual content,none,high
maly-sandman-nov26,why,generic,Репертуарная карточка: сохраняем постановку в полном театральном календаре.,remove,,"generic repertoire placeholder, not an editorial reason",repertoire_card_placeholder,high
maly-sandman-nov26,details,content,"1, 10 и 11 ноября. 1 ч 20 мин без антракта.",keep,"1, 10 и 11 ноября. 1 ч 20 мин без антракта.",user-facing factual content,none,high
consv-bzk-mozart-requiem-2026-11-01,why,generic,Событие официальной афиши Московской консерватории; добавлено в проходе до конца 2026 года.,remove,,generic official-listing placeholder plus pass provenance,generic_official_listing_pass,high
consv-bzk-mozart-requiem-2026-11-01,details,content,Моцарт — Симфония №40 и Реквием.,keep,Моцарт — Симфония №40 и Реквием.,user-facing factual content,none,high
mmdm-7016,why,editorial,Полноценная хореографическая программа: ирландский танец соединён с театральной формой и современными хореографическими элементами.,keep,Полноценная хореографическая программа: ирландский танец соединён с театральной формой и современными хореографическими элементами.,content-specific editorial reason,none,high
mmdm-7016,details,content,Танцевальное шоу ансамбля Celtic Wind; традиционный ирландский танец и современная хореография.,keep,Танцевальное шоу ансамбля Celtic Wind; традиционный ирландский танец и современная хореография.,user-facing factual content,none,high
phil-spiritual-verses-krasnopevtseva-2026-11-01,why,technical,Подтверждённая дата полного sweep Московской филармонии до 31.12.2026; включена в широкий календарь без вкусового отсева.,remove,,confirmation/provenance is not an editorial reason,confirmed_placeholder,high
phil-spiritual-verses-krasnopevtseva-2026-11-01,details,content,Духовные стихи и постовые песни.,keep,Духовные стихи и постовые песни.,user-facing factual content,none,high
phil-tarosyan-ramm-emelyanov-2026-11-01,why,generic,Содержательное событие официальной афиши Московской филармонии; добавлено при системном проходе ноября–декабря.,remove,,generic placeholder plus internal pass provenance,generic_official_listing_system_pass,high
phil-tarosyan-ramm-emelyanov-2026-11-01,details,content,Франк — Трио №1; Мендельсон — Трио №1.,keep,Франк — Трио №1; Мендельсон — Трио №1.,user-facing factual content,none,high
prove-musicaeterna-2026-11-01,why,editorial,Финал фестиваля Шостаковича: Второй квартет и Фортепианный квинтет.,keep,Финал фестиваля Шостаковича: Второй квартет и Фортепианный квинтет.,content-specific editorial reason,none,high
prove-musicaeterna-2026-11-01,details,content,Шостакович — Струнный квартет № 2 и Фортепианный квинтет.,keep,Шостакович — Струнный квартет № 2 и Фортепианный квинтет.,user-facing factual content,none,high
rassvet-sonus-verus-2026-11-01,why,mixed,Дебюсси и Равель в камерном трио; хороший широкий кандидат.,rewrite_existing_content_only,Дебюсси и Равель в камерном трио.,retain only existing event-specific content; remove radar/contour/calendar/inclusion policy wording,process_clause_removed,high
rassvet-sonus-verus-2026-11-01,details,content,Дебюсси и Равель.,keep,Дебюсси и Равель.,user-facing factual content,none,high
mmdm-7372,why,technical,Подтверждённая позиция полного sweep Московского международного Дома музыки.,remove,,confirmation/provenance is not an editorial reason,confirmed_placeholder,high
mmdm-7372,details,technical,Событие подтверждено официальной афишей Московского международного Дома музыки.,remove,,source verification or internal process text without user-facing event content,pure_public_provenance,high
phil-baroque-chronicles-2026-11-02,why,generic,"Релевантное событие официальной афиши Московской филармонии, добавленное в проходе до конца года.",remove,,generic relevance placeholder plus pass provenance,generic_official_listing_pass,high
phil-baroque-chronicles-2026-11-02,details,content,барокко XVIII века,keep,барокко XVIII века,user-facing factual content,none,high
phil-bashmet-abdrazakov-2026-11-20,why,technical,"Перенос официально подтверждён Московской филармонией; карточка сохранена под прежним ID, чтобы не ломать личные статусы.",remove,,verification and internal ID/state provenance,move_verification_internal_id,high
phil-bashmet-abdrazakov-2026-11-20,details,content,Концерт перенесён с 20.11.2026 на 02.11.2026; ID сохранён для совместимости с приватными статусами.,keep,Концерт перенесён с 20.11.2026 на 02.11.2026; ID сохранён для совместимости с приватными статусами.,user-facing factual content,none,high
yeltsin-chervyakov-crossroads-5-2026-11-02,why,editorial,Историческая лекция цикла о ключевых развилках российской истории 1990-х.,keep,Историческая лекция цикла о ключевых развилках российской истории 1990-х.,content-specific editorial reason,none,high
yeltsin-chervyakov-crossroads-5-2026-11-02,details,content,"2 ноября, 19:00–20:30. Пятая лекция цикла «Неидеальный лабиринт».",keep,"2 ноября, 19:00–20:30. Пятая лекция цикла «Неидеальный лабиринт».",user-facing factual content,none,high
mmdm-7080,why,technical,Подтверждённая позиция полного sweep Московского международного Дома музыки.,remove,,confirmation/provenance is not an editorial reason,confirmed_placeholder,high
mmdm-7080,details,technical,Событие подтверждено официальной афишей Московского международного Дома музыки.,remove,,source verification or internal process text without user-facing event content,pure_public_provenance,high
vnutri-we-are-here-2026-11-03-18,why,generic,Содержательная театральная работа из приоритетного контура Культрадара.,remove,,generic/process rationale does not state a concrete event-specific reason,priority_contour_placeholder,high
vnutri-we-are-here-2026-11-03-18,details,empty,,no_action,,field is empty or absent,empty,high
consv-bzk-tchaikovsky1-swan-lake-2026-11-03,why,mixed,Ключевая программа текущего sweep Консерватории: Чайковский — Концерт №1 / «Лебединое озеро».,rewrite_existing_content_only,Чайковский — Концерт №1 / «Лебединое озеро».,remove sweep provenance and retain the existing program core,key_program_sweep_prefix,high
consv-bzk-tchaikovsky1-swan-lake-2026-11-03,details,content,Концерт №1 для фортепиано с оркестром; «Лебединое озеро»,keep,Концерт №1 для фортепиано с оркестром; «Лебединое озеро»,user-facing factual content,none,high
consv-mzk-abdullin-organ-2026-11-03,why,generic,Содержательное событие официальной афиши Московской консерватории; добавлено при системном проходе до конца 2026 года.,remove,,generic placeholder plus internal pass provenance,generic_official_listing_system_pass,high
consv-mzk-abdullin-organ-2026-11-03,details,empty,,no_action,,field is empty or absent,empty,high
consv-rach-remembering-future-2026-11-03,why,generic,Содержательная дата Консерватории: «Вспоминая будущее» — Камерный оркестр Московской консерватории.,remove,,generic content-date label repeats event content but does not explain why the event merits attention,conservatory_content_date_placeholder,high
consv-rach-remembering-future-2026-11-03,details,content,"Абонемент №23, к 65-летию оркестра; программа не опубликована.",keep,"Абонемент №23, к 65-летию оркестра; программа не опубликована.",user-facing factual content,none,high
mmdm-6925,why,technical,Подтверждённая позиция полного sweep Московского международного Дома музыки.,remove,,confirmation/provenance is not an editorial reason,confirmed_placeholder,high
mmdm-6925,details,technical,Событие подтверждено официальной афишей Московского международного Дома музыки.,remove,,source verification or internal process text without user-facing event content,pure_public_provenance,high
mmdm-6982,why,editorial,"Полноценный фламенко-спектакль с живыми вокалом, гитарами, флейтой и перкуссией.",keep,"Полноценный фламенко-спектакль с живыми вокалом, гитарами, флейтой и перкуссией.",content-specific editorial reason,none,high
mmdm-6982,details,content,"Фламенко: танец, вокал, две гитары, кахон/перкуссия и флейта; режиссёр-постановщик Наталья Зайкова.",keep,"Фламенко: танец, вокал, две гитары, кахон/перкуссия и флейта; режиссёр-постановщик Наталья Зайкова.",user-facing factual content,none,high
mmdm-7492,why,technical,Подтверждённая позиция полного sweep Московского международного Дома музыки.,remove,,confirmation/provenance is not an editorial reason,confirmed_placeholder,high
mmdm-7492,details,technical,Событие подтверждено официальной афишей Московского международного Дома музыки.,remove,,source verification or internal process text without user-facing event content,pure_public_provenance,high
phil-berezka-2026-11-03,why,technical,Подтверждённая дата полного sweep Московской филармонии до 31.12.2026; включена в широкий календарь без вкусового отсева.,remove,,confirmation/provenance is not an editorial reason,confirmed_placeholder,high
phil-berezka-2026-11-03,details,content,Хореографическая программа.,keep,Хореографическая программа.,user-facing factual content,none,high
phil-laul-mozart-2026-11-03,why,generic,Содержательное событие официальной афиши Московской филармонии; добавлено при системном проходе ноября–декабря.,remove,,generic placeholder plus internal pass provenance,generic_official_listing_system_pass,high
phil-laul-mozart-2026-11-03,details,empty,,no_action,,field is empty or absent,empty,high
zaryadye-bellini-2026-11-03,why,technical,Подтверждено официальной афишей Зала Зарядье в контрольном sweep октября–декабря 2026.,remove,,confirmation/provenance is not an editorial reason,confirmed_placeholder,high
zaryadye-bellini-2026-11-03,details,technical,Событие подтверждено официальной афишей Зала Зарядье; актуальные программа и состав — по карточке источника.,remove,,source verification or internal process text without user-facing event content,pure_public_provenance,high
maly-bride-without-dowry-nov26,why,generic,Репертуарная карточка: сохраняем постановку в полном театральном календаре.,remove,,"generic repertoire placeholder, not an editorial reason",repertoire_card_placeholder,high
maly-bride-without-dowry-nov26,details,content,"3 и 18 ноября; 18 ноября — замена спектакля «Игрок». 2 ч 40 мин, один антракт.",keep,"3 и 18 ноября; 18 ноября — замена спектакля «Игрок». 2 ч 40 мин, один антракт.",user-facing factual content,none,high
maly-guiltless-nov26,why,generic,Репертуарная карточка: сохраняем постановку в полном театральном календаре.,remove,,"generic repertoire placeholder, not an editorial reason",repertoire_card_placeholder,high
maly-guiltless-nov26,details,content,3 ноября. 2 ч 50 мин.,keep,3 ноября. 2 ч 50 мин.,user-facing factual content,none,high
rassvet-hodila-izba-2026-11-03,why,editorial,Опера Варвары Чураковой и необычное соединение коллективов.,keep,Опера Варвары Чураковой и необычное соединение коллективов.,content-specific editorial reason,none,high
rassvet-hodila-izba-2026-11-03,details,content,Опера Варвары Чураковой.,keep,Опера Варвары Чураковой.,user-facing factual content,none,high
niko-parin-pelle-doca-2026-11-03,why,editorial,Музыкально-поэтическая камерная программа опубликованного ноябрьского хвоста.,keep,Музыкально-поэтическая камерная программа опубликованного ноябрьского хвоста.,content-specific editorial reason,none,high
niko-parin-pelle-doca-2026-11-03,details,content,"3 ноября, 19:30. Музыкально-поэтический вечер «И музыка, и слово».",keep,"3 ноября, 19:30. Музыкально-поэтический вечер «И музыка, и слово».",user-facing factual content,none,high
vnutri-we-are-here-2026-11-03-20,why,generic,Содержательная театральная работа из приоритетного контура Культрадара.,remove,,generic/process rationale does not state a concrete event-specific reason,priority_contour_placeholder,high
vnutri-we-are-here-2026-11-03-20,details,empty,,no_action,,field is empty or absent,empty,high
mmdm-6945,why,technical,Подтверждённая позиция полного sweep Московского международного Дома музыки.,remove,,confirmation/provenance is not an editorial reason,confirmed_placeholder,high
mmdm-6945,details,technical,Событие подтверждено официальной афишей Московского международного Дома музыки.,remove,,source verification or internal process text without user-facing event content,pure_public_provenance,high
mmdm-6946,why,technical,Подтверждённая позиция полного sweep Московского международного Дома музыки.,remove,,confirmation/provenance is not an editorial reason,confirmed_placeholder,high
mmdm-6946,details,technical,Событие подтверждено официальной афишей Московского международного Дома музыки.,remove,,source verification or internal process text without user-facing event content,pure_public_provenance,high
mmdm-7493,why,technical,Подтверждённая позиция полного sweep Московского международного Дома музыки.,remove,,confirmation/provenance is not an editorial reason,confirmed_placeholder,high
mmdm-7493,details,technical,Событие подтверждено официальной афишей Московского международного Дома музыки.,remove,,source verification or internal process text without user-facing event content,pure_public_provenance,high
maly-big-three-nov26,why,generic,Репертуарная карточка: сохраняем постановку в полном театральном календаре.,remove,,"generic repertoire placeholder, not an editorial reason",repertoire_card_placeholder,high
maly-big-three-nov26,details,content,4 ноября. 2 ч 10 мин без антракта.,keep,4 ноября. 2 ч 10 мин без антракта.,user-facing factual content,none,high
maly-valkyries-nov26,why,generic,Репертуарная карточка: сохраняем постановку в полном театральном календаре.,remove,,"generic repertoire placeholder, not an editorial reason",repertoire_card_placeholder,high
maly-valkyries-nov26,details,content,"4 ноября. 2 ч 30 мин, один антракт.",keep,"4 ноября. 2 ч 30 мин, один антракт.",user-facing factual content,none,high
consv-bzk-rachmaninov-masterpieces-2026-11-04,why,technical,Подтверждено официальной ноябрьской афишей Московской консерватории при контрольной сверке по дням.,remove,,confirmation/provenance is not an editorial reason,confirmed_placeholder,high
consv-bzk-rachmaninov-masterpieces-2026-11-04,details,technical,Событие подтверждено актуальной официальной афишей Московской консерватории.,remove,,source verification or internal process text without user-facing event content,pure_public_provenance,high
consv-mzk-golub-bach-organ-2026-11-04,why,generic,Содержательное событие официальной афиши Московской консерватории; добавлено при системном проходе до конца 2026 года.,remove,,generic placeholder plus internal pass provenance,generic_official_listing_system_pass,high
consv-mzk-golub-bach-organ-2026-11-04,details,empty,,no_action,,field is empty or absent,empty,high
mmdm-7316,why,editorial,"Концерт на стыке музыки и визуального искусства: классика, неоклассика и авторская программа сопровождаются произведениями живописи.",keep,"Концерт на стыке музыки и визуального искусства: классика, неоклассика и авторская программа сопровождаются произведениями живописи.",content-specific editorial reason,none,high
mmdm-7316,details,content,"Эйнауди, Сати, Дебюсси, Гласс, Вивальди, Циммер и др.; авторская программа Three Sticks.",keep,"Эйнауди, Сати, Дебюсси, Гласс, Вивальди, Циммер и др.; авторская программа Three Sticks.",user-facing factual content,none,high
mmdm-7344,why,technical,Подтверждённая позиция полного sweep Московского международного Дома музыки.,remove,,confirmation/provenance is not an editorial reason,confirmed_placeholder,high
mmdm-7344,details,technical,Событие подтверждено официальной афишей Московского международного Дома музыки.,remove,,source verification or internal process text without user-facing event content,pure_public_provenance,high
mmdm-7494,why,technical,Подтверждённая позиция полного sweep Московского международного Дома музыки.,remove,,confirmation/provenance is not an editorial reason,confirmed_placeholder,high
mmdm-7494,details,technical,Событие подтверждено официальной афишей Московского международного Дома музыки.,remove,,source verification or internal process text without user-facing event content,pure_public_provenance,high
phil-laul-mozart-2026-11-04,why,generic,Содержательное событие официальной афиши Московской филармонии; добавлено при системном проходе ноября–декабря.,remove,,generic placeholder plus internal pass provenance,generic_official_listing_system_pass,high
phil-laul-mozart-2026-11-04,details,empty,,no_action,,field is empty or absent,empty,high
phil-pyatnitsky-great-russia-2026-11-04,why,technical,Подтверждённая дата полного sweep Московской филармонии до 31.12.2026; включена в широкий календарь без вкусового отсева.,remove,,confirmation/provenance is not an editorial reason,confirmed_placeholder,high
phil-pyatnitsky-great-russia-2026-11-04,details,content,Праздничная хоровая программа.,keep,Праздничная хоровая программа.,user-facing factual content,none,high
zaryadye-patriarchal-choir-2026-11-04,why,technical,Подтверждено официальной афишей Зала Зарядье в контрольном sweep октября–декабря 2026.,remove,,confirmation/provenance is not an editorial reason,confirmed_placeholder,high
zaryadye-patriarchal-choir-2026-11-04,details,technical,Событие подтверждено официальной афишей Зала Зарядье; актуальные программа и состав — по карточке источника.,remove,,source verification or internal process text without user-facing event content,pure_public_provenance,high
consv-bzk-vostokov-jazz-orchestra-2026-11-05,why,generic,Содержательная дата Консерватории: Пётр Востоков и Большой джазовый оркестр.,remove,,generic content-date label repeats event content but does not explain why the event merits attention,conservatory_content_date_placeholder,high
consv-bzk-vostokov-jazz-orchestra-2026-11-05,details,content,Программа джазового вечера не опубликована.,keep,Программа джазового вечера не опубликована.,user-facing factual content,none,high
mmdm-6947,why,technical,Подтверждённая позиция полного sweep Московского международного Дома музыки.,remove,,confirmation/provenance is not an editorial reason,confirmed_placeholder,high
mmdm-6947,details,technical,Событие подтверждено официальной афишей Московского международного Дома музыки.,remove,,source verification or internal process text without user-facing event content,pure_public_provenance,high
mmdm-7317,why,technical,Подтверждённая позиция полного sweep Московского международного Дома музыки.,remove,,confirmation/provenance is not an editorial reason,confirmed_placeholder,high
mmdm-7317,details,technical,Событие подтверждено официальной афишей Московского международного Дома музыки.,remove,,source verification or internal process text without user-facing event content,pure_public_provenance,high
mmdm-7380,why,technical,Подтверждённая позиция полного sweep Московского международного Дома музыки.,remove,,confirmation/provenance is not an editorial reason,confirmed_placeholder,high
mmdm-7380,details,technical,Событие подтверждено официальной афишей Московского международного Дома музыки.,remove,,source verification or internal process text without user-facing event content,pure_public_provenance,high
phil-im-spiegel-2026-11-05,why,generic,Содержательное событие официальной афиши Московской филармонии; добавлено при системном проходе ноября–декабря.,remove,,generic placeholder plus internal pass provenance,generic_official_listing_system_pass,high
phil-im-spiegel-2026-11-05,details,empty,,no_action,,field is empty or absent,empty,high
phil-poliansky-bells-2026-11-05,why,generic,"Релевантное событие официальной афиши Московской филармонии, добавленное в проходе до конца года.",remove,,generic relevance placeholder plus pass provenance,generic_official_listing_pass,high
phil-poliansky-bells-2026-11-05,details,content,"Мусоргский, Чайковский, Рахманинов — «Колокола».",keep,"Мусоргский, Чайковский, Рахманинов — «Колокола».",user-facing factual content,none,high
maly-cranes-nov26,why,generic,Репертуарная карточка: сохраняем постановку в полном театральном календаре.,remove,,"generic repertoire placeholder, not an editorial reason",repertoire_card_placeholder,high
maly-cranes-nov26,details,content,"5 и 17 ноября. 3 ч 15 мин, один антракт.",keep,"5 и 17 ноября. 3 ч 15 мин, один антракт.",user-facing factual content,none,high
maly-dolly-nov26,why,generic,Репертуарная карточка: сохраняем постановку в полном театральном календаре.,remove,,"generic repertoire placeholder, not an editorial reason",repertoire_card_placeholder,high
maly-dolly-nov26,details,content,"5 и 24 ноября. 3 ч 20 мин, один антракт.",keep,"5 и 24 ноября. 3 ч 20 мин, один антракт.",user-facing factual content,none,high
mmdm-7279,why,editorial,Сценическая версия пьесы Альберта Герни — признанной театральной классики XX века.,keep,Сценическая версия пьесы Альберта Герни — признанной театральной классики XX века.,content-specific editorial reason,none,high
mmdm-7279,details,content,Спектакль по пьесе Альберта Р. Герни; режиссёр-постановщик Дайнюс Казлаускас.,keep,Спектакль по пьесе Альберта Р. Герни; режиссёр-постановщик Дайнюс Казлаускас.,user-facing factual content,none,high
consv-bzk-obsession-glavatskikh-2026-11-06,why,generic,Содержательное событие официальной афиши Московской консерватории; добавлено при системном проходе до конца 2026 года.,remove,,generic placeholder plus internal pass provenance,generic_official_listing_system_pass,high
consv-bzk-obsession-glavatskikh-2026-11-06,details,empty,,no_action,,field is empty or absent,empty,high
consv-mzk-knyazev-brahms-2026-11-06,why,generic,Содержательное событие официальной афиши Московской консерватории; добавлено при системном проходе до конца 2026 года.,remove,,generic placeholder plus internal pass provenance,generic_official_listing_system_pass,high
consv-mzk-knyazev-brahms-2026-11-06,details,empty,,no_action,,field is empty or absent,empty,high
mamt-not-only-love-2026-11-06,why,editorial,Редкая опера Щедрина в юбилейной программе МАМТ.,keep,Редкая опера Щедрина в юбилейной программе МАМТ.,content-specific editorial reason,none,high
mamt-not-only-love-2026-11-06,details,content,"6 ноября, 19:00. Продолжительность около 2 ч 10 мин.",keep,"6 ноября, 19:00. Продолжительность около 2 ч 10 мин.",user-facing factual content,none,high
mmdm-7009,why,technical,Подтверждённая позиция полного sweep Московского международного Дома музыки.,remove,,confirmation/provenance is not an editorial reason,confirmed_placeholder,high
mmdm-7009,details,technical,Событие подтверждено официальной афишей Московского международного Дома музыки.,remove,,source verification or internal process text without user-facing event content,pure_public_provenance,high
mmdm-7021,why,technical,Подтверждённая позиция полного sweep Московского международного Дома музыки.,remove,,confirmation/provenance is not an editorial reason,confirmed_placeholder,high
mmdm-7021,details,technical,Событие подтверждено официальной афишей Московского международного Дома музыки.,remove,,source verification or internal process text without user-facing event content,pure_public_provenance,high
phil-borodin-shostakovich-2026-11-06,why,generic,"Релевантное событие официальной афиши Московской филармонии, добавленное в проходе до конца года.",remove,,generic relevance placeholder plus pass provenance,generic_official_listing_pass,high
phil-borodin-shostakovich-2026-11-06,details,content,Шостакович — поздние квартеты №15 и №14.,keep,Шостакович — поздние квартеты №15 и №14.,user-facing factual content,none,high
phil-sinkovsky-bach-2026-11-06,why,generic,"Релевантное событие официальной афиши Московской филармонии, добавленное в проходе до конца года.",remove,,generic relevance placeholder plus pass provenance,generic_official_listing_pass,high
phil-sinkovsky-bach-2026-11-06,details,content,И. С. Бах — оркестровые сюиты и кантаты.,keep,И. С. Бах — оркестровые сюиты и кантаты.,user-facing factual content,none,high
maly-dead-souls-nov26,why,generic,Репертуарная карточка: сохраняем постановку в полном театральном календаре.,remove,,"generic repertoire placeholder, not an editorial reason",repertoire_card_placeholder,high
maly-dead-souls-nov26,details,content,"6 и 12 ноября. 2 ч 45 мин, один антракт.",keep,"6 и 12 ноября. 2 ч 45 мин, один антракт.",user-facing factual content,none,high
maly-shines-not-warms-nov26,why,generic,Репертуарная карточка: сохраняем постановку в полном театральном календаре.,remove,,"generic repertoire placeholder, not an editorial reason",repertoire_card_placeholder,high
maly-shines-not-warms-nov26,details,content,"6 ноября. 2 ч 30 мин, один антракт.",keep,"6 ноября. 2 ч 30 мин, один антракт.",user-facing factual content,none,high
maly-cinderella-nov26,why,generic,Репертуарная карточка: сохраняем постановку в полном театральном календаре.,remove,,"generic repertoire placeholder, not an editorial reason",repertoire_card_placeholder,high
maly-cinderella-nov26,details,content,"7 и 15 ноября. 1 ч 40 мин, один антракт.",keep,"7 и 15 ноября. 1 ч 40 мин, один антракт.",user-facing factual content,none,high
mmdm-6896,why,technical,Подтверждённая позиция полного sweep Московского международного Дома музыки.,remove,,confirmation/provenance is not an editorial reason,confirmed_placeholder,high
mmdm-6896,details,technical,Событие подтверждено официальной афишей Московского международного Дома музыки.,remove,,source verification or internal process text without user-facing event content,pure_public_provenance,high
mmdm-7064,why,technical,Подтверждённая позиция полного sweep Московского международного Дома музыки.,remove,,confirmation/provenance is not an editorial reason,confirmed_placeholder,high
mmdm-7064,details,technical,Событие подтверждено официальной афишей Московского международного Дома музыки.,remove,,source verification or internal process text without user-facing event content,pure_public_provenance,high
consv-bzk-vishnevsky-new-russia-2026-11-07,why,generic,Содержательная дата Консерватории: Григ / Рахманинов / Равель — Владимир Вишневский.,remove,,generic content-date label repeats event content but does not explain why the event merits attention,conservatory_content_date_placeholder,high
consv-bzk-vishnevsky-new-russia-2026-11-07,details,content,Конкретные произведения в календарном анонсе не перечислены.,keep,Конкретные произведения в календарном анонсе не перечислены.,user-facing factual content,none,high
maly-golovlevs-nov26,why,generic,Репертуарная карточка: сохраняем постановку в полном театральном календаре.,remove,,"generic repertoire placeholder, not an editorial reason",repertoire_card_placeholder,high
maly-golovlevs-nov26,details,mixed,7 и 29 ноября. Премьера; точная продолжительность в текущей официальной афише не указана.,rewrite_existing_content_only,7 и 29 ноября. Премьера.,retain dates/premiere; remove official-listing availability note,manual_details_source_clause,high
maly-players-gogol-nov26,why,generic,Репертуарная карточка: сохраняем постановку в полном театральном календаре.,remove,,"generic repertoire placeholder, not an editorial reason",repertoire_card_placeholder,high
maly-players-gogol-nov26,details,content,"7 и 29 ноября. 2 ч 30 мин, один антракт.",keep,"7 и 29 ноября. 2 ч 30 мин, один антракт.",user-facing factual content,none,high
consv-bzk-bashmet-belarus-russia-2026-11-07,why,mixed,Ключевая программа текущего sweep Консерватории: Юрий Башмет / Белорусско-Российский молодёжный симфонический оркестр.,rewrite_existing_content_only,Юрий Башмет / Белорусско-Российский молодёжный симфонический оркестр.,remove sweep provenance and retain the existing program core,key_program_sweep_prefix,high
consv-bzk-bashmet-belarus-russia-2026-11-07,details,content,Программа в сводной афише не раскрыта.,keep,Программа в сводной афише не раскрыта.,user-facing factual content,none,high
consv-mzk-organ-voice-gadelia-eshba-2026-11-07,why,generic,Содержательное событие официальной афиши Московской консерватории; добавлено при системном проходе до конца 2026 года.,remove,,generic placeholder plus internal pass provenance,generic_official_listing_system_pass,high
consv-mzk-organ-voice-gadelia-eshba-2026-11-07,details,empty,,no_action,,field is empty or absent,empty,high
mmdm-7297,why,technical,Подтверждённая позиция полного sweep Московского международного Дома музыки.,remove,,confirmation/provenance is not an editorial reason,confirmed_placeholder,high
mmdm-7297,details,technical,Событие подтверждено официальной афишей Московского международного Дома музыки.,remove,,source verification or internal process text without user-facing event content,pure_public_provenance,high
mmdm-7314,why,technical,Подтверждённая позиция полного sweep Московского международного Дома музыки.,remove,,confirmation/provenance is not an editorial reason,confirmed_placeholder,high
mmdm-7314,details,technical,Событие подтверждено официальной афишей Московского международного Дома музыки.,remove,,source verification or internal process text without user-facing event content,pure_public_provenance,high
phil-avantgarde-new-simplicity-2026-11-07,why,generic,"Релевантное событие официальной афиши Московской филармонии, добавленное в проходе до конца года.",remove,,generic relevance placeholder plus pass provenance,generic_official_listing_pass,high
phil-avantgarde-new-simplicity-2026-11-07,details,content,"Шёнберг, Барток, Джон Адамс, Кейдж.",keep,"Шёнберг, Барток, Джон Адамс, Кейдж.",user-facing factual content,none,high
phil-matsuev-spb-2026-11-07,why,generic,Содержательное событие официальной афиши Московской филармонии; добавлено при системном проходе ноября–декабря.,remove,,generic placeholder plus internal pass provenance,generic_official_listing_system_pass,high
phil-matsuev-spb-2026-11-07,details,content,Бетховен — Концерт №1; Чайковский — Симфония №5.,keep,Бетховен — Концерт №1; Чайковский — Симфония №5.,user-facing factual content,none,high
mmdm-7217,why,technical,Подтверждённая позиция полного sweep Московского международного Дома музыки.,remove,,confirmation/provenance is not an editorial reason,confirmed_placeholder,high
mmdm-7217,details,technical,Событие подтверждено официальной афишей Московского международного Дома музыки.,remove,,source verification or internal process text without user-facing event content,pure_public_provenance,high
mmdm-6898,why,technical,Подтверждённая позиция полного sweep Московского международного Дома музыки.,remove,,confirmation/provenance is not an editorial reason,confirmed_placeholder,high
mmdm-6898,details,technical,Событие подтверждено официальной афишей Московского международного Дома музыки.,remove,,source verification or internal process text without user-facing event content,pure_public_provenance,high
zaryadye-composer-detective-2026-11-08,why,technical,Подтверждено официальной афишей Зала Зарядье в контрольном sweep октября–декабря 2026.,remove,,confirmation/provenance is not an editorial reason,confirmed_placeholder,high
zaryadye-composer-detective-2026-11-08,details,technical,Событие подтверждено официальной афишей Зала Зарядье; актуальные программа и состав — по карточке источника.,remove,,source verification or internal process text without user-facing event content,pure_public_provenance,high
consv-rach-hungary-2026-11-08,why,technical,Подтверждено официальной ноябрьской афишей Московской консерватории при контрольной сверке по дням.,remove,,confirmation/provenance is not an editorial reason,confirmed_placeholder,high
consv-rach-hungary-2026-11-08,details,technical,Событие подтверждено актуальной официальной афишей Московской консерватории.,remove,,source verification or internal process text without user-facing event content,pure_public_provenance,high
maly-dogs-heart-nov26,why,generic,Репертуарная карточка: сохраняем постановку в полном театральном календаре.,remove,,"generic repertoire placeholder, not an editorial reason",repertoire_card_placeholder,high
maly-dogs-heart-nov26,details,content,"8 ноября. 2 ч 30 мин, один антракт.",keep,"8 ноября. 2 ч 30 мин, один антракт.",user-facing factual content,none,high
maly-eight-women-nov26,why,generic,Репертуарная карточка: сохраняем постановку в полном театральном календаре.,remove,,"generic repertoire placeholder, not an editorial reason",repertoire_card_placeholder,high
maly-eight-women-nov26,details,content,"8 и 20 ноября. 2 ч 30 мин, один антракт.",keep,"8 и 20 ноября. 2 ч 30 мин, один антракт.",user-facing factual content,none,high
maly-zashchita-luzhina-2026-11-08,why,mixed,"Набоков и психологическая история шахматиста на малой сцене; гораздо ближе к профилю радара, чем массовая «классика для галочки».",rewrite_existing_content_only,Набоков и психологическая история шахматиста на малой сцене.,retain only existing event-specific content; remove radar/contour/calendar/inclusion policy wording,process_clause_removed,high
maly-zashchita-luzhina-2026-11-08,details,content,"8 ноября. 2 ч 15 мин, один антракт.",keep,"8 ноября. 2 ч 15 мин, один антракт.",user-facing factual content,none,high
consv-mzk-bugaev-glavatskikh-2026-11-08,why,generic,Содержательная дата Консерватории: Олег Бугаев / Сергей Главатских.,remove,,generic content-date label repeats event content but does not explain why the event merits attention,conservatory_content_date_placeholder,high
consv-mzk-bugaev-glavatskikh-2026-11-08,details,content,Программа камерного вечера не опубликована.,keep,Программа камерного вечера не опубликована.,user-facing factual content,none,high
consv-rach-shostakovich-120-youth-2026-11-08,why,generic,Содержательное событие официальной афиши Московской консерватории; добавлено при системном проходе до конца 2026 года.,remove,,generic placeholder plus internal pass provenance,generic_official_listing_system_pass,high
consv-rach-shostakovich-120-youth-2026-11-08,details,empty,,no_action,,field is empty or absent,empty,high
mmdm-7318,why,technical,Подтверждённая позиция полного sweep Московского международного Дома музыки.,remove,,confirmation/provenance is not an editorial reason,confirmed_placeholder,high
mmdm-7318,details,technical,Событие подтверждено официальной афишей Московского международного Дома музыки.,remove,,source verification or internal process text without user-facing event content,pure_public_provenance,high
mmdm-7381,why,technical,Подтверждённая позиция полного sweep Московского международного Дома музыки.,remove,,confirmation/provenance is not an editorial reason,confirmed_placeholder,high
mmdm-7381,details,technical,Событие подтверждено официальной афишей Московского международного Дома музыки.,remove,,source verification or internal process text without user-facing event content,pure_public_provenance,high
mmdm-7427,why,technical,Подтверждённая позиция полного sweep Московского международного Дома музыки.,remove,,confirmation/provenance is not an editorial reason,confirmed_placeholder,high
mmdm-7427,details,technical,Событие подтверждено официальной афишей Московского международного Дома музыки.,remove,,source verification or internal process text without user-facing event content,pure_public_provenance,high
phil-lugansky-solo-2026-11-08,why,generic,Содержательное событие официальной афиши Московской филармонии; добавлено при системном проходе ноября–декабря.,remove,,generic placeholder plus internal pass provenance,generic_official_listing_system_pass,high
phil-lugansky-solo-2026-11-08,details,empty,,no_action,,field is empty or absent,empty,high
consv-mzk-vishnevsky-2026-11-09,why,generic,Событие официальной афиши Московской консерватории; добавлено в проходе до конца 2026 года.,remove,,generic official-listing placeholder plus pass provenance,generic_official_listing_pass,high
consv-mzk-vishnevsky-2026-11-09,details,mixed,Сольный концерт; программу сверить на официальной странице.,rewrite_existing_content_only,Сольный концерт,"retain existing event content only, remove source pointer",content_plus_source_pointer,high
phil-new-names-2026-11-09,why,technical,Подтверждённая дата полного sweep Московской филармонии до 31.12.2026; включена в широкий календарь без вкусового отсева.,remove,,confirmation/provenance is not an editorial reason,confirmed_placeholder,high
phil-new-names-2026-11-09,details,content,Стипендиаты Благотворительного фонда «Новые имена» имени Иветты Вороновой.,keep,Стипендиаты Благотворительного фонда «Новые имена» имени Иветты Вороновой.,user-facing factual content,none,high
phil-vivacello-dvorak-2026-11-09,why,generic,Содержательное событие официальной афиши Московской филармонии; добавлено при системном проходе ноября–декабря.,remove,,generic placeholder plus internal pass provenance,generic_official_listing_system_pass,high
phil-vivacello-dvorak-2026-11-09,details,empty,,no_action,,field is empty or absent,empty,high
zaryadye-dsch-berezovsky-2026-11-09,why,technical,Подтверждено официальной афишей Зала Зарядье в контрольном sweep октября–декабря 2026.,remove,,confirmation/provenance is not an editorial reason,confirmed_placeholder,high
zaryadye-dsch-berezovsky-2026-11-09,details,technical,Событие подтверждено официальной афишей Зала Зарядье; актуальные программа и состав — по карточке источника.,remove,,source verification or internal process text without user-facing event content,pure_public_provenance,high
bolshoi-lavr-2026-11-09-1900,why,technical,Отдельное подтверждённое ноябрьское событие на Новой сцене до публикации полной ноябрьской репертуарной афиши Большого театра.,remove,,"publication/verification provenance, not an editorial reason",prepublication_confirmation,high
bolshoi-lavr-2026-11-09-1900,details,mixed,"Симфонический спектакль-концерт по роману Евгения Водолазкина. Продолжительность — 1 ч 20 мин. Дата, время, площадка и участники подтверждены страницей организатора; полная ноябрьская репертуарная афиша Большого театра на момент проверки не опубликована.",rewrite_existing_content_only,Симфонический спектакль-концерт по роману Евгения Водолазкина. Продолжительность — 1 ч 20 мин.,"retain existing format/duration, remove verification/publication provenance",content_plus_verification,high
yeltsin-chervyakov-crossroads-6-2026-11-09,why,editorial,Историческая лекция цикла о ключевых развилках российской истории 1990-х.,keep,Историческая лекция цикла о ключевых развилках российской истории 1990-х.,content-specific editorial reason,none,high
yeltsin-chervyakov-crossroads-6-2026-11-09,details,content,"9 ноября, 19:00–20:30. Шестая лекция цикла «Неидеальный лабиринт».",keep,"9 ноября, 19:00–20:30. Шестая лекция цикла «Неидеальный лабиринт».",user-facing factual content,none,high
consv-rach-les-moscovites-2026-11-10,why,generic,Событие официальной афиши Московской консерватории; добавлено в проходе до конца 2026 года.,remove,,generic official-listing placeholder plus pass provenance,generic_official_listing_pass,high
consv-rach-les-moscovites-2026-11-10,details,content,Камерная программа; полный состав сверить.,keep,Камерная программа; полный состав сверить.,user-facing factual content,none,high
mmdm-7416,why,editorial,"Награждённая постановка Екатеринбургского театра кукол по «Шинели», «Повести о капитане Копейкине» и «Запискам сумасшедшего».",keep,"Награждённая постановка Екатеринбургского театра кукол по «Шинели», «Повести о капитане Копейкине» и «Запискам сумасшедшего».",content-specific editorial reason,none,high
mmdm-7416,details,content,Триптих по произведениям Николая Гоголя; постановка номинировалась на «Золотую Маску».,keep,Триптих по произведениям Николая Гоголя; постановка номинировалась на «Золотую Маску».,user-facing factual content,none,high
mmdm-7495,why,technical,Подтверждённая позиция полного sweep Московского международного Дома музыки.,remove,,confirmation/provenance is not an editorial reason,confirmed_placeholder,high
mmdm-7495,details,technical,Событие подтверждено официальной афишей Московского международного Дома музыки.,remove,,source verification or internal process text without user-facing event content,pure_public_provenance,high
phil-grindenko-2026-11-10,why,generic,"Релевантное событие официальной афиши Московской филармонии, добавленное в проходе до конца года.",remove,,generic relevance placeholder plus pass provenance,generic_official_listing_pass,high
phil-grindenko-2026-11-10,details,content,"Бах, Бибер.",keep,"Бах, Бибер.",user-facing factual content,none,high
phil-other-space-2026-11-10,why,generic,"Релевантное событие официальной афиши Московской филармонии, добавленное в проходе до конца года.",remove,,generic relevance placeholder plus pass provenance,generic_official_listing_pass,high
phil-other-space-2026-11-10,details,content,Ахунов — мировая премьера; Такемицу — November Steps; Рахмадиев; Зволинский — мировая премьера.,keep,Ахунов — мировая премьера; Такемицу — November Steps; Рахмадиев; Зволинский — мировая премьера.,user-facing factual content,none,high
maly-mysterious-box-nov26,why,generic,Репертуарная карточка: сохраняем постановку в полном театральном календаре.,remove,,"generic repertoire placeholder, not an editorial reason",repertoire_card_placeholder,high
maly-mysterious-box-nov26,details,content,"10 ноября. 2 ч 30 мин, один антракт.",keep,"10 ноября. 2 ч 30 мин, один антракт.",user-facing factual content,none,high
maly-truth-happiness-ordynka-nov26,why,generic,Репертуарная карточка: сохраняем постановку в полном театральном календаре.,remove,,"generic repertoire placeholder, not an editorial reason",repertoire_card_placeholder,high
maly-truth-happiness-ordynka-nov26,details,content,"10 ноября. 2 ч 40 мин, один антракт.",keep,"10 ноября. 2 ч 40 мин, один антракт.",user-facing factual content,none,high
nations-adult-daughter-2026-11-10,why,generic,Содержательная театральная работа из приоритетного контура Культрадара.,remove,,generic/process rationale does not state a concrete event-specific reason,priority_contour_placeholder,high
nations-adult-daughter-2026-11-10,details,content,1 ч 40 мин.,keep,1 ч 40 мин.,user-facing factual content,none,high
consv-mzk-zenaishvili-2026-11-10,why,generic,Событие официальной афиши Московской консерватории; добавлено в проходе до конца 2026 года.,remove,,generic official-listing placeholder plus pass provenance,generic_official_listing_pass,high
consv-mzk-zenaishvili-2026-11-10,details,content,"Татьяна Зенаишвили — орган, клавесин, клавикорд. Абонемент №11 «Орган+».",keep,"Татьяна Зенаишвили — орган, клавесин, клавикорд. Абонемент №11 «Орган+».",user-facing factual content,none,high
helikon-maddalena-2026,why,editorial,Редкая ранняя опера Прокофьева — обязательный кандидат.,keep,Редкая ранняя опера Прокофьева — обязательный кандидат.,content-specific editorial reason,none,high
helikon-maddalena-2026,details,content,С. С. Прокофьев — «Маддалена».,keep,С. С. Прокофьев — «Маддалена».,user-facing factual content,none,high
mamt-rusalka-2026-11-11,why,editorial,Большая русская опера в постановке Тителя; часть юбилейной программы театра.,keep,Большая русская опера в постановке Тителя; часть юбилейной программы театра.,content-specific editorial reason,none,high
mamt-rusalka-2026-11-11,details,content,"11 ноября, 19:00. 3 ч 15 мин.",keep,"11 ноября, 19:00. 3 ч 15 мин.",user-facing factual content,none,high
mmdm-7081,why,technical,Подтверждённая позиция полного sweep Московского международного Дома музыки.,remove,,confirmation/provenance is not an editorial reason,confirmed_placeholder,high
mmdm-7081,details,technical,Событие подтверждено официальной афишей Московского международного Дома музыки.,remove,,source verification or internal process text without user-facing event content,pure_public_provenance,high
mmdm-7417,why,mixed,Полноценный драматический спектакль в театральной афише ММДМ; включён в широкий подтверждённый слой.,rewrite_existing_content_only,Полноценный драматический спектакль в театральной афише ММДМ,"retain existing content clause, remove internal inclusion/process clause",content_plus_process_clause,high
mmdm-7417,details,technical,Событие подтверждено официальной афишей Московского международного Дома музыки.,remove,,source verification or internal process text without user-facing event content,pure_public_provenance,high
newopera-lohengrin-nov-2026,why,mixed,"Вагнер в репертуаре Новой Оперы — дальний кандидат, который надо видеть заранее.",rewrite_existing_content_only,Вагнер в репертуаре Новой Оперы.,retain only existing event-specific content; remove radar/contour/calendar/inclusion policy wording,process_clause_removed,high
newopera-lohengrin-nov-2026,details,content,11 и 13 ноября 2026.,keep,11 и 13 ноября 2026.,user-facing factual content,none,high
phil-brahms-manfred-2026-11-11,why,generic,Содержательное событие официальной афиши Московской филармонии; добавлено при системном проходе ноября–декабря.,remove,,generic placeholder plus internal pass provenance,generic_official_listing_system_pass,high
phil-brahms-manfred-2026-11-11,details,content,Брамс — Скрипичный концерт; Чайковский — симфония «Манфред».,keep,Брамс — Скрипичный концерт; Чайковский — симфония «Манфред».,user-facing factual content,none,high
phil-pierrot-reich-2026-11-11,why,generic,"Релевантное событие официальной афиши Московской филармонии, добавленное в проходе до конца года.",remove,,generic relevance placeholder plus pass provenance,generic_official_listing_pass,high
phil-pierrot-reich-2026-11-11,details,content,"Тауэр, Шмотова, Навок, Хрущёва, Ланг, Грайм, Райх — Double Sextet.",keep,"Тауэр, Шмотова, Навок, Хрущёва, Ланг, Грайм, Райх — Double Sextet.",user-facing factual content,none,high
zaryadye-kultyshev-wtc-shostakovich-2026-11-11,why,editorial,Полный цикл 24 прелюдий и фуг Шостаковича; перенесён с 6 на 11 ноября.,keep,Полный цикл 24 прелюдий и фуг Шостаковича; перенесён с 6 на 11 ноября.,content-specific editorial reason,none,high
zaryadye-kultyshev-wtc-shostakovich-2026-11-11,details,content,24 прелюдии и фуги для фортепиано. Перенесено с 06.11.2026.,keep,24 прелюдии и фуги для фортепиано. Перенесено с 06.11.2026.,user-facing factual content,none,high
maly-inspector-nov26,why,generic,Репертуарная карточка: сохраняем постановку в полном театральном календаре.,remove,,"generic repertoire placeholder, not an editorial reason",repertoire_card_placeholder,high
maly-inspector-nov26,details,content,"11, 25 и 27 ноября; 27 ноября — замена спектакля «Женитьба Бальзаминова». 3 ч 55 мин, два антракта.",keep,"11, 25 и 27 ноября; 27 ноября — замена спектакля «Женитьба Бальзаминова». 3 ч 55 мин, два антракта.",user-facing factual content,none,high
maly-wedding-wedding-nov26,why,generic,Репертуарная карточка: сохраняем постановку в полном театральном календаре.,remove,,"generic repertoire placeholder, not an editorial reason",repertoire_card_placeholder,high
maly-wedding-wedding-nov26,details,content,"11 и 21 ноября. 1 ч 40 мин, один антракт.",keep,"11 и 21 ноября. 1 ч 40 мин, один антракт.",user-facing factual content,none,high
gnesin-piano-laureates-2026-11-11,why,generic,Публичное событие актуальной афиши РАМ имени Гнесиных.,remove,,generic/process rationale does not state a concrete event-specific reason,public_current_listing_placeholder,high
gnesin-piano-laureates-2026-11-11,details,content,"11 ноября, 19:00. Лауреаты Международного конкурса пианистов имени Гнесиных и Международного фортепианного конкурса русской музыки; русская и зарубежная музыка.",keep,"11 ноября, 19:00. Лауреаты Международного конкурса пианистов имени Гнесиных и Международного фортепианного конкурса русской музыки; русская и зарубежная музыка.",user-facing factual content,none,high
rassvet-rudin-kasprov-musica-viva-2026-11-11,why,editorial,Одна из самых сильных программ дальнего горизонта.,keep,Одна из самых сильных программ дальнего горизонта.,content-specific editorial reason,none,high
rassvet-rudin-kasprov-musica-viva-2026-11-11,details,content,"Пярт, Пелецис, Мансурян, Сильвестров.",keep,"Пярт, Пелецис, Мансурян, Сильвестров.",user-facing factual content,none,high
consv-bzk-tchaikovsky4-rachmaninov2-2026-11-12,why,generic,Содержательная дата Консерватории: Чайковский — Симфония №4 / Рахманинов — Концерт №2.,remove,,generic content-date label repeats event content but does not explain why the event merits attention,conservatory_content_date_placeholder,high
consv-bzk-tchaikovsky4-rachmaninov2-2026-11-12,details,content,Симфония №4; Концерт №2 для фортепиано с оркестром,keep,Симфония №4; Концерт №2 для фортепиано с оркестром,user-facing factual content,none,high
mmdm-7319,why,technical,Подтверждённая позиция полного sweep Московского международного Дома музыки.,remove,,confirmation/provenance is not an editorial reason,confirmed_placeholder,high
mmdm-7319,details,technical,Событие подтверждено официальной афишей Московского международного Дома музыки.,remove,,source verification or internal process text without user-facing event content,pure_public_provenance,high
mmdm-7418,why,technical,Подтверждённая позиция полного sweep Московского международного Дома музыки.,remove,,confirmation/provenance is not an editorial reason,confirmed_placeholder,high
mmdm-7418,details,technical,Событие подтверждено официальной афишей Московского международного Дома музыки.,remove,,source verification or internal process text without user-facing event content,pure_public_provenance,high
nations-last-summer-2026-11-12,why,generic,Содержательная театральная работа из приоритетного контура Культрадара.,remove,,generic/process rationale does not state a concrete event-specific reason,priority_contour_placeholder,high
nations-last-summer-2026-11-12,details,content,"2 ч 50 мин, один антракт.",keep,"2 ч 50 мин, один антракт.",user-facing factual content,none,high
phil-alexandrov-ensemble-2026-11-12,why,technical,Подтверждённая дата полного sweep Московской филармонии до 31.12.2026; включена в широкий календарь без вкусового отсева.,remove,,confirmation/provenance is not an editorial reason,confirmed_placeholder,high
phil-alexandrov-ensemble-2026-11-12,details,content,Концертная программа ансамбля.,keep,Концертная программа ансамбля.,user-facing factual content,none,high
phil-neoclassicism-artdeco-2026-11-12,why,generic,Содержательное событие официальной афиши Московской филармонии; добавлено при системном проходе ноября–декабря.,remove,,generic placeholder plus internal pass provenance,generic_official_listing_system_pass,high
phil-neoclassicism-artdeco-2026-11-12,details,empty,,no_action,,field is empty or absent,empty,high
maly-wolves-sheep-nov26,why,generic,Репертуарная карточка: сохраняем постановку в полном театральном календаре.,remove,,"generic repertoire placeholder, not an editorial reason",repertoire_card_placeholder,high
maly-wolves-sheep-nov26,details,content,"12 ноября. 3 ч 15 мин, один антракт.",keep,"12 ноября. 3 ч 15 мин, один антракт.",user-facing factual content,none,high
gnesin-kultyshev-2026-11-12,why,editorial,Сольная программа Скрябина и Мясковского плюс транскрипции Чайковского.,keep,Сольная программа Скрябина и Мясковского плюс транскрипции Чайковского.,content-specific editorial reason,none,high
gnesin-kultyshev-2026-11-12,details,content,Скрябин — Соната №6; Мясковский — Соната №4; Чайковский–Плетнёв и Чайковский–Фейнберг.,keep,Скрябин — Соната №6; Мясковский — Соната №4; Чайковский–Плетнёв и Чайковский–Фейнберг.,user-facing factual content,none,high
nations-ghosts-2026-11-12,why,generic,Содержательная театральная работа из приоритетного контура Культрадара.,remove,,generic/process rationale does not state a concrete event-specific reason,priority_contour_placeholder,high
nations-ghosts-2026-11-12,details,content,1 ч 40 мин без антракта.,keep,1 ч 40 мин без антракта.,user-facing factual content,none,high
consv-bzk-dinara-alieva-2026-11-13,why,generic,Содержательная дата Консерватории: Динара Алиева / БСО имени Чайковского.,remove,,generic content-date label repeats event content but does not explain why the event merits attention,conservatory_content_date_placeholder,high
consv-bzk-dinara-alieva-2026-11-13,details,content,Вокально-симфоническая программа в календарном анонсе не раскрыта.,keep,Вокально-симфоническая программа в календарном анонсе не раскрыта.,user-facing factual content,none,high
mmdm-6899,why,technical,Подтверждённая позиция полного sweep Московского международного Дома музыки.,remove,,confirmation/provenance is not an editorial reason,confirmed_placeholder,high
mmdm-6899,details,technical,Событие подтверждено официальной афишей Московского международного Дома музыки.,remove,,source verification or internal process text without user-facing event content,pure_public_provenance,high
mmdm-6900,why,technical,Подтверждённая позиция полного sweep Московского международного Дома музыки.,remove,,confirmation/provenance is not an editorial reason,confirmed_placeholder,high
mmdm-6900,details,technical,Событие подтверждено официальной афишей Московского международного Дома музыки.,remove,,source verification or internal process text without user-facing event content,pure_public_provenance,high
mmdm-7240,why,technical,Подтверждённая позиция полного sweep Московского международного Дома музыки.,remove,,confirmation/provenance is not an editorial reason,confirmed_placeholder,high
mmdm-7240,details,technical,Событие подтверждено официальной афишей Московского международного Дома музыки.,remove,,source verification or internal process text without user-facing event content,pure_public_provenance,high
mmdm-7429,why,technical,Подтверждённая позиция полного sweep Московского международного Дома музыки.,remove,,confirmation/provenance is not an editorial reason,confirmed_placeholder,high
mmdm-7429,details,technical,Событие подтверждено официальной афишей Московского международного Дома музыки.,remove,,source verification or internal process text without user-facing event content,pure_public_provenance,high
phil-musica-tempora-barberini-2026-11-13,why,generic,Содержательное событие официальной афиши Московской филармонии; добавлено при системном проходе ноября–декабря.,remove,,generic placeholder plus internal pass provenance,generic_official_listing_system_pass,high
phil-musica-tempora-barberini-2026-11-13,details,empty,,no_action,,field is empty or absent,empty,high
phil-romanovsky-solo-2026-11-13,why,technical,Подтверждённая дата полного sweep Московской филармонии до 31.12.2026; включена в широкий календарь без вкусового отсева.,remove,,confirmation/provenance is not an editorial reason,confirmed_placeholder,high
phil-romanovsky-solo-2026-11-13,details,content,"Лист — Соната си минор, «Мефисто-вальс»; Равель — Сонатина, «Отражения».",keep,"Лист — Соната си минор, «Мефисто-вальс»; Равель — Сонатина, «Отражения».",user-facing factual content,none,high
zaryadye-musical-hermitage-2026-11-13,why,technical,Подтверждено официальной афишей Зала Зарядье в контрольном sweep октября–декабря 2026.,remove,,confirmation/provenance is not an editorial reason,confirmed_placeholder,high
zaryadye-musical-hermitage-2026-11-13,details,technical,Событие подтверждено официальной афишей Зала Зарядье; актуальные программа и состав — по карточке источника.,remove,,source verification or internal process text without user-facing event content,pure_public_provenance,high
zaryadye-rachmaninov-home-2026-11-13,why,technical,Подтверждено официальной афишей Зала Зарядье в контрольном sweep октября–декабря 2026.,remove,,confirmation/provenance is not an editorial reason,confirmed_placeholder,high
zaryadye-rachmaninov-home-2026-11-13,details,technical,Событие подтверждено официальной афишей Зала Зарядье; актуальные программа и состав — по карточке источника.,remove,,source verification or internal process text without user-facing event content,pure_public_provenance,high
maly-garin-nov26,why,generic,Репертуарная карточка: сохраняем постановку в полном театральном календаре.,remove,,"generic repertoire placeholder, not an editorial reason",repertoire_card_placeholder,high
maly-garin-nov26,details,content,"13 и 14 ноября. 2 ч 20 мин, один антракт.",keep,"13 и 14 ноября. 2 ч 20 мин, один антракт.",user-facing factual content,none,high
maly-wise-man-nov26,why,generic,Репертуарная карточка: сохраняем постановку в полном театральном календаре.,remove,,"generic repertoire placeholder, not an editorial reason",repertoire_card_placeholder,high
maly-wise-man-nov26,details,content,"13 и 26 ноября. 3 ч 20 мин, один антракт.",keep,"13 и 26 ноября. 3 ч 20 мин, один антракт.",user-facing factual content,none,high
niko-kashpurin-temptation-beauty-2026-11-13,why,editorial,Сольный фортепианный вечер в опубликованной афише новой малой площадки.,keep,Сольный фортепианный вечер в опубликованной афише новой малой площадки.,content-specific editorial reason,none,high
niko-kashpurin-temptation-beauty-2026-11-13,details,content,"13 ноября, 19:30. Фортепианный вечер «Искушение красотой».",keep,"13 ноября, 19:30. Фортепианный вечер «Искушение красотой».",user-facing factual content,none,high
maly-minor-nov26,why,generic,Репертуарная карточка: сохраняем постановку в полном театральном календаре.,remove,,"generic repertoire placeholder, not an editorial reason",repertoire_card_placeholder,high
maly-minor-nov26,details,content,"14 ноября. 2 ч 20 мин, один антракт.",keep,"14 ноября. 2 ч 20 мин, один антракт.",user-facing factual content,none,high
maly-tin-soldier-nov26,why,generic,Репертуарная карточка: сохраняем постановку в полном театральном календаре.,remove,,"generic repertoire placeholder, not an editorial reason",repertoire_card_placeholder,high
maly-tin-soldier-nov26,details,content,14 ноября. 50 минут.,keep,14 ноября. 50 минут.,user-facing factual content,none,high
voz-poetry-outside-space-2026-11-14,why,editorial,"Встреча о поэзии как инструкции, маршруте, коллективном действии и пространственной практике.",keep,"Встреча о поэзии как инструкции, маршруте, коллективном действии и пространственной практике.",content-specific editorial reason,none,high
voz-poetry-outside-space-2026-11-14,details,content,"14 ноября, 14:00. Айги, Мнацаканова, Сапгир, Брехт, Левитт, Голдсмит.",keep,"14 ноября, 14:00. Айги, Мнацаканова, Сапгир, Брехт, Левитт, Голдсмит.",user-facing factual content,none,high
maly-anna-karenina-2026-11-14,why,editorial,Современная режиссёрская работа внутри академической сцены; есть отдельная причина смотреть не из-за одного названия Толстого.,keep,Современная режиссёрская работа внутри академической сцены; есть отдельная причина смотреть не из-за одного названия Толстого.,content-specific editorial reason,none,high
maly-anna-karenina-2026-11-14,details,content,"14 и 15 ноября. 3 ч 30 мин, один антракт.",keep,"14 и 15 ноября. 3 ч 30 мин, один антракт.",user-facing factual content,none,high
consv-bzk-rno-beethoven-brahms-2026-11-14,why,generic,Содержательное событие официальной афиши Московской консерватории; добавлено при системном проходе до конца 2026 года.,remove,,generic placeholder plus internal pass provenance,generic_official_listing_system_pass,high
consv-bzk-rno-beethoven-brahms-2026-11-14,details,content,"Бетховен — «Эгмонт», Тройной концерт; Брамс — Симфония №3.",keep,"Бетховен — «Эгмонт», Тройной концерт; Брамс — Симфония №3.",user-facing factual content,none,high
consv-mzk-kagan-festival-2026-11-14,why,generic,Содержательное событие официальной афиши Московской консерватории; добавлено при системном проходе до конца 2026 года.,remove,,generic placeholder plus internal pass provenance,generic_official_listing_system_pass,high
consv-mzk-kagan-festival-2026-11-14,details,empty,,no_action,,field is empty or absent,empty,high
mmdm-7165,why,technical,Подтверждённая позиция полного sweep Московского международного Дома музыки.,remove,,confirmation/provenance is not an editorial reason,confirmed_placeholder,high
mmdm-7165,details,technical,Событие подтверждено официальной афишей Московского международного Дома музыки.,remove,,source verification or internal process text without user-facing event content,pure_public_provenance,high
mmdm-7348,why,technical,Подтверждённая позиция полного sweep Московского международного Дома музыки.,remove,,confirmation/provenance is not an editorial reason,confirmed_placeholder,high
mmdm-7348,details,technical,Событие подтверждено официальной афишей Московского международного Дома музыки.,remove,,source verification or internal process text without user-facing event content,pure_public_provenance,high
mzk-filidor-satie-2026,why,editorial,"Неочевидная пара Филидор–Сати — как раз то, ради чего нужен радар.",keep,"Неочевидная пара Филидор–Сати — как раз то, ради чего нужен радар.",content-specific editorial reason,none,high
mzk-filidor-satie-2026,details,content,Абонемент № 24 «Двойные портреты».,keep,Абонемент № 24 «Двойные портреты».,user-facing factual content,none,high
phil-reminiscences-2026-11-14,why,generic,"Релевантное событие официальной афиши Московской филармонии, добавленное в проходе до конца года.",remove,,generic relevance placeholder plus pass provenance,generic_official_listing_pass,high
phil-reminiscences-2026-11-14,details,content,"Бериньи, Блох и др.; камерная программа.",keep,"Бериньи, Блох и др.; камерная программа.",user-facing factual content,none,high
phil-vivacello-questa-musica-2026-11-14,why,generic,Содержательное событие официальной афиши Московской филармонии; добавлено при системном проходе ноября–декабря.,remove,,generic placeholder plus internal pass provenance,generic_official_listing_system_pass,high
phil-vivacello-questa-musica-2026-11-14,details,empty,,no_action,,field is empty or absent,empty,high
drugoe-spanish-sun-2026-11-14,why,generic,Подтверждённый музыкальный вечер в текущем опубликованном хвосте малой площадки.,remove,,confirmation/provenance is not an editorial reason,confirmed_placeholder,high
drugoe-spanish-sun-2026-11-14,details,content,"14 ноября, 19:00–21:00. Испанская музыка и вокал с гитарой в формате камерного вечера.",keep,"14 ноября, 19:00–21:00. Испанская музыка и вокал с гитарой в формате камерного вечера.",user-facing factual content,none,high
nations-julie-2026-11-14,why,generic,Содержательная театральная работа из приоритетного контура Культрадара.,remove,,generic/process rationale does not state a concrete event-specific reason,priority_contour_placeholder,high
nations-julie-2026-11-14,details,empty,,no_action,,field is empty or absent,empty,high
mmdm-6897,why,technical,Подтверждённая позиция полного sweep Московского международного Дома музыки.,remove,,confirmation/provenance is not an editorial reason,confirmed_placeholder,high
mmdm-6897,details,technical,Событие подтверждено официальной афишей Московского международного Дома музыки.,remove,,source verification or internal process text without user-facing event content,pure_public_provenance,high
mmdm-6901,why,technical,Подтверждённая позиция полного sweep Московского международного Дома музыки.,remove,,confirmation/provenance is not an editorial reason,confirmed_placeholder,high
mmdm-6901,details,technical,Событие подтверждено официальной афишей Московского международного Дома музыки.,remove,,source verification or internal process text without user-facing event content,pure_public_provenance,high
mmdm-7035,why,technical,Подтверждённая позиция полного sweep Московского международного Дома музыки.,remove,,confirmation/provenance is not an editorial reason,confirmed_placeholder,high
mmdm-7035,details,technical,Событие подтверждено официальной афишей Московского международного Дома музыки.,remove,,source verification or internal process text without user-facing event content,pure_public_provenance,high
mmdm-7044,why,editorial,Содержательный музыкально-театральный проект по пушкинской сказке; не относится к чистому развлекательному мюзикловому хвосту.,keep,Содержательный музыкально-театральный проект по пушкинской сказке; не относится к чистому развлекательному мюзикловому хвосту.,content-specific editorial reason,none,high
mmdm-7044,details,mixed,Музыкальный спектакль; подробный состав и программа — на официальной карточке ММДМ.,rewrite_existing_content_only,Музыкальный спектакль,"retain existing event content only, remove source pointer",content_plus_source_pointer,high
zaryadye-camerata-komitas-2026-11-15,why,technical,Подтверждено официальной афишей Зала Зарядье в контрольном sweep октября–декабря 2026.,remove,,confirmation/provenance is not an editorial reason,confirmed_placeholder,high
zaryadye-camerata-komitas-2026-11-15,details,technical,Событие подтверждено официальной афишей Зала Зарядье; актуальные программа и состав — по карточке источника.,remove,,source verification or internal process text without user-facing event content,pure_public_provenance,high
maly-hangover-nov26,why,generic,Репертуарная карточка: сохраняем постановку в полном театральном календаре.,remove,,"generic repertoire placeholder, not an editorial reason",repertoire_card_placeholder,high
maly-hangover-nov26,details,content,15 и 19 ноября. 1 ч 40 мин без антракта.,keep,15 и 19 ноября. 1 ч 40 мин без антракта.,user-facing factual content,none,high
consv-rach-sretensky-youth-choir-2026-11-15,why,technical,Подтверждено официальной ноябрьской афишей Московской консерватории при контрольной сверке по дням.,remove,,confirmation/provenance is not an editorial reason,confirmed_placeholder,high
consv-rach-sretensky-youth-choir-2026-11-15,details,technical,Событие подтверждено актуальной официальной афишей Московской консерватории.,remove,,source verification or internal process text without user-facing event content,pure_public_provenance,high
mmdm-6902,why,technical,Подтверждённая позиция полного sweep Московского международного Дома музыки.,remove,,confirmation/provenance is not an editorial reason,confirmed_placeholder,high
mmdm-6902,details,technical,Событие подтверждено официальной афишей Московского международного Дома музыки.,remove,,source verification or internal process text without user-facing event content,pure_public_provenance,high
mmdm-7218,why,technical,Подтверждённая позиция полного sweep Московского международного Дома музыки.,remove,,confirmation/provenance is not an editorial reason,confirmed_placeholder,high
mmdm-7218,details,technical,Событие подтверждено официальной афишей Московского международного Дома музыки.,remove,,source verification or internal process text without user-facing event content,pure_public_provenance,high
mmdm-7382,why,technical,Подтверждённая позиция полного sweep Московского международного Дома музыки.,remove,,confirmation/provenance is not an editorial reason,confirmed_placeholder,high
mmdm-7382,details,technical,Событие подтверждено официальной афишей Московского международного Дома музыки.,remove,,source verification or internal process text without user-facing event content,pure_public_provenance,high
phil-rnmso-lazarev-tarosyan-2026-11-15,why,generic,Содержательное событие официальной афиши Московской филармонии; добавлено при системном проходе ноября–декабря.,remove,,generic placeholder plus internal pass provenance,generic_official_listing_system_pass,high
phil-rnmso-lazarev-tarosyan-2026-11-15,details,content,Чайковский — «Буря»; Аренский — Скрипичный концерт; Элгар — Симфония №2.,keep,Чайковский — «Буря»; Аренский — Скрипичный концерт; Элгар — Симфония №2.,user-facing factual content,none,high
phil-viola-romanenko-2026-11-15,why,generic,Содержательное событие официальной афиши Московской филармонии; добавлено при системном проходе ноября–декабря.,remove,,generic placeholder plus internal pass provenance,generic_official_listing_system_pass,high
phil-viola-romanenko-2026-11-15,details,empty,,no_action,,field is empty or absent,empty,high
zaryadye-dsch-knyazev-2026-11-15,why,technical,Подтверждено официальной афишей Зала Зарядье в контрольном sweep октября–декабря 2026.,remove,,confirmation/provenance is not an editorial reason,confirmed_placeholder,high
zaryadye-dsch-knyazev-2026-11-15,details,technical,Событие подтверждено официальной афишей Зала Зарядье; актуальные программа и состав — по карточке источника.,remove,,source verification or internal process text without user-facing event content,pure_public_provenance,high
consv-bzk-pratum-integrum-baroque-opera-2026-11-15,why,editorial,Один из ключевых пропусков: большая барочная оперная программа на исторических инструментах.,keep,Один из ключевых пропусков: большая барочная оперная программа на исторических инструментах.,content-specific editorial reason,none,high
consv-bzk-pratum-integrum-baroque-opera-2026-11-15,details,content,"Гендель, Вивальди, Сарро, Порпора, Броски, Монтеверди, Пёрселл.",keep,"Гендель, Вивальди, Сарро, Порпора, Броски, Монтеверди, Пёрселл.",user-facing factual content,none,high
phil-fomin-opera-2026-11-16,why,generic,Содержательное событие официальной афиши Московской филармонии; добавлено при системном проходе ноября–декабря.,remove,,generic placeholder plus internal pass provenance,generic_official_listing_system_pass,high
phil-fomin-opera-2026-11-16,details,empty,,no_action,,field is empty or absent,empty,high
phil-shostakovich-film-2026-11-16,why,generic,Содержательное событие официальной афиши Московской филармонии; добавлено при системном проходе ноября–декабря.,remove,,generic placeholder plus internal pass provenance,generic_official_listing_system_pass,high
phil-shostakovich-film-2026-11-16,details,empty,,no_action,,field is empty or absent,empty,high
zaryadye-taneyev-spivakov-2026-11-16,why,technical,Подтверждено официальной афишей Зала Зарядье в контрольном sweep октября–декабря 2026.,remove,,confirmation/provenance is not an editorial reason,confirmed_placeholder,high
zaryadye-taneyev-spivakov-2026-11-16,details,technical,Событие подтверждено официальной афишей Зала Зарядье; актуальные программа и состав — по карточке источника.,remove,,source verification or internal process text without user-facing event content,pure_public_provenance,high
nations-macbeth-2026-11-16,why,generic,Содержательная театральная работа из приоритетного контура Культрадара.,remove,,generic/process rationale does not state a concrete event-specific reason,priority_contour_placeholder,high
nations-macbeth-2026-11-16,details,empty,,no_action,,field is empty or absent,empty,high
maly-night-tender-2026-11-17,why,editorial,"Камерная психологическая работа по Фицджеральду; лучше соответствует профилю, чем большая часть репертуарной классики Малого.",keep,"Камерная психологическая работа по Фицджеральду; лучше соответствует профилю, чем большая часть репертуарной классики Малого.",content-specific editorial reason,none,high
maly-night-tender-2026-11-17,details,content,17 и 26 ноября. 1 ч 50 мин без антракта.,keep,17 и 26 ноября. 1 ч 50 мин без антракта.,user-facing factual content,none,high
consv-bzk-17nov-shostakovich-2026-11-17,why,generic,Событие официальной афиши Московской консерватории; добавлено в проходе до конца 2026 года.,remove,,generic official-listing placeholder plus pass provenance,generic_official_listing_pass,high
consv-bzk-17nov-shostakovich-2026-11-17,details,content,Бетховен — Симфония №7; Шостакович — Концерт №1 для фортепиано с оркестром.,keep,Бетховен — Симфония №7; Шостакович — Концерт №1 для фортепиано с оркестром.,user-facing factual content,none,high
mmdm-6904,why,technical,Подтверждённая позиция полного sweep Московского международного Дома музыки.,remove,,confirmation/provenance is not an editorial reason,confirmed_placeholder,high
mmdm-6904,details,technical,Событие подтверждено официальной афишей Московского международного Дома музыки.,remove,,source verification or internal process text without user-facing event content,pure_public_provenance,high
phil-lermontov-about-lermontov-2026-11-17,why,technical,Подтверждённая дата полного sweep Московской филармонии до 31.12.2026; включена в широкий календарь без вкусового отсева.,remove,,confirmation/provenance is not an editorial reason,confirmed_placeholder,high
phil-lermontov-about-lermontov-2026-11-17,details,content,Литературно-музыкальный вечер.,keep,Литературно-музыкальный вечер.,user-facing factual content,none,high
phil-part-gubaidulina-prokofiev-2026-11-17,why,generic,Содержательное событие официальной афиши Московской филармонии; добавлено при системном проходе ноября–декабря.,remove,,generic placeholder plus internal pass provenance,generic_official_listing_system_pass,high
phil-part-gubaidulina-prokofiev-2026-11-17,details,empty,,no_action,,field is empty or absent,empty,high
maly-tartuffe-nov26,why,generic,Репертуарная карточка: сохраняем постановку в полном театральном календаре.,remove,,"generic repertoire placeholder, not an editorial reason",repertoire_card_placeholder,high
maly-tartuffe-nov26,details,content,"17 ноября. 2 ч 10 мин, один антракт.",keep,"17 ноября. 2 ч 10 мин, один антракт.",user-facing factual content,none,high
niko-ars-gallica-ncaged-masm-2026-11-17,why,editorial,Содержательная программа французской музыки с ансамблями N’Caged и МАСМ.,keep,Содержательная программа французской музыки с ансамблями N’Caged и МАСМ.,content-specific editorial reason,none,high
niko-ars-gallica-ncaged-masm-2026-11-17,details,content,"17 ноября, 19:30. Первый концерт цикла ARS GALLICA — «Естественные истории».",keep,"17 ноября, 19:30. Первый концерт цикла ARS GALLICA — «Естественные истории».",user-facing factual content,none,high
nations-canary-2026-11-17,why,generic,Содержательная театральная работа из приоритетного контура Культрадара.,remove,,generic/process rationale does not state a concrete event-specific reason,priority_contour_placeholder,high
nations-canary-2026-11-17,details,empty,,no_action,,field is empty or absent,empty,high
consv-rach-vivaldi-contemporaries-2026-11-18,why,generic,Содержательное событие официальной афиши Московской консерватории; добавлено при системном проходе до конца 2026 года.,remove,,generic placeholder plus internal pass provenance,generic_official_listing_system_pass,high
consv-rach-vivaldi-contemporaries-2026-11-18,details,content,"Учеллини, Корелли, Джеминиани, Тартини, Гендель, Бах, Телеман.",keep,"Учеллини, Корелли, Джеминиани, Тартини, Гендель, Бах, Телеман.",user-facing factual content,none,high
mmdm-6903,why,technical,Подтверждённая позиция полного sweep Московского международного Дома музыки.,remove,,confirmation/provenance is not an editorial reason,confirmed_placeholder,high
mmdm-6903,details,technical,Событие подтверждено официальной афишей Московского международного Дома музыки.,remove,,source verification or internal process text without user-facing event content,pure_public_provenance,high
mmdm-7003,why,technical,Подтверждённая позиция полного sweep Московского международного Дома музыки.,remove,,confirmation/provenance is not an editorial reason,confirmed_placeholder,high
mmdm-7003,details,technical,Событие подтверждено официальной афишей Московского международного Дома музыки.,remove,,source verification or internal process text without user-facing event content,pure_public_provenance,high
phil-fomin-opera-2026-11-18,why,generic,Содержательное событие официальной афиши Московской филармонии; добавлено при системном проходе ноября–декабря.,remove,,generic placeholder plus internal pass provenance,generic_official_listing_system_pass,high
phil-fomin-opera-2026-11-18,details,empty,,no_action,,field is empty or absent,empty,high
phil-vivacello-modern-2026-11-18,why,generic,Содержательное событие официальной афиши Московской филармонии; добавлено при системном проходе ноября–декабря.,remove,,generic placeholder plus internal pass provenance,generic_official_listing_system_pass,high
phil-vivacello-modern-2026-11-18,details,empty,,no_action,,field is empty or absent,empty,high
zaryadye-tariverdiev-organ-2026-11-18,why,technical,Подтверждено официальной афишей Зала Зарядье в контрольном sweep октября–декабря 2026.,remove,,confirmation/provenance is not an editorial reason,confirmed_placeholder,high
zaryadye-tariverdiev-organ-2026-11-18,details,technical,Событие подтверждено официальной афишей Зала Зарядье; актуальные программа и состав — по карточке источника.,remove,,source verification or internal process text without user-facing event content,pure_public_provenance,high
maly-balzaminov-nov26,why,generic,Репертуарная карточка: сохраняем постановку в полном театральном календаре.,remove,,"generic repertoire placeholder, not an editorial reason",repertoire_card_placeholder,high
maly-balzaminov-nov26,details,content,"18 ноября; запланированный показ 27 ноября заменён «Ревизором». 3 часа, один антракт.",keep,"18 ноября; запланированный показ 27 ноября заменён «Ревизором». 3 часа, один антракт.",user-facing factual content,none,high
ges2-sysoev-potemkin-2026-11-19,why,editorial,Современная музыка и кинематографический материал; сильная кураторская линия.,keep,Современная музыка и кинематографический материал; сильная кураторская линия.,content-specific editorial reason,none,high
ges2-sysoev-potemkin-2026-11-19,details,content,"Алексей Сысоев. Исполнители: Im SPIEGEL ensemble, Юрий Фаворин.",keep,"Алексей Сысоев. Исполнители: Im SPIEGEL ensemble, Юрий Фаворин.",user-facing factual content,none,high
mmdm-6905,why,technical,Подтверждённая позиция полного sweep Московского международного Дома музыки.,remove,,confirmation/provenance is not an editorial reason,confirmed_placeholder,high
mmdm-6905,details,technical,Событие подтверждено официальной афишей Московского международного Дома музыки.,remove,,source verification or internal process text without user-facing event content,pure_public_provenance,high
phil-stars21-2026-11-19,why,generic,Содержательное событие официальной афиши Московской филармонии; добавлено при системном проходе ноября–декабря.,remove,,generic placeholder plus internal pass provenance,generic_official_listing_system_pass,high
phil-stars21-2026-11-19,details,empty,,no_action,,field is empty or absent,empty,high
phil-telemann-feathers-2026-11-19,why,generic,Содержательное событие официальной афиши Московской филармонии; добавлено при системном проходе ноября–декабря.,remove,,generic placeholder plus internal pass provenance,generic_official_listing_system_pass,high
phil-telemann-feathers-2026-11-19,details,empty,,no_action,,field is empty or absent,empty,high
maly-windsor-wives-nov26,why,generic,Репертуарная карточка: сохраняем постановку в полном театральном календаре.,remove,,"generic repertoire placeholder, not an editorial reason",repertoire_card_placeholder,high
maly-windsor-wives-nov26,details,content,"19 ноября. 2 ч 30 мин, один антракт.",keep,"19 ноября. 2 ч 30 мин, один антракт.",user-facing factual content,none,high
maly-woe-wit-nov26,why,generic,Репертуарная карточка: сохраняем постановку в полном театральном календаре.,remove,,"generic repertoire placeholder, not an editorial reason",repertoire_card_placeholder,high
maly-woe-wit-nov26,details,content,"19 ноября. 3 часа, один антракт.",keep,"19 ноября. 3 часа, один антракт.",user-facing factual content,none,high
voz-folklore-own-other-2026-11-19,why,editorial,"Фольклор, культурная антропология и историческая память пространства.",keep,"Фольклор, культурная антропология и историческая память пространства.",content-specific editorial reason,none,high
voz-folklore-own-other-2026-11-19,details,content,"19 ноября, 19:30. Лекция о границе своего и чужого в пространстве русского фольклора.",keep,"19 ноября, 19:30. Лекция о границе своего и чужого в пространстве русского фольклора.",user-facing factual content,none,high
maly-white-tent-nov26,why,generic,Репертуарная карточка: сохраняем постановку в полном театральном календаре.,remove,,"generic repertoire placeholder, not an editorial reason",repertoire_card_placeholder,high
maly-white-tent-nov26,details,content,20 ноября. 1 ч 40 мин без антракта.,keep,20 ноября. 1 ч 40 мин без антракта.,user-facing factual content,none,high
consv-mzk-natalia-trull-2026-11-20,why,generic,Событие официальной афиши Московской консерватории; добавлено в проходе до конца 2026 года.,remove,,generic official-listing placeholder plus pass provenance,generic_official_listing_pass,high
consv-mzk-natalia-trull-2026-11-20,details,content,Юбилейный фортепианный вечер к 70-летию.,keep,Юбилейный фортепианный вечер к 70-летию.,user-facing factual content,none,high
mmdm-6906,why,editorial,Литературно-музыкальная композиция по Гоголю: художественное слово Даниила Спиваковского с оркестром имени Осипова.,keep,Литературно-музыкальная композиция по Гоголю: художественное слово Даниила Спиваковского с оркестром имени Осипова.,content-specific editorial reason,none,high
mmdm-6906,details,content,«Мертвые души» в исполнении Даниила Спиваковского с Национальным академическим оркестром народных инструментов России имени Н. П. Осипова.,keep,«Мертвые души» в исполнении Даниила Спиваковского с Национальным академическим оркестром народных инструментов России имени Н. П. Осипова.,user-facing factual content,none,high
mmdm-7023,why,technical,Подтверждённая позиция полного sweep Московского международного Дома музыки.,remove,,confirmation/provenance is not an editorial reason,confirmed_placeholder,high
mmdm-7023,details,technical,Событие подтверждено официальной афишей Московского международного Дома музыки.,remove,,source verification or internal process text without user-facing event content,pure_public_provenance,high
mmdm-7245,why,editorial,Большая хореографическая программа профессиональных исполнителей восточного танца.,keep,Большая хореографическая программа профессиональных исполнителей восточного танца.,content-specific editorial reason,none,high
mmdm-7245,details,content,Программа Лиги профессионалов восточного танца; два отделения.,keep,Программа Лиги профессионалов восточного танца; два отделения.,user-facing factual content,none,high
mmdm-7285,why,technical,Подтверждённая позиция полного sweep Московского международного Дома музыки.,remove,,confirmation/provenance is not an editorial reason,confirmed_placeholder,high
mmdm-7285,details,technical,Событие подтверждено официальной афишей Московского международного Дома музыки.,remove,,source verification or internal process text without user-facing event content,pure_public_provenance,high
phil-berlinsky-andrianov-2026-11-20,why,generic,Содержательное событие официальной афиши Московской филармонии; добавлено при системном проходе ноября–декабря.,remove,,generic placeholder plus internal pass provenance,generic_official_listing_system_pass,high
phil-berlinsky-andrianov-2026-11-20,details,empty,,no_action,,field is empty or absent,empty,high
zaryadye-sofronitskaya-2026-11-20,why,technical,Подтверждено официальной афишей Зала Зарядье в контрольном sweep октября–декабря 2026.,remove,,confirmation/provenance is not an editorial reason,confirmed_placeholder,high
zaryadye-sofronitskaya-2026-11-20,details,technical,Событие подтверждено официальной афишей Зала Зарядье; актуальные программа и состав — по карточке источника.,remove,,source verification or internal process text without user-facing event content,pure_public_provenance,high
maly-little-tragedies-nov26,why,generic,Репертуарная карточка: сохраняем постановку в полном театральном календаре.,remove,,"generic repertoire placeholder, not an editorial reason",repertoire_card_placeholder,high
maly-little-tragedies-nov26,details,content,"20 ноября. 3 часа, два антракта.",keep,"20 ноября. 3 часа, два антракта.",user-facing factual content,none,high
nations-ordinary-death-2026-11-20,why,generic,Содержательная театральная работа из приоритетного контура Культрадара.,remove,,generic/process rationale does not state a concrete event-specific reason,priority_contour_placeholder,high
nations-ordinary-death-2026-11-20,details,content,1 ч 40 мин без антракта.,keep,1 ч 40 мин без антракта.,user-facing factual content,none,high
voz-late-soviet-experiments-conference-2026-11-21,why,editorial,"Междисциплинарная конференция о позднесоветской истории, культурных практиках, науке, медиа и экспериментальных институциях.",keep,"Междисциплинарная конференция о позднесоветской истории, культурных практиках, науке, медиа и экспериментальных институциях.",content-specific editorial reason,none,high
voz-late-soviet-experiments-conference-2026-11-21,details,mixed,"21–22 ноября. Двухдневная конференция; точное расписание по времени на текущей официальной странице не опубликовано, поэтому используется date_only.",rewrite_existing_content_only,21–22 ноября. Двухдневная конференция.,retain dates/format; remove source-state/date_only implementation note,manual_details_source_clause,high
mmdm-7025,why,editorial,Просветительская встреча в отдельной лекционно-разговорной линии ММДМ; соответствует широкому talks-слою проекта.,keep,Просветительская встреча в отдельной лекционно-разговорной линии ММДМ; соответствует широкому talks-слою проекта.,content-specific editorial reason,none,high
mmdm-7025,details,technical,Подробности встречи — на официальной карточке ММДМ.,remove,,source verification or internal process text without user-facing event content,pure_public_provenance,high
mmdm-7360,why,technical,Подтверждённая позиция полного sweep Московского международного Дома музыки.,remove,,confirmation/provenance is not an editorial reason,confirmed_placeholder,high
mmdm-7360,details,technical,Событие подтверждено официальной афишей Московского международного Дома музыки.,remove,,source verification or internal process text without user-facing event content,pure_public_provenance,high
mmdm-7383,why,technical,Подтверждённая позиция полного sweep Московского международного Дома музыки.,remove,,confirmation/provenance is not an editorial reason,confirmed_placeholder,high
mmdm-7383,details,technical,Событие подтверждено официальной афишей Московского международного Дома музыки.,remove,,source verification or internal process text without user-facing event content,pure_public_provenance,high
mmdm-7286,why,technical,Подтверждённая позиция полного sweep Московского международного Дома музыки.,remove,,confirmation/provenance is not an editorial reason,confirmed_placeholder,high
mmdm-7286,details,technical,Событие подтверждено официальной афишей Московского международного Дома музыки.,remove,,source verification or internal process text without user-facing event content,pure_public_provenance,high
consv-mzk-kagan-festival-2026-11-21,why,generic,Содержательное событие официальной афиши Московской консерватории; добавлено при системном проходе до конца 2026 года.,remove,,generic placeholder plus internal pass provenance,generic_official_listing_system_pass,high
consv-mzk-kagan-festival-2026-11-21,details,empty,,no_action,,field is empty or absent,empty,high
gnesin-cembalo-martynova-2026-11-21,why,generic,Репертуарная карточка: сохраняем постановку в полном театральном календаре.,remove,,"generic repertoire placeholder, not an editorial reason",repertoire_card_placeholder,high
gnesin-cembalo-martynova-2026-11-21,details,content,"21 ноября, 19:00. «Ольга Мартынова представляет…»: Софья Гончарова и Алсу Валиахметова; событие III Международного конкурса клавесинистов имени А. Е. Майкапара.",keep,"21 ноября, 19:00. «Ольга Мартынова представляет…»: Софья Гончарова и Алсу Валиахметова; событие III Международного конкурса клавесинистов имени А. Е. Майкапара.",user-facing factual content,none,high
mmdm-6907,why,technical,Подтверждённая позиция полного sweep Московского международного Дома музыки.,remove,,confirmation/provenance is not an editorial reason,confirmed_placeholder,high
mmdm-6907,details,technical,Событие подтверждено официальной афишей Московского международного Дома музыки.,remove,,source verification or internal process text without user-facing event content,pure_public_provenance,high
mmdm-7017,why,technical,Подтверждённая позиция полного sweep Московского международного Дома музыки.,remove,,confirmation/provenance is not an editorial reason,confirmed_placeholder,high
mmdm-7017,details,technical,Событие подтверждено официальной афишей Московского международного Дома музыки.,remove,,source verification or internal process text without user-facing event content,pure_public_provenance,high
mmdm-7287,why,technical,Подтверждённая позиция полного sweep Московского международного Дома музыки.,remove,,confirmation/provenance is not an editorial reason,confirmed_placeholder,high
mmdm-7287,details,technical,Событие подтверждено официальной афишей Московского международного Дома музыки.,remove,,source verification or internal process text without user-facing event content,pure_public_provenance,high
mmdm-7384,why,technical,Подтверждённая позиция полного sweep Московского международного Дома музыки.,remove,,confirmation/provenance is not an editorial reason,confirmed_placeholder,high
mmdm-7384,details,technical,Событие подтверждено официальной афишей Московского международного Дома музыки.,remove,,source verification or internal process text without user-facing event content,pure_public_provenance,high
phil-russian-choral-history-2026-11-21,why,generic,Содержательное событие официальной афиши Московской филармонии; добавлено при системном проходе ноября–декабря.,remove,,generic placeholder plus internal pass provenance,generic_official_listing_system_pass,high
phil-russian-choral-history-2026-11-21,details,empty,,no_action,,field is empty or absent,empty,high
phil-shimanskaya-ravel-prokofiev-2026-11-21,why,generic,Содержательное событие официальной афиши Московской филармонии; добавлено при системном проходе ноября–декабря.,remove,,generic placeholder plus internal pass provenance,generic_official_listing_system_pass,high
phil-shimanskaya-ravel-prokofiev-2026-11-21,details,empty,,no_action,,field is empty or absent,empty,high
shostakovich-quartets-2,why,editorial,"Продолжение полного цикла; лучше видеть весь ряд заранее, а не обнаруживать каждый концерт за неделю.",keep,"Продолжение полного цикла; лучше видеть весь ряд заранее, а не обнаруживать каждый концерт за неделю.",content-specific editorial reason,none,high
shostakovich-quartets-2,details,content,"Шостакович — Струнные квартеты № 4 ре мажор, ор. 83; № 5 си-бемоль мажор, ор. 92; № 6 соль мажор, ор. 101.",keep,"Шостакович — Струнные квартеты № 4 ре мажор, ор. 83; № 5 си-бемоль мажор, ор. 92; № 6 соль мажор, ор. 101.",user-facing factual content,none,high
rassvet-xenakis-reich-2026-11-21,why,mixed,Ксенакис и Райх в необычном инструментальном сочетании — обязательный дальний кандидат.,rewrite_existing_content_only,Ксенакис и Райх в необычном инструментальном сочетании.,retain only existing event-specific content; remove radar/contour/calendar/inclusion policy wording,process_clause_removed,high
rassvet-xenakis-reich-2026-11-21,details,content,Новая музыка для перкуссии и клавесина.,keep,Новая музыка для перкуссии и клавесина.,user-facing factual content,none,high
nations-ordinary-death-2026-11-21,why,generic,Содержательная театральная работа из приоритетного контура Культрадара.,remove,,generic/process rationale does not state a concrete event-specific reason,priority_contour_placeholder,high
nations-ordinary-death-2026-11-21,details,content,1 ч 40 мин без антракта.,keep,1 ч 40 мин без антракта.,user-facing factual content,none,high
maly-snow-queen-nov26,why,generic,Репертуарная карточка: сохраняем постановку в полном театральном календаре.,remove,,"generic repertoire placeholder, not an editorial reason",repertoire_card_placeholder,high
maly-snow-queen-nov26,details,content,"22 и 29 ноября. 2 ч 10 мин, один антракт.",keep,"22 и 29 ноября. 2 ч 10 мин, один антракт.",user-facing factual content,none,high
mmdm-6908,why,technical,Подтверждённая позиция полного sweep Московского международного Дома музыки.,remove,,confirmation/provenance is not an editorial reason,confirmed_placeholder,high
mmdm-6908,details,technical,Событие подтверждено официальной афишей Московского международного Дома музыки.,remove,,source verification or internal process text without user-facing event content,pure_public_provenance,high
phil-future-abrosimov-vnutskikh-2026-11-22,why,technical,Подтверждённая дата полного sweep Московской филармонии до 31.12.2026; включена в широкий календарь без вкусового отсева.,remove,,confirmation/provenance is not an editorial reason,confirmed_placeholder,high
phil-future-abrosimov-vnutskikh-2026-11-22,details,content,"Бетховен — Соната №8 «Патетическая»; Лист — избранные этюды; Прокофьев — Соната №7; Рахманинов — Этюды-картины, соч. 39",keep,"Бетховен — Соната №8 «Патетическая»; Лист — избранные этюды; Прокофьев — Соната №7; Рахманинов — Этюды-картины, соч. 39",user-facing factual content,none,high
consv-bzk-family-concert-2026-11-22,why,technical,Подтверждено официальной ноябрьской афишей Московской консерватории при контрольной сверке по дням.,remove,,confirmation/provenance is not an editorial reason,confirmed_placeholder,high
consv-bzk-family-concert-2026-11-22,details,technical,Событие подтверждено актуальной официальной афишей Московской консерватории.,remove,,source verification or internal process text without user-facing event content,pure_public_provenance,high
consv-rach-mozart-children-2026-11-22,why,technical,Подтверждено официальной ноябрьской афишей Московской консерватории при контрольной сверке по дням.,remove,,confirmation/provenance is not an editorial reason,confirmed_placeholder,high
consv-rach-mozart-children-2026-11-22,details,technical,Событие подтверждено актуальной официальной афишей Московской консерватории.,remove,,source verification or internal process text without user-facing event content,pure_public_provenance,high
mmdm-7241,why,technical,Подтверждённая позиция полного sweep Московского международного Дома музыки.,remove,,confirmation/provenance is not an editorial reason,confirmed_placeholder,high
mmdm-7241,details,technical,Событие подтверждено официальной афишей Московского международного Дома музыки.,remove,,source verification or internal process text without user-facing event content,pure_public_provenance,high
mmdm-7276,why,technical,Подтверждённая позиция полного sweep Московского международного Дома музыки.,remove,,confirmation/provenance is not an editorial reason,confirmed_placeholder,high
mmdm-7276,details,technical,Событие подтверждено официальной афишей Московского международного Дома музыки.,remove,,source verification or internal process text without user-facing event content,pure_public_provenance,high
maly-cherry-orchard-nov26,why,generic,Репертуарная карточка: сохраняем постановку в полном театральном календаре.,remove,,"generic repertoire placeholder, not an editorial reason",repertoire_card_placeholder,high
maly-cherry-orchard-nov26,details,content,"22 ноября. 2 ч 50 мин, один антракт.",keep,"22 ноября. 2 ч 50 мин, один антракт.",user-facing factual content,none,high
maly-lev-gurych-nov26,why,generic,Репертуарная карточка: сохраняем постановку в полном театральном календаре.,remove,,"generic repertoire placeholder, not an editorial reason",repertoire_card_placeholder,high
maly-lev-gurych-nov26,details,content,"22 ноября. 2 ч 20 мин, один антракт.",keep,"22 ноября. 2 ч 20 мин, один антракт.",user-facing factual content,none,high
maly-upset-family-nov26,why,generic,Репертуарная карточка: сохраняем постановку в полном театральном календаре.,remove,,"generic repertoire placeholder, not an editorial reason",repertoire_card_placeholder,high
maly-upset-family-nov26,details,content,"22 ноября. 2 часа, один антракт.",keep,"22 ноября. 2 часа, один антракт.",user-facing factual content,none,high
consv-bzk-gershwin-selected-2026-11-22,why,generic,Содержательная дата Консерватории: Джордж Гершвин — избранное.,remove,,generic content-date label repeats event content but does not explain why the event merits attention,conservatory_content_date_placeholder,high
consv-bzk-gershwin-selected-2026-11-22,details,content,Конкретные произведения в программе «Избранное» не перечислены.,keep,Конкретные произведения в программе «Избранное» не перечислены.,user-facing factual content,none,high
consv-mzk-helikon-opera-2026-11-22,why,generic,Часть абонемента «Оперные театры Москвы»; оперный контур Малого зала должен быть виден.,remove,,generic/process rationale does not state a concrete event-specific reason,contour_visibility_policy,high
consv-mzk-helikon-opera-2026-11-22,details,empty,,no_action,,field is empty or absent,empty,high
mmdm-6909,why,technical,Подтверждённая позиция полного sweep Московского международного Дома музыки.,remove,,confirmation/provenance is not an editorial reason,confirmed_placeholder,high
mmdm-6909,details,technical,Событие подтверждено официальной афишей Московского международного Дома музыки.,remove,,source verification or internal process text without user-facing event content,pure_public_provenance,high
mmdm-7142,why,technical,Подтверждённая позиция полного sweep Московского международного Дома музыки.,remove,,confirmation/provenance is not an editorial reason,confirmed_placeholder,high
mmdm-7142,details,technical,Событие подтверждено официальной афишей Московского международного Дома музыки.,remove,,source verification or internal process text without user-facing event content,pure_public_provenance,high
mmdm-7320,why,technical,Подтверждённая позиция полного sweep Московского международного Дома музыки.,remove,,confirmation/provenance is not an editorial reason,confirmed_placeholder,high
mmdm-7320,details,technical,Событие подтверждено официальной афишей Московского международного Дома музыки.,remove,,source verification or internal process text without user-facing event content,pure_public_provenance,high
phil-berezovsky-solo-2026-11-22,why,generic,Содержательное событие официальной афиши Московской филармонии; добавлено при системном проходе ноября–декабря.,remove,,generic placeholder plus internal pass provenance,generic_official_listing_system_pass,high
phil-berezovsky-solo-2026-11-22,details,empty,,no_action,,field is empty or absent,empty,high
phil-mamedkuliev-guitar-2026-11-22,why,generic,Содержательное событие официальной афиши Московской филармонии; добавлено при системном проходе ноября–декабря.,remove,,generic placeholder plus internal pass provenance,generic_official_listing_system_pass,high
phil-mamedkuliev-guitar-2026-11-22,details,empty,,no_action,,field is empty or absent,empty,high
ges2-fireworks-2026-11-23,why,editorial,Продолжение музыкальной программы пятилетия ГЭС-2; Дебюсси в кураторском цикле.,keep,Продолжение музыкальной программы пятилетия ГЭС-2; Дебюсси в кураторском цикле.,content-specific editorial reason,none,high
ges2-fireworks-2026-11-23,details,technical,Точное время сверить на официальной карточке.,remove,,source verification or internal process text without user-facing event content,pure_public_provenance,high
nations-master-margarita-2026-11-23,why,mixed,Редкая масштабная постановка Лепажа; длинный формат и ограниченные серии показов делают её отдельным событием дальнего театрального радара.,rewrite_existing_content_only,Редкая масштабная постановка Лепажа; длинный формат и ограниченные серии показов.,retain only existing event-specific content; remove radar/contour/calendar/inclusion policy wording,process_clause_removed,high
nations-master-margarita-2026-11-23,details,content,Около 5 ч 05 мин.,keep,Около 5 ч 05 мин.,user-facing factual content,none,high
gnesin-cembalo-winners-2026-11-23,why,generic,Репертуарная карточка: сохраняем постановку в полном театральном календаре.,remove,,"generic repertoire placeholder, not an editorial reason",repertoire_card_placeholder,high
gnesin-cembalo-winners-2026-11-23,details,content,"23 ноября, 19:00. Концерт победителей III Международного конкурса клавесинистов имени А. Е. Майкапара.",keep,"23 ноября, 19:00. Концерт победителей III Международного конкурса клавесинистов имени А. Е. Майкапара.",user-facing factual content,none,high
phil-debut-sibileva-knyazev-2026-11-23,why,generic,Содержательное событие официальной афиши Московской филармонии; добавлено при системном проходе ноября–декабря.,remove,,generic placeholder plus internal pass provenance,generic_official_listing_system_pass,high
phil-debut-sibileva-knyazev-2026-11-23,details,empty,,no_action,,field is empty or absent,empty,high
phil-mahler8-2026-11-23,why,generic,Содержательное событие официальной афиши Московской филармонии; добавлено при системном проходе ноября–декабря.,remove,,generic placeholder plus internal pass provenance,generic_official_listing_system_pass,high
phil-mahler8-2026-11-23,details,empty,,no_action,,field is empty or absent,empty,high
nations-master-margarita-2026-11-24,why,mixed,Редкая масштабная постановка Лепажа; длинный формат и ограниченные серии показов делают её отдельным событием дальнего театрального радара.,rewrite_existing_content_only,Редкая масштабная постановка Лепажа; длинный формат и ограниченные серии показов.,retain only existing event-specific content; remove radar/contour/calendar/inclusion policy wording,process_clause_removed,high
nations-master-margarita-2026-11-24,details,content,Около 5 ч 05 мин.,keep,Около 5 ч 05 мин.,user-facing factual content,none,high
consv-bzk-patriarch80-2026-11-24,why,technical,Подтверждено официальной ноябрьской афишей Московской консерватории при контрольной сверке по дням.,remove,,confirmation/provenance is not an editorial reason,confirmed_placeholder,high
consv-bzk-patriarch80-2026-11-24,details,technical,Событие подтверждено актуальной официальной афишей Московской консерватории.,remove,,source verification or internal process text without user-facing event content,pure_public_provenance,high
consv-rach-remembering-future-2026-11-24,why,generic,Событие официальной афиши Московской консерватории; добавлено в проходе до конца 2026 года.,remove,,generic official-listing placeholder plus pass provenance,generic_official_listing_pass,high
consv-rach-remembering-future-2026-11-24,details,content,Программа «Вспоминая будущее».,keep,Программа «Вспоминая будущее».,user-facing factual content,none,high
mmdm-7399,why,technical,Подтверждённая позиция полного sweep Московского международного Дома музыки.,remove,,confirmation/provenance is not an editorial reason,confirmed_placeholder,high
mmdm-7399,details,technical,Событие подтверждено официальной афишей Московского международного Дома музыки.,remove,,source verification or internal process text without user-facing event content,pure_public_provenance,high
mmdm-7412,why,technical,Подтверждённая позиция полного sweep Московского международного Дома музыки.,remove,,confirmation/provenance is not an editorial reason,confirmed_placeholder,high
mmdm-7412,details,technical,Событие подтверждено официальной афишей Московского международного Дома музыки.,remove,,source verification or internal process text without user-facing event content,pure_public_provenance,high
mmdm-7442,why,technical,Подтверждённая позиция полного sweep Московского международного Дома музыки.,remove,,confirmation/provenance is not an editorial reason,confirmed_placeholder,high
mmdm-7442,details,technical,Событие подтверждено официальной афишей Московского международного Дома музыки.,remove,,source verification or internal process text without user-facing event content,pure_public_provenance,high
mzk-papoyan-2026,why,mixed,Сильный молодой пианист; в широком календаре такой вечер точно должен быть.,rewrite_existing_content_only,Сильный молодой пианист,"retain existing content clause, remove internal inclusion/process clause",content_plus_process_clause,high
mzk-papoyan-2026,details,content,Фортепианный вечер с Ильёй Папояном.,keep,Фортепианный вечер с Ильёй Папояном.,user-facing factual content,none,high
phil-madrigal-outside-time-2026-11-24,why,generic,Содержательное событие официальной афиши Московской филармонии; добавлено при системном проходе ноября–декабря.,remove,,generic placeholder plus internal pass provenance,generic_official_listing_system_pass,high
phil-madrigal-outside-time-2026-11-24,details,empty,,no_action,,field is empty or absent,empty,high
phil-stravinsky-cycle-2026-11-24,why,generic,Содержательное событие официальной афиши Московской филармонии; добавлено при системном проходе ноября–декабря.,remove,,generic placeholder plus internal pass provenance,generic_official_listing_system_pass,high
phil-stravinsky-cycle-2026-11-24,details,empty,,no_action,,field is empty or absent,empty,high
maly-truth-happiness-nov26,why,generic,Репертуарная карточка: сохраняем постановку в полном театральном календаре.,remove,,"generic repertoire placeholder, not an editorial reason",repertoire_card_placeholder,high
maly-truth-happiness-nov26,details,content,"24 ноября. 2 ч 40 мин, один антракт.",keep,"24 ноября. 2 ч 40 мин, один антракт.",user-facing factual content,none,high
ges2-ophelia-2026-11-25,why,editorial,"Камерная вокальная программа Шимановского, Равеля и Штрауса.",keep,"Камерная вокальная программа Шимановского, Равеля и Штрауса.",content-specific editorial reason,none,high
ges2-ophelia-2026-11-25,details,content,"Кароль Шимановский, Морис Равель, Рихард Штраус.",keep,"Кароль Шимановский, Морис Равель, Рихард Штраус.",user-facing factual content,none,high
nations-master-margarita-2026-11-25,why,mixed,Редкая масштабная постановка Лепажа; длинный формат и ограниченные серии показов делают её отдельным событием дальнего театрального радара.,rewrite_existing_content_only,Редкая масштабная постановка Лепажа; длинный формат и ограниченные серии показов.,retain only existing event-specific content; remove radar/contour/calendar/inclusion policy wording,process_clause_removed,high
nations-master-margarita-2026-11-25,details,content,Около 5 ч 05 мин.,keep,Около 5 ч 05 мин.,user-facing factual content,none,high
maly-carefree-nov26,why,generic,Репертуарная карточка: сохраняем постановку в полном театральном календаре.,remove,,"generic repertoire placeholder, not an editorial reason",repertoire_card_placeholder,high
maly-carefree-nov26,details,content,"25 ноября. 2 ч 30 мин, один антракт.",keep,"25 ноября. 2 ч 30 мин, один антракт.",user-facing factual content,none,high
gnesin-di-cristofano-2026-11-25,why,editorial,Сильная классическая сольная программа в Гнесинке.,keep,Сильная классическая сольная программа в Гнесинке.,content-specific editorial reason,none,high
gnesin-di-cristofano-2026-11-25,details,content,Моцарт K.330; Брамс — четыре баллады; Бетховен — Соната №15; Шопен — Баллада №4.,keep,Моцарт K.330; Брамс — четыре баллады; Бетховен — Соната №15; Шопен — Баллада №4.,user-facing factual content,none,high
helikon-norma-premiere,why,editorial,"Премьера большой белькантовой оперы; пока статус «обратить внимание», качество оценивать после отзывов.",keep,"Премьера большой белькантовой оперы; пока статус «обратить внимание», качество оценивать после отзывов.",content-specific editorial reason,none,high
helikon-norma-premiere,details,content,"Премьера идёт 25, 26, 27, 28 и 29 ноября 2026.",keep,"Премьера идёт 25, 26, 27, 28 и 29 ноября 2026.",user-facing factual content,none,high
mmdm-6910,why,technical,Подтверждённая позиция полного sweep Московского международного Дома музыки.,remove,,confirmation/provenance is not an editorial reason,confirmed_placeholder,high
mmdm-6910,details,technical,Событие подтверждено официальной афишей Московского международного Дома музыки.,remove,,source verification or internal process text without user-facing event content,pure_public_provenance,high
mmdm-6911,why,technical,Подтверждённая позиция полного sweep Московского международного Дома музыки.,remove,,confirmation/provenance is not an editorial reason,confirmed_placeholder,high
mmdm-6911,details,technical,Событие подтверждено официальной афишей Московского международного Дома музыки.,remove,,source verification or internal process text without user-facing event content,pure_public_provenance,high
mmdm-7258,why,technical,Подтверждённая позиция полного sweep Московского международного Дома музыки.,remove,,confirmation/provenance is not an editorial reason,confirmed_placeholder,high
mmdm-7258,details,technical,Событие подтверждено официальной афишей Московского международного Дома музыки.,remove,,source verification or internal process text without user-facing event content,pure_public_provenance,high
phil-borodin-quartet-beethoven-galynin-2026-11-25,why,generic,Содержательное событие официальной афиши Московской филармонии; добавлено при системном проходе ноября–декабря.,remove,,generic placeholder plus internal pass provenance,generic_official_listing_system_pass,high
phil-borodin-quartet-beethoven-galynin-2026-11-25,details,empty,,no_action,,field is empty or absent,empty,high
phil-taneyev-brahms-2026-11-25,why,generic,Содержательное событие официальной афиши Московской филармонии; добавлено при системном проходе ноября–декабря.,remove,,generic placeholder plus internal pass provenance,generic_official_listing_system_pass,high
phil-taneyev-brahms-2026-11-25,details,empty,,no_action,,field is empty or absent,empty,high
zaryadye-belov-2026-11-25,why,technical,Подтверждено официальной афишей Зала Зарядье в контрольном sweep октября–декабря 2026.,remove,,confirmation/provenance is not an editorial reason,confirmed_placeholder,high
zaryadye-belov-2026-11-25,details,technical,Событие подтверждено официальной афишей Зала Зарядье; актуальные программа и состав — по карточке источника.,remove,,source verification or internal process text without user-facing event content,pure_public_provenance,high
maly-marriage-nov26,why,generic,Репертуарная карточка: сохраняем постановку в полном театральном календаре.,remove,,"generic repertoire placeholder, not an editorial reason",repertoire_card_placeholder,high
maly-marriage-nov26,details,content,"25 ноября. 2 ч 35 мин, один антракт.",keep,"25 ноября. 2 ч 35 мин, один антракт.",user-facing factual content,none,high
voz-letov-life-artistic-gesture-2026-11-25,why,editorial,Лекция о связи художественного жеста и жизненной практики в творчестве Егора Летова.,keep,Лекция о связи художественного жеста и жизненной практики в творчестве Егора Летова.,content-specific editorial reason,none,high
voz-letov-life-artistic-gesture-2026-11-25,details,content,"25 ноября, 19:30. Завершающая встреча цикла «Летоведение».",keep,"25 ноября, 19:30. Завершающая встреча цикла «Летоведение».",user-facing factual content,none,high
ges2-1881-1921-2026-11-26,why,editorial,Исторический диалог эпох и профильный ансамбль новой музыки.,keep,Исторический диалог эпох и профильный ансамбль новой музыки.,content-specific editorial reason,none,high
ges2-1881-1921-2026-11-26,details,content,"Брукнер и музыка, связанная с рубежом эпох; точное время сверить.",keep,"Брукнер и музыка, связанная с рубежом эпох; точное время сверить.",user-facing factual content,none,high
nations-master-margarita-2026-11-26,why,mixed,Редкая масштабная постановка Лепажа; длинный формат и ограниченные серии показов делают её отдельным событием дальнего театрального радара.,rewrite_existing_content_only,Редкая масштабная постановка Лепажа; длинный формат и ограниченные серии показов.,retain only existing event-specific content; remove radar/contour/calendar/inclusion policy wording,process_clause_removed,high
nations-master-margarita-2026-11-26,details,content,Около 5 ч 05 мин.,keep,Около 5 ч 05 мин.,user-facing factual content,none,high
mmdm-6912,why,technical,Подтверждённая позиция полного sweep Московского международного Дома музыки.,remove,,confirmation/provenance is not an editorial reason,confirmed_placeholder,high
mmdm-6912,details,technical,Событие подтверждено официальной афишей Московского международного Дома музыки.,remove,,source verification or internal process text without user-facing event content,pure_public_provenance,high
mmdm-6913,why,technical,Подтверждённая позиция полного sweep Московского международного Дома музыки.,remove,,confirmation/provenance is not an editorial reason,confirmed_placeholder,high
mmdm-6913,details,technical,Событие подтверждено официальной афишей Московского международного Дома музыки.,remove,,source verification or internal process text without user-facing event content,pure_public_provenance,high
mmdm-7067,why,technical,Подтверждённая позиция полного sweep Московского международного Дома музыки.,remove,,confirmation/provenance is not an editorial reason,confirmed_placeholder,high
mmdm-7067,details,technical,Событие подтверждено официальной афишей Московского международного Дома музыки.,remove,,source verification or internal process text without user-facing event content,pure_public_provenance,high
phil-campra-requiem-2026-11-26,why,generic,Содержательное событие официальной афиши Московской филармонии; добавлено при системном проходе ноября–декабря.,remove,,generic placeholder plus internal pass provenance,generic_official_listing_system_pass,high
phil-campra-requiem-2026-11-26,details,empty,,no_action,,field is empty or absent,empty,high
phil-great-concerts-chamber-2026-11-26,why,generic,Содержательное событие официальной афиши Московской филармонии; добавлено при системном проходе ноября–декабря.,remove,,generic placeholder plus internal pass provenance,generic_official_listing_system_pass,high
phil-great-concerts-chamber-2026-11-26,details,empty,,no_action,,field is empty or absent,empty,high
zaryadye-dsch-pavlova-barati-2026-11-26,why,technical,Подтверждено официальной афишей Зала Зарядье в контрольном sweep октября–декабря 2026.,remove,,confirmation/provenance is not an editorial reason,confirmed_placeholder,high
zaryadye-dsch-pavlova-barati-2026-11-26,details,technical,Событие подтверждено официальной афишей Зала Зарядье; актуальные программа и состав — по карточке источника.,remove,,source verification or internal process text without user-facing event content,pure_public_provenance,high
maly-physicists-nov26,why,generic,Репертуарная карточка: сохраняем постановку в полном театральном календаре.,remove,,"generic repertoire placeholder, not an editorial reason",repertoire_card_placeholder,high
maly-physicists-nov26,details,content,"26 ноября. 2 ч 40 мин, один антракт.",keep,"26 ноября. 2 ч 40 мин, один антракт.",user-facing factual content,none,high
mamt-romeo-juliette-premiere-2026-11-27,why,editorial,"Новая постановка Гуно; до отзывов — интерес к замыслу, не готовая оценка качества.",keep,"Новая постановка Гуно; до отзывов — интерес к замыслу, не готовая оценка качества.",content-specific editorial reason,none,high
mamt-romeo-juliette-premiere-2026-11-27,details,content,Премьерный блок 27–29 ноября. Продолжительность около 3 ч 05 мин.,keep,Премьерный блок 27–29 ноября. Продолжительность около 3 ч 05 мин.,user-facing factual content,none,high
maly-soldiers-wife-nov26,why,generic,Репертуарная карточка: сохраняем постановку в полном театральном календаре.,remove,,"generic repertoire placeholder, not an editorial reason",repertoire_card_placeholder,high
maly-soldiers-wife-nov26,details,content,27 и 28 ноября. 1 ч 10 мин без антракта.,keep,27 и 28 ноября. 1 ч 10 мин без антракта.,user-facing factual content,none,high
consv-bzk-shagimuratova-2026-11-27,why,generic,Событие официальной афиши Московской консерватории; добавлено в проходе до конца 2026 года.,remove,,generic official-listing placeholder plus pass provenance,generic_official_listing_pass,high
consv-bzk-shagimuratova-2026-11-27,details,content,Вокально-симфоническая программа.,keep,Вокально-симфоническая программа.,user-facing factual content,none,high
consv-mzk-telemann-2026-11-27,why,generic,Событие официальной афиши Московской консерватории; добавлено в проходе до конца 2026 года.,remove,,generic official-listing placeholder plus pass provenance,generic_official_listing_pass,high
consv-mzk-telemann-2026-11-27,details,content,Программа вокруг Георга Филиппа Телемана.,keep,Программа вокруг Георга Филиппа Телемана.,user-facing factual content,none,high
mmdm-7029,why,technical,Подтверждённая позиция полного sweep Московского международного Дома музыки.,remove,,confirmation/provenance is not an editorial reason,confirmed_placeholder,high
mmdm-7029,details,technical,Событие подтверждено официальной афишей Московского международного Дома музыки.,remove,,source verification or internal process text without user-facing event content,pure_public_provenance,high
mmdm-7321,why,technical,Подтверждённая позиция полного sweep Московского международного Дома музыки.,remove,,confirmation/provenance is not an editorial reason,confirmed_placeholder,high
mmdm-7321,details,technical,Событие подтверждено официальной афишей Московского международного Дома музыки.,remove,,source verification or internal process text without user-facing event content,pure_public_provenance,high
mmdm-7345,why,editorial,"Литературный спектакль о Марине Цветаевой: стихи, письма и воспоминания соединены с живой музыкой.",keep,"Литературный спектакль о Марине Цветаевой: стихи, письма и воспоминания соединены с живой музыкой.",content-specific editorial reason,none,high
mmdm-7345,details,content,"Ксения Алферова — автор, режиссёр и исполнитель; в спектакле звучат стихи, письма и воспоминания Марины Цветаевой, важна живая музыка.",keep,"Ксения Алферова — автор, режиссёр и исполнитель; в спектакле звучат стихи, письма и воспоминания Марины Цветаевой, важна живая музыка.",user-facing factual content,none,high
mmdm-7424,why,editorial,Шекспир соединён с поэзией XX–XXI века и современной музыкальной драматургией ансамбля «4:33».,keep,Шекспир соединён с поэзией XX–XXI века и современной музыкальной драматургией ансамбля «4:33».,content-specific editorial reason,none,high
mmdm-7424,details,content,"Стихи и проза Шекспира, Бродского, Самойлова, Тарковского, Кенжеева и Рыжего; режиссёр Наталья Семенова.",keep,"Стихи и проза Шекспира, Бродского, Самойлова, Тарковского, Кенжеева и Рыжего; режиссёр Наталья Семенова.",user-facing factual content,none,high
phil-force-motion-2026-11-27,why,generic,Содержательное событие официальной афиши Московской филармонии; добавлено при системном проходе ноября–декабря.,remove,,generic placeholder plus internal pass provenance,generic_official_listing_system_pass,high
phil-force-motion-2026-11-27,details,empty,,no_action,,field is empty or absent,empty,high
phil-future-jazz-2026-11-27,why,technical,Подтверждённая дата полного sweep Московской филармонии до 31.12.2026; включена в широкий календарь без вкусового отсева.,remove,,confirmation/provenance is not an editorial reason,confirmed_placeholder,high
phil-future-jazz-2026-11-27,details,content,XIV фестиваль «Будущее джаза».,keep,XIV фестиваль «Будущее джаза».,user-facing factual content,none,high
maly-player-nov26,why,generic,Репертуарная карточка: сохраняем постановку в полном театральном календаре.,remove,,"generic repertoire placeholder, not an editorial reason",repertoire_card_placeholder,high
maly-player-nov26,details,content,"27 ноября. Показ 18 ноября был заменён «Бесприданницей». 2 ч 30 мин, один антракт.",keep,"27 ноября. Показ 18 ноября был заменён «Бесприданницей». 2 ч 30 мин, один антракт.",user-facing factual content,none,high
niko-studio-new-music-created-nature-2026-11-27,why,editorial,Прямой watchlist: Студия новой музыки; отдельный концерт цикла ARS GALLICA.,keep,Прямой watchlist: Студия новой музыки; отдельный концерт цикла ARS GALLICA.,content-specific editorial reason,none,high
niko-studio-new-music-created-nature-2026-11-27,details,content,"27 ноября, 19:30. Концерт «Сотворенная природа» в цикле ARS GALLICA.",keep,"27 ноября, 19:30. Концерт «Сотворенная природа» в цикле ARS GALLICA.",user-facing factual content,none,high
mmdm-6862,why,technical,Подтверждённая позиция полного sweep Московского международного Дома музыки.,remove,,confirmation/provenance is not an editorial reason,confirmed_placeholder,high
mmdm-6862,details,technical,Событие подтверждено официальной афишей Московского международного Дома музыки.,remove,,source verification or internal process text without user-facing event content,pure_public_provenance,high
mmdm-6863,why,technical,Подтверждённая позиция полного sweep Московского международного Дома музыки.,remove,,confirmation/provenance is not an editorial reason,confirmed_placeholder,high
mmdm-6863,details,technical,Событие подтверждено официальной афишей Московского международного Дома музыки.,remove,,source verification or internal process text without user-facing event content,pure_public_provenance,high
maly-captains-daughter-nov26,why,generic,Репертуарная карточка: сохраняем постановку в полном театральном календаре.,remove,,"generic repertoire placeholder, not an editorial reason",repertoire_card_placeholder,high
maly-captains-daughter-nov26,details,content,"28 ноября: 13:00 и 18:00. 2 ч 20 мин, один антракт.",keep,"28 ноября: 13:00 и 18:00. 2 ч 20 мин, один антракт.",user-facing factual content,none,high
consv-bzk-grand-organ-symphony-gala-2026-11-28,why,generic,Содержательная дата Консерватории: Гранд-орган — симфони-гала.,remove,,generic content-date label repeats event content but does not explain why the event merits attention,conservatory_content_date_placeholder,high
consv-bzk-grand-organ-symphony-gala-2026-11-28,details,content,Мультимедийная органно-симфоническая программа; произведения не перечислены.,keep,Мультимедийная органно-симфоническая программа; произведения не перечислены.,user-facing factual content,none,high
voz-poetry-outside-archive-2026-11-28,why,editorial,"Встреча о документе, памяти и архиве как материале современной поэзии.",keep,"Встреча о документе, памяти и архиве как материале современной поэзии.",content-specific editorial reason,none,high
voz-poetry-outside-archive-2026-11-28,details,content,"28 ноября, 14:00. Драгомощенко, Скидан, Резникофф, Сьюзен Хау.",keep,"28 ноября, 14:00. Драгомощенко, Скидан, Резникофф, Сьюзен Хау.",user-facing factual content,none,high
maly-krechinsky-nov26,why,generic,Репертуарная карточка: сохраняем постановку в полном театральном календаре.,remove,,"generic repertoire placeholder, not an editorial reason",repertoire_card_placeholder,high
maly-krechinsky-nov26,details,content,"28 ноября. Мюзикл, 2 ч 20 мин, один антракт.",keep,"28 ноября. Мюзикл, 2 ч 20 мин, один антракт.",user-facing factual content,none,high
consv-bzk-strauss-gala-2026-11-28,why,editorial,Праздничная оркестровая программа в БЗК; оставляем в общей базе без предварительного вкусового отсева.,keep,Праздничная оркестровая программа в БЗК; оставляем в общей базе без предварительного вкусового отсева.,content-specific editorial reason,none,high
consv-bzk-strauss-gala-2026-11-28,details,content,Чайковский — вальсы из балетов; И. Штраус (сын) — вальсы и оперетта; И. Штраус (отец) — «Марш Радецкого»; Оффенбах — канкан; Легар — арии и дуэты.,keep,Чайковский — вальсы из балетов; И. Штраус (сын) — вальсы и оперетта; И. Штраус (отец) — «Марш Радецкого»; Оффенбах — канкан; Легар — арии и дуэты.,user-facing factual content,none,high
consv-mzk-kagan-festival-2026-11-28,why,generic,Содержательная дата Консерватории: Международный фестиваль «Посвящение Олегу Кагану» — третий вечер.,remove,,generic content-date label repeats event content but does not explain why the event merits attention,conservatory_content_date_placeholder,high
consv-mzk-kagan-festival-2026-11-28,details,content,Третий вечер абонемента №20; программа не раскрыта.,keep,Третий вечер абонемента №20; программа не раскрыта.,user-facing factual content,none,high
mmdm-6143,why,technical,Подтверждённая позиция полного sweep Московского международного Дома музыки.,remove,,confirmation/provenance is not an editorial reason,confirmed_placeholder,high
mmdm-6143,details,technical,Событие подтверждено официальной афишей Московского международного Дома музыки.,remove,,source verification or internal process text without user-facing event content,pure_public_provenance,high
mmdm-7322,why,technical,Подтверждённая позиция полного sweep Московского международного Дома музыки.,remove,,confirmation/provenance is not an editorial reason,confirmed_placeholder,high
mmdm-7322,details,technical,Событие подтверждено официальной афишей Московского международного Дома музыки.,remove,,source verification or internal process text without user-facing event content,pure_public_provenance,high
mmdm-7323,why,technical,Подтверждённая позиция полного sweep Московского международного Дома музыки.,remove,,confirmation/provenance is not an editorial reason,confirmed_placeholder,high
mmdm-7323,details,technical,Событие подтверждено официальной афишей Московского международного Дома музыки.,remove,,source verification or internal process text without user-facing event content,pure_public_provenance,high
mmdm-7385,why,technical,Подтверждённая позиция полного sweep Московского международного Дома музыки.,remove,,confirmation/provenance is not an editorial reason,confirmed_placeholder,high
mmdm-7385,details,technical,Событие подтверждено официальной афишей Московского международного Дома музыки.,remove,,source verification or internal process text without user-facing event content,pure_public_provenance,high
phil-neobarocco-2026-11-28,why,generic,Содержательное событие официальной афиши Московской филармонии; добавлено при системном проходе ноября–декабря.,remove,,generic placeholder plus internal pass provenance,generic_official_listing_system_pass,high
phil-neobarocco-2026-11-28,details,empty,,no_action,,field is empty or absent,empty,high
phil-repin-lugansky-2026-11-28,why,generic,Содержательное событие официальной афиши Московской филармонии; добавлено при системном проходе ноября–декабря.,remove,,generic placeholder plus internal pass provenance,generic_official_listing_system_pass,high
phil-repin-lugansky-2026-11-28,details,empty,,no_action,,field is empty or absent,empty,high
mmdm-7438,why,technical,Подтверждённая позиция полного sweep Московского международного Дома музыки.,remove,,confirmation/provenance is not an editorial reason,confirmed_placeholder,high
mmdm-7438,details,technical,Событие подтверждено официальной афишей Московского международного Дома музыки.,remove,,source verification or internal process text without user-facing event content,pure_public_provenance,high
phil-language-orchestra-2026-11-29,why,technical,Подтверждённая дата полного sweep Московской филармонии до 31.12.2026; включена в широкий календарь без вкусового отсева.,remove,,confirmation/provenance is not an editorial reason,confirmed_placeholder,high
phil-language-orchestra-2026-11-29,details,content,"Пахельбель, Моцарт, Чайковский, Стравинский, Шостакович, Райх.",keep,"Пахельбель, Моцарт, Чайковский, Стравинский, Шостакович, Райх.",user-facing factual content,none,high
mmdm-7499,why,technical,Подтверждённая позиция полного sweep Московского международного Дома музыки.,remove,,confirmation/provenance is not an editorial reason,confirmed_placeholder,high
mmdm-7499,details,technical,Событие подтверждено официальной афишей Московского международного Дома музыки.,remove,,source verification or internal process text without user-facing event content,pure_public_provenance,high
mmdm-7438-2026-11-29-1700,why,technical,Подтверждённая позиция полного sweep Московского международного Дома музыки.,remove,,confirmation/provenance is not an editorial reason,confirmed_placeholder,high
mmdm-7438-2026-11-29-1700,details,technical,Событие подтверждено официальной афишей Московского международного Дома музыки.,remove,,source verification or internal process text without user-facing event content,pure_public_provenance,high
consv-bzk-rachmaninov3-tchaikovsky6-2026-11-29,why,mixed,Ключевая программа текущего sweep Консерватории: Рахманинов — Концерт №3 / Чайковский — Симфония №6.,rewrite_existing_content_only,Рахманинов — Концерт №3 / Чайковский — Симфония №6.,remove sweep provenance and retain the existing program core,key_program_sweep_prefix,high
consv-bzk-rachmaninov3-tchaikovsky6-2026-11-29,details,content,Концерт №3 для фортепиано с оркестром; Симфония №6,keep,Концерт №3 для фортепиано с оркестром; Симфония №6,user-facing factual content,none,high
consv-mzk-kopachevsky-2026-11-29,why,generic,Содержательное событие официальной афиши Московской консерватории; добавлено при системном проходе до конца 2026 года.,remove,,generic placeholder plus internal pass provenance,generic_official_listing_system_pass,high
consv-mzk-kopachevsky-2026-11-29,details,empty,,no_action,,field is empty or absent,empty,high
mmdm-7500,why,technical,Подтверждённая позиция полного sweep Московского международного Дома музыки.,remove,,confirmation/provenance is not an editorial reason,confirmed_placeholder,high
mmdm-7500,details,technical,Событие подтверждено официальной афишей Московского международного Дома музыки.,remove,,source verification or internal process text without user-facing event content,pure_public_provenance,high
phil-bach-organ-day-2026-11-29,why,generic,Содержательное событие официальной афиши Московской филармонии; добавлено при системном проходе ноября–декабря.,remove,,generic placeholder plus internal pass provenance,generic_official_listing_system_pass,high
phil-bach-organ-day-2026-11-29,details,content,Фантазия BWV 572; Прелюдия и фуга BWV 552; Партита BWV 768; Пастораль BWV 590; Прелюдия и фуга BWV 548; Токката и фуга BWV 538.,keep,Фантазия BWV 572; Прелюдия и фуга BWV 552; Партита BWV 768; Пастораль BWV 590; Прелюдия и фуга BWV 548; Токката и фуга BWV 538.,user-facing factual content,none,high
phil-viols-seasons-2026-11-29,why,generic,Содержательное событие официальной афиши Московской филармонии; добавлено при системном проходе ноября–декабря.,remove,,generic placeholder plus internal pass provenance,generic_official_listing_system_pass,high
phil-viols-seasons-2026-11-29,details,content,Симпсон — «Времена года»; Дженкинс — консорты.,keep,Симпсон — «Времена года»; Дженкинс — консорты.,user-facing factual content,none,high
consv-bzk-repin-chubachin-2026-11-30,why,generic,Содержательное событие официальной афиши Московской консерватории; добавлено при системном проходе до конца 2026 года.,remove,,generic placeholder plus internal pass provenance,generic_official_listing_system_pass,high
consv-bzk-repin-chubachin-2026-11-30,details,content,Прокофьев — Концерт №1 для скрипки; Шостакович — Концерт №1 для виолончели.,keep,Прокофьев — Концерт №1 для скрипки; Шостакович — Концерт №1 для виолончели.,user-facing factual content,none,high
mmdm-6867,why,editorial,Самостоятельная хореографическая программа команды Егора Дружинина; официальный жанр ММДМ — хореография.,keep,Самостоятельная хореографическая программа команды Егора Дружинина; официальный жанр ММДМ — хореография.,content-specific editorial reason,none,high
mmdm-6867,details,mixed,Танцевальный концерт команды Егора Дружинина; подробный состав — на официальной карточке ММДМ.,rewrite_existing_content_only,Танцевальный концерт команды Егора Дружинина,"retain existing event content only, remove source pointer",content_plus_source_pointer,high
phil-vladimirov-young-talents-2026-11-30,why,generic,Содержательное событие официальной афиши Московской филармонии; добавлено при системном проходе ноября–декабря.,remove,,generic placeholder plus internal pass provenance,generic_official_listing_system_pass,high
phil-vladimirov-young-talents-2026-11-30,details,empty,,no_action,,field is empty or absent,empty,high
zaryadye-cardi-eichenlaub-2026-11-30,why,technical,Подтверждено официальной афишей Зала Зарядье в контрольном sweep октября–декабря 2026.,remove,,confirmation/provenance is not an editorial reason,confirmed_placeholder,high
zaryadye-cardi-eichenlaub-2026-11-30,details,technical,Событие подтверждено официальной афишей Зала Зарядье; актуальные программа и состав — по карточке источника.,remove,,source verification or internal process text without user-facing event content,pure_public_provenance,high
maly-seagull-iskander-nov26,why,generic,Гостевой спектакль в опубликованной ноябрьской афише Малого театра; сохраняем как событие фактической московской площадки.,remove,,generic/process rationale does not state a concrete event-specific reason,listing_presence_policy,high
maly-seagull-iskander-nov26,details,content,"30 ноября. Гостевой спектакль Государственного русского театра драмы им. Ф. А. Искандера. 2 ч 40 мин, один антракт.",keep,"30 ноября. Гостевой спектакль Государственного русского театра драмы им. Ф. А. Искандера. 2 ч 40 мин, один антракт.",user-facing factual content,none,high
consv-mzk-andrianov-2026-12-01,why,generic,Содержательное событие официальной афиши Московской консерватории; добавлено при системном проходе до конца 2026 года.,remove,,generic placeholder plus internal pass provenance,generic_official_listing_system_pass,high
consv-mzk-andrianov-2026-12-01,details,empty,,no_action,,field is empty or absent,empty,high
mmdm-6868,why,technical,Подтверждённая позиция полного sweep Московского международного Дома музыки.,remove,,confirmation/provenance is not an editorial reason,confirmed_placeholder,high
mmdm-6868,details,technical,Событие подтверждено официальной афишей Московского международного Дома музыки.,remove,,source verification or internal process text without user-facing event content,pure_public_provenance,high
phil-moiseyev-2026-12-01,why,technical,Подтверждённая дата полного sweep Московской филармонии до 31.12.2026; включена в широкий календарь без вкусового отсева.,remove,,confirmation/provenance is not an editorial reason,confirmed_placeholder,high
phil-moiseyev-2026-12-01,details,content,Танцы народов мира.,keep,Танцы народов мира.,user-facing factual content,none,high
phil-young-osipov-soloists-2026-12-01,why,technical,Подтверждённая дата полного sweep Московской филармонии до 31.12.2026; включена в широкий календарь без вкусового отсева.,remove,,confirmation/provenance is not an editorial reason,confirmed_placeholder,high
phil-young-osipov-soloists-2026-12-01,details,content,Русские и советские композиторы; обработки народных мелодий.,keep,Русские и советские композиторы; обработки народных мелодий.,user-facing factual content,none,high
maly-edith-piaf-dec26,why,generic,Гостевой спектакль в опубликованной декабрьской афише Малого театра; сохраняем как событие фактической московской площадки.,remove,,generic/process rationale does not state a concrete event-specific reason,listing_presence_policy,high
maly-edith-piaf-dec26,details,content,"1 декабря. Гостевой спектакль «Десять песен о любви» по пьесе В. Сердечной. 2 ч 30 мин, один антракт.",keep,"1 декабря. Гостевой спектакль «Десять песен о любви» по пьесе В. Сердечной. 2 ч 30 мин, один антракт.",user-facing factual content,none,high
maly-guiltless-dec26,why,generic,Репертуарная карточка: сохраняем постановку в полном театральном календаре.,remove,,"generic repertoire placeholder, not an editorial reason",repertoire_card_placeholder,high
maly-guiltless-dec26,details,content,1 декабря. 2 ч 50 мин.,keep,1 декабря. 2 ч 50 мин.,user-facing factual content,none,high
mamt-lady-macbeth-2026-12-02,why,editorial,Шостаковичевская опера завершает основной юбилейный блок МАМТ.,keep,Шостаковичевская опера завершает основной юбилейный блок МАМТ.,content-specific editorial reason,none,high
mamt-lady-macbeth-2026-12-02,details,content,2 декабря 2026. Точное время и длительность сверить.,keep,2 декабря 2026. Точное время и длительность сверить.,user-facing factual content,none,high
consv-bzk-stradivari-ensemble-2026-12-02,why,mixed,Ключевая программа текущего sweep Консерватории: «Страдивари-ансамбль» — Чайковский / Пьяццолла.,rewrite_existing_content_only,«Страдивари-ансамбль» — Чайковский / Пьяццолла.,remove sweep provenance and retain the existing program core,key_program_sweep_prefix,high
consv-bzk-stradivari-ensemble-2026-12-02,details,content,«Воспоминание о Флоренции»; Избранные танго,keep,«Воспоминание о Флоренции»; Избранные танго,user-facing factual content,none,high
mmdm-6121,why,technical,Подтверждённая позиция полного sweep Московского международного Дома музыки.,remove,,confirmation/provenance is not an editorial reason,confirmed_placeholder,high
mmdm-6121,details,content,Событие перенесено с 05.02.2027 на 02.12.2026; в базе хранится по актуальной дате.,keep,Событие перенесено с 05.02.2027 на 02.12.2026; в базе хранится по актуальной дате.,user-facing factual content,none,high
phil-moiseyev-2026-12-02,why,technical,Подтверждённая дата полного sweep Московской филармонии до 31.12.2026; включена в широкий календарь без вкусового отсева.,remove,,confirmation/provenance is not an editorial reason,confirmed_placeholder,high
phil-moiseyev-2026-12-02,details,content,Танцы народов мира.,keep,Танцы народов мира.,user-facing factual content,none,high
phil-new-music-grindenko-2026-12-02,why,technical,Подтверждённая дата полного sweep Московской филармонии до 31.12.2026; включена в широкий календарь без вкусового отсева.,remove,,confirmation/provenance is not an editorial reason,confirmed_placeholder,high
phil-new-music-grindenko-2026-12-02,details,content,Программа цикла «Новая музыка».,keep,Программа цикла «Новая музыка».,user-facing factual content,none,high
maly-dead-souls-dec26,why,generic,Репертуарная карточка: сохраняем постановку в полном театральном календаре.,remove,,"generic repertoire placeholder, not an editorial reason",repertoire_card_placeholder,high
maly-dead-souls-dec26,details,content,"2 декабря. 2 ч 45 мин, один антракт.",keep,"2 декабря. 2 ч 45 мин, один антракт.",user-facing factual content,none,high
maly-shines-not-warms-dec26,why,generic,Репертуарная карточка: сохраняем постановку в полном театральном календаре.,remove,,"generic repertoire placeholder, not an editorial reason",repertoire_card_placeholder,high
maly-shines-not-warms-dec26,details,content,"2 и 17 декабря. 2 ч 30 мин, один антракт.",keep,"2 и 17 декабря. 2 ч 30 мин, один антракт.",user-facing factual content,none,high
helikon-carmen-dec-2026,why,editorial,Юбилейный блок одной из ключевых постановок театра.,keep,Юбилейный блок одной из ключевых постановок театра.,content-specific editorial reason,none,high
helikon-carmen-dec-2026,details,content,Показы 3–6 декабря 2026.,keep,Показы 3–6 декабря 2026.,user-facing factual content,none,high
maly-white-tent-dec26,why,generic,Репертуарная карточка: сохраняем постановку в полном театральном календаре.,remove,,"generic repertoire placeholder, not an editorial reason",repertoire_card_placeholder,high
maly-white-tent-dec26,details,content,3 декабря. 1 ч 40 мин без антракта.,keep,3 декабря. 1 ч 40 мин без антракта.,user-facing factual content,none,high
mmdm-6667,why,technical,Подтверждённая позиция полного sweep Московского международного Дома музыки.,remove,,confirmation/provenance is not an editorial reason,confirmed_placeholder,high
mmdm-6667,details,content,Событие перенесено с мартовских дат 25–26.03.2027 на 03.12.2026; в базе хранится по актуальной дате.,keep,Событие перенесено с мартовских дат 25–26.03.2027 на 03.12.2026; в базе хранится по актуальной дате.,user-facing factual content,none,high
mmdm-6869,why,technical,Подтверждённая позиция полного sweep Московского международного Дома музыки.,remove,,confirmation/provenance is not an editorial reason,confirmed_placeholder,high
mmdm-6869,details,technical,Событие подтверждено официальной афишей Московского международного Дома музыки.,remove,,source verification or internal process text without user-facing event content,pure_public_provenance,high
mmdm-7004,why,technical,Подтверждённая позиция полного sweep Московского международного Дома музыки.,remove,,confirmation/provenance is not an editorial reason,confirmed_placeholder,high
mmdm-7004,details,mixed,"Актуальная официальная афиша отмечает изменение программы: Бетховен — Симфонии № 8, 4 и 3; Филипп Чижевский и ГАСО.",rewrite_existing_content_only,"Бетховен — Симфонии № 8, 4 и 3; Филипп Чижевский и ГАСО.","retain existing program content, remove source-verification prefix",official_change_prefix,high
phil-great-russian-singers-2026-12-03,why,technical,Подтверждённая дата полного sweep Московской филармонии до 31.12.2026; включена в широкий календарь без вкусового отсева.,remove,,confirmation/provenance is not an editorial reason,confirmed_placeholder,high
phil-great-russian-singers-2026-12-03,details,content,"Песни и романсы из репертуара Лидии Руслановой, Клавдии Шульженко, Людмилы Зыкиной, Валентины Толкуновой и др.",keep,"Песни и романсы из репертуара Лидии Руслановой, Клавдии Шульженко, Людмилы Зыкиной, Валентины Толкуновой и др.",user-facing factual content,none,high
phil-telemann-cpe-bach-2026-12-03,why,generic,Содержательное событие официальной афиши Московской филармонии; добавлено при системном проходе ноября–декабря.,remove,,generic placeholder plus internal pass provenance,generic_official_listing_system_pass,high
phil-telemann-cpe-bach-2026-12-03,details,empty,,no_action,,field is empty or absent,empty,high
zaryadye-winter-open-2026,why,mixed,Открытие декабрьского Зимнего фестиваля; само наличие фестивального кластера важно для дальнего радара.,rewrite_existing_content_only,Открытие декабрьского Зимнего фестиваля.,retain only existing event-specific content; remove radar/contour/calendar/inclusion policy wording,process_clause_removed,high
zaryadye-winter-open-2026,details,content,"Открытие Зимнего фестиваля Зала Зарядье. Три тенора, Московский государственный симфонический оркестр, дирижёр Иван Рудин.",keep,"Открытие Зимнего фестиваля Зала Зарядье. Три тенора, Московский государственный симфонический оркестр, дирижёр Иван Рудин.",user-facing factual content,none,high
maly-cherry-orchard-dec26,why,generic,Репертуарная карточка: сохраняем постановку в полном театральном календаре.,remove,,"generic repertoire placeholder, not an editorial reason",repertoire_card_placeholder,high
maly-cherry-orchard-dec26,details,content,"3 и 15 декабря. 2 ч 50 мин, один антракт.",keep,"3 и 15 декабря. 2 ч 50 мин, один антракт.",user-facing factual content,none,high
maly-mysterious-box-dec26,why,generic,Репертуарная карточка: сохраняем постановку в полном театральном календаре.,remove,,"generic repertoire placeholder, not an editorial reason",repertoire_card_placeholder,high
maly-mysterious-box-dec26,details,content,"3 декабря. 2 ч 30 мин, один антракт.",keep,"3 декабря. 2 ч 30 мин, один антракт.",user-facing factual content,none,high
voz-letov-dada-2026-12-03,why,editorial,"Лекция о дада, шуме, коллаже, DIY и сходных художественных стратегиях в творчестве Егора Летова.",keep,"Лекция о дада, шуме, коллаже, DIY и сходных художественных стратегиях в творчестве Егора Летова.",content-specific editorial reason,none,high
voz-letov-dada-2026-12-03,details,content,"3 декабря, 19:30. Лекция цикла «Искусство быть посторонним: Летов и художественные языки XX века».",keep,"3 декабря, 19:30. Лекция цикла «Искусство быть посторонним: Летов и художественные языки XX века».",user-facing factual content,none,high
consv-mzk-filipov-petrova-2026-12-04,why,generic,Содержательное событие официальной афиши Московской консерватории; добавлено при системном проходе до конца 2026 года.,remove,,generic placeholder plus internal pass provenance,generic_official_listing_system_pass,high
consv-mzk-filipov-petrova-2026-12-04,details,empty,,no_action,,field is empty or absent,empty,high
mmdm-7005,why,technical,Подтверждённая позиция полного sweep Московского международного Дома музыки.,remove,,confirmation/provenance is not an editorial reason,confirmed_placeholder,high
mmdm-7005,details,technical,Событие подтверждено официальной афишей Московского международного Дома музыки.,remove,,source verification or internal process text without user-facing event content,pure_public_provenance,high
mmdm-7219,why,technical,Подтверждённая позиция полного sweep Московского международного Дома музыки.,remove,,confirmation/provenance is not an editorial reason,confirmed_placeholder,high
mmdm-7219,details,technical,Событие подтверждено официальной афишей Московского международного Дома музыки.,remove,,source verification or internal process text without user-facing event content,pure_public_provenance,high
mmdm-karnavalnaya-noch-2026-12-04,why,editorial,Музыкально-хореографический спектакль Егора Дружинина по мотивам фильмов Эльдара Рязанова «Карнавальная ночь» и «Девушка без адреса».,keep,Музыкально-хореографический спектакль Егора Дружинина по мотивам фильмов Эльдара Рязанова «Карнавальная ночь» и «Девушка без адреса».,content-specific editorial reason,none,high
mmdm-karnavalnaya-noch-2026-12-04,details,mixed,Активный показ 04.12 подтверждён текущей официальной афишей. Отдельный показ 23.12 отменён и активной карточкой не создаётся.,rewrite_existing_content_only,Отдельный показ 23.12 отменён,retain existing cancellation fact only,confirmation_plus_cancelled_show,high
phil-masleev-rachmaninov-2026-12-04,why,technical,Подтверждённая дата полного sweep Московской филармонии до 31.12.2026; включена в широкий календарь без вкусового отсева.,remove,,confirmation/provenance is not an editorial reason,confirmed_placeholder,high
phil-masleev-rachmaninov-2026-12-04,details,content,Рахманиновская фортепианная программа.,keep,Рахманиновская фортепианная программа.,user-facing factual content,none,high
zaryadye-elokhovo-choir-2026-12-04,why,technical,Подтверждено официальной афишей Зала Зарядье в контрольном sweep октября–декабря 2026.,remove,,confirmation/provenance is not an editorial reason,confirmed_placeholder,high
zaryadye-elokhovo-choir-2026-12-04,details,technical,Событие подтверждено официальной афишей Зала Зарядье; актуальные программа и состав — по карточке источника.,remove,,source verification or internal process text without user-facing event content,pure_public_provenance,high
zaryadye-neobarocco-2026,why,mixed,Прямое попадание в раннюю музыку и discovery-граф: NeoBarocco + Руст Позюмский.,rewrite_existing_content_only,Прямое попадание в раннюю музыку: NeoBarocco + Руст Позюмский.,remove discovery-graph wording while retaining existing early-music reason and names,discovery_graph_clause,high
zaryadye-neobarocco-2026,details,content,"Ансамбль NeoBarocco: флейта, скрипка/вокал, виола да гамба, клавесин. Программа английской музыки эпохи Реставрации.",keep,"Ансамбль NeoBarocco: флейта, скрипка/вокал, виола да гамба, клавесин. Программа английской музыки эпохи Реставрации.",user-facing factual content,none,high
maly-golovlevs-dec26,why,generic,Репертуарная карточка: сохраняем постановку в полном театральном календаре.,remove,,"generic repertoire placeholder, not an editorial reason",repertoire_card_placeholder,high
maly-golovlevs-dec26,details,mixed,4 и 24 декабря. Премьера; точная продолжительность в текущей официальной афише не указана.,rewrite_existing_content_only,4 и 24 декабря. Премьера.,retain dates/premiere; remove official-listing availability note,manual_details_source_clause,high
maly-valkyries-dec26,why,generic,Репертуарная карточка: сохраняем постановку в полном театральном календаре.,remove,,"generic repertoire placeholder, not an editorial reason",repertoire_card_placeholder,high
maly-valkyries-dec26,details,content,"4 декабря. 2 ч 30 мин, один антракт.",keep,"4 декабря. 2 ч 30 мин, один антракт.",user-facing factual content,none,high
helikon-indian-dreams-premiere-2026-12-05,why,editorial,Декабрьская премьера; до отзывов — «обратить внимание».,keep,Декабрьская премьера; до отзывов — «обратить внимание».,content-specific editorial reason,none,high
helikon-indian-dreams-premiere-2026-12-05,details,content,Премьерные показы 5–6 декабря 2026.,keep,Премьерные показы 5–6 декабря 2026.,user-facing factual content,none,high
maly-cinderella-dec26,why,generic,Репертуарная карточка: сохраняем постановку в полном театральном календаре.,remove,,"generic repertoire placeholder, not an editorial reason",repertoire_card_placeholder,high
maly-cinderella-dec26,details,content,"5 декабря. 1 ч 40 мин, один антракт.",keep,"5 декабря. 1 ч 40 мин, один антракт.",user-facing factual content,none,high
phil-beethoven-eroica-2026-12-05,why,generic,Содержательное событие официальной афиши Московской филармонии; добавлено при системном проходе ноября–декабря.,remove,,generic placeholder plus internal pass provenance,generic_official_listing_system_pass,high
phil-beethoven-eroica-2026-12-05,details,empty,,no_action,,field is empty or absent,empty,high
consv-bzk-student-symphony-childrens-2026-12-05,why,technical,Подтверждено актуальной официальной декабрьской афишей Московской консерватории при контрольной сверке по дням.,remove,,confirmation/provenance is not an editorial reason,confirmed_placeholder,high
consv-bzk-student-symphony-childrens-2026-12-05,details,technical,Событие подтверждено актуальной официальной афишей Московской консерватории.,remove,,source verification or internal process text without user-facing event content,pure_public_provenance,high
mmdm-7288,why,technical,Подтверждённая позиция полного sweep Московского международного Дома музыки.,remove,,confirmation/provenance is not an editorial reason,confirmed_placeholder,high
mmdm-7288,details,technical,Событие подтверждено официальной афишей Московского международного Дома музыки.,remove,,source verification or internal process text without user-facing event content,pure_public_provenance,high
mmdm-7386,why,technical,Подтверждённая позиция полного sweep Московского международного Дома музыки.,remove,,confirmation/provenance is not an editorial reason,confirmed_placeholder,high
mmdm-7386,details,technical,Событие подтверждено официальной афишей Московского международного Дома музыки.,remove,,source verification or internal process text without user-facing event content,pure_public_provenance,high
maly-garin-dec26,why,generic,Репертуарная карточка: сохраняем постановку в полном театральном календаре.,remove,,"generic repertoire placeholder, not an editorial reason",repertoire_card_placeholder,high
maly-garin-dec26,details,content,"5 и 6 декабря. 2 ч 20 мин, один антракт.",keep,"5 и 6 декабря. 2 ч 20 мин, один антракт.",user-facing factual content,none,high
maly-white-guard-dec26,why,generic,Репертуарная карточка: сохраняем постановку в полном театральном календаре.,remove,,"generic repertoire placeholder, not an editorial reason",repertoire_card_placeholder,high
maly-white-guard-dec26,details,content,"5 и 25 декабря. 3 часа, один антракт.",keep,"5 и 25 декабря. 3 часа, один антракт.",user-facing factual content,none,high
maly-upset-family-dec26,why,generic,Репертуарная карточка: сохраняем постановку в полном театральном календаре.,remove,,"generic repertoire placeholder, not an editorial reason",repertoire_card_placeholder,high
maly-upset-family-dec26,details,content,"5 и 18 декабря. 2 часа, один антракт.",keep,"5 и 18 декабря. 2 часа, один антракт.",user-facing factual content,none,high
mmdm-7289,why,technical,Подтверждённая позиция полного sweep Московского международного Дома музыки.,remove,,confirmation/provenance is not an editorial reason,confirmed_placeholder,high
mmdm-7289,details,technical,Событие подтверждено официальной афишей Московского международного Дома музыки.,remove,,source verification or internal process text without user-facing event content,pure_public_provenance,high
mmdm-7346,why,technical,Подтверждённая позиция полного sweep Московского международного Дома музыки.,remove,,confirmation/provenance is not an editorial reason,confirmed_placeholder,high
mmdm-7346,details,technical,Событие подтверждено официальной афишей Московского международного Дома музыки.,remove,,source verification or internal process text without user-facing event content,pure_public_provenance,high
phil-massenet-werther-2026-12-05,why,technical,Подтверждённая дата полного sweep Московской филармонии до 31.12.2026; включена в широкий календарь без вкусового отсева.,remove,,confirmation/provenance is not an editorial reason,confirmed_placeholder,high
phil-massenet-werther-2026-12-05,details,content,«Вертер» — опера в концертном исполнении,keep,«Вертер» — опера в концертном исполнении,user-facing factual content,none,high
maly-snow-queen-dec26,why,generic,Репертуарная карточка: сохраняем постановку в полном театральном календаре.,remove,,"generic repertoire placeholder, not an editorial reason",repertoire_card_placeholder,high
maly-snow-queen-dec26,details,content,"6 и 12 декабря в 11:00; 31 декабря в 11:00 и 15:00. 2 ч 10 мин, один антракт.",keep,"6 и 12 декабря в 11:00; 31 декабря в 11:00 и 15:00. 2 ч 10 мин, один антракт.",user-facing factual content,none,high
mmdm-7308,why,technical,Подтверждённая позиция полного sweep Московского международного Дома музыки.,remove,,confirmation/provenance is not an editorial reason,confirmed_placeholder,high
mmdm-7308,details,technical,Событие подтверждено официальной афишей Московского международного Дома музыки.,remove,,source verification or internal process text without user-facing event content,pure_public_provenance,high
zaryadye-blizzard-2026-12-06,why,technical,Подтверждено официальной афишей Зала Зарядье в контрольном sweep октября–декабря 2026.,remove,,confirmation/provenance is not an editorial reason,confirmed_placeholder,high
zaryadye-blizzard-2026-12-06,details,technical,Событие подтверждено официальной афишей Зала Зарядье; актуальные программа и состав — по карточке источника.,remove,,source verification or internal process text without user-facing event content,pure_public_provenance,high
consv-bzk-student-orchestra-2026-12-06,why,generic,Содержательная дата Консерватории: Симфонический оркестр студентов Московской консерватории.,remove,,generic content-date label repeats event content but does not explain why the event merits attention,conservatory_content_date_placeholder,high
consv-bzk-student-orchestra-2026-12-06,details,content,Абонемент «Московская консерватория и Денис Мацуев представляют новые имена»; программа не опубликована.,keep,Абонемент «Московская консерватория и Денис Мацуев представляют новые имена»; программа не опубликована.,user-facing factual content,none,high
mmdm-7387,why,technical,Подтверждённая позиция полного sweep Московского международного Дома музыки.,remove,,confirmation/provenance is not an editorial reason,confirmed_placeholder,high
mmdm-7387,details,technical,Событие подтверждено официальной афишей Московского международного Дома музыки.,remove,,source verification or internal process text without user-facing event content,pure_public_provenance,high
consv-mzk-gaso-90-2026-12-06,why,generic,Содержательное событие официальной афиши Московской консерватории; добавлено при системном проходе до конца 2026 года.,remove,,generic placeholder plus internal pass provenance,generic_official_listing_system_pass,high
consv-mzk-gaso-90-2026-12-06,details,empty,,no_action,,field is empty or absent,empty,high
mmdm-7362,why,technical,Подтверждённая позиция полного sweep Московского международного Дома музыки.,remove,,confirmation/provenance is not an editorial reason,confirmed_placeholder,high
mmdm-7362,details,technical,Событие подтверждено официальной афишей Московского международного Дома музыки.,remove,,source verification or internal process text without user-facing event content,pure_public_provenance,high
mmdm-7388,why,technical,Подтверждённая позиция полного sweep Московского международного Дома музыки.,remove,,confirmation/provenance is not an editorial reason,confirmed_placeholder,high
mmdm-7388,details,technical,Событие подтверждено официальной афишей Московского международного Дома музыки.,remove,,source verification or internal process text without user-facing event content,pure_public_provenance,high
phil-rnmso-prokofiev-stravinsky-2026-12-06,why,generic,Содержательное событие официальной афиши Московской филармонии; добавлено при системном проходе ноября–декабря.,remove,,generic placeholder plus internal pass provenance,generic_official_listing_system_pass,high
phil-rnmso-prokofiev-stravinsky-2026-12-06,details,content,"Прокофьев — Концерт №3, «Скифская сюита»; Стравинский — «Весна священная».",keep,"Прокофьев — Концерт №3, «Скифская сюита»; Стравинский — «Весна священная».",user-facing factual content,none,high
shostakovich-quartets-3,why,editorial,"Квартеты № 7–9, включая Восьмой — центральный узел цикла.",keep,"Квартеты № 7–9, включая Восьмой — центральный узел цикла.",content-specific editorial reason,none,high
shostakovich-quartets-3,details,content,"Шостакович — Струнные квартеты № 7 фа-диез минор, ор. 108; № 8 до минор, ор. 110; № 9 ми-бемоль мажор, ор. 117.",keep,"Шостакович — Струнные квартеты № 7 фа-диез минор, ор. 108; № 8 до минор, ор. 110; № 9 ми-бемоль мажор, ор. 117.",user-facing factual content,none,high
consv-bzk-gyngazov-2026-12-07,why,generic,Содержательное событие официальной афиши Московской консерватории; добавлено при системном проходе до конца 2026 года.,remove,,generic placeholder plus internal pass provenance,generic_official_listing_system_pass,high
consv-bzk-gyngazov-2026-12-07,details,empty,,no_action,,field is empty or absent,empty,high
mmdm-7185,why,technical,Подтверждённая позиция полного sweep Московского международного Дома музыки.,remove,,confirmation/provenance is not an editorial reason,confirmed_placeholder,high
mmdm-7185,details,technical,Событие подтверждено официальной афишей Московского международного Дома музыки.,remove,,source verification or internal process text without user-facing event content,pure_public_provenance,high
mmdm-7398,why,technical,Подтверждённая позиция полного sweep Московского международного Дома музыки.,remove,,confirmation/provenance is not an editorial reason,confirmed_placeholder,high
mmdm-7398,details,technical,Событие подтверждено официальной афишей Московского международного Дома музыки.,remove,,source verification or internal process text without user-facing event content,pure_public_provenance,high
phil-laul-mozart-2026-12-07,why,technical,Подтверждённая дата полного sweep Московской филармонии до 31.12.2026; включена в широкий календарь без вкусового отсева.,remove,,confirmation/provenance is not an editorial reason,confirmed_placeholder,high
phil-laul-mozart-2026-12-07,details,content,"Сонаты №4, №5, №10, №18; Фантазия до минор; Allegro соль минор; Менуэт и Жига.",keep,"Сонаты №4, №5, №10, №18; Фантазия до минор; Allegro соль минор; Менуэт и Жига.",user-facing factual content,none,high
zaryadye-vishnevsky-2026,why,editorial,Сильный пианист и Безносиков в фестивальном контексте; стоит держать в широком пуле.,keep,Сильный пианист и Безносиков в фестивальном контексте; стоит держать в широком пуле.,content-specific editorial reason,none,high
zaryadye-vishnevsky-2026,details,content,Событие Зимнего фестиваля Зарядья.,keep,Событие Зимнего фестиваля Зарядья.,user-facing factual content,none,high
consv-mzk-mamt-2026-12-08,why,generic,Содержательное событие официальной афиши Московской консерватории; добавлено при системном проходе до конца 2026 года.,remove,,generic placeholder plus internal pass provenance,generic_official_listing_system_pass,high
consv-mzk-mamt-2026-12-08,details,empty,,no_action,,field is empty or absent,empty,high
mmdm-7450,why,editorial,Театрально-концертное представление по рассказам Владимира Гиляровского с художественным словом и оркестром имени Осипова.,keep,Театрально-концертное представление по рассказам Владимира Гиляровского с художественным словом и оркестром имени Осипова.,content-specific editorial reason,none,high
mmdm-7450,details,content,Театрально-концертное представление по рассказам В. Гиляровского; режиссёры Людмила и Александр Леонтьевы.,keep,Театрально-концертное представление по рассказам В. Гиляровского; режиссёры Людмила и Александр Леонтьевы.,user-facing factual content,none,high
phil-laul-mozart-2026-12-08,why,technical,Подтверждённая дата полного sweep Московской филармонии до 31.12.2026; включена в широкий календарь без вкусового отсева.,remove,,confirmation/provenance is not an editorial reason,confirmed_placeholder,high
phil-laul-mozart-2026-12-08,details,content,Повтор декабрьской моцартовской программы Петра Лаула.,keep,Повтор декабрьской моцартовской программы Петра Лаула.,user-facing factual content,none,high
zaryadye-cellos-2026,why,mixed,Необычный камерный состав; в широком пуле такой формат должен быть виден.,rewrite_existing_content_only,Необычный камерный состав.,retain only existing event-specific content; remove radar/contour/calendar/inclusion policy wording,process_clause_removed,high
zaryadye-cellos-2026,details,content,Событие Зимнего фестиваля Зарядья.,keep,Событие Зимнего фестиваля Зарядья.,user-facing factual content,none,high
maly-truth-happiness-ordynka-dec26,why,generic,Репертуарная карточка: сохраняем постановку в полном театральном календаре.,remove,,"generic repertoire placeholder, not an editorial reason",repertoire_card_placeholder,high
maly-truth-happiness-ordynka-dec26,details,content,"8 декабря. 2 ч 40 мин, один антракт.",keep,"8 декабря. 2 ч 40 мин, один антракт.",user-facing factual content,none,high
consv-bzk-virtuosi-2026-12-09,why,generic,Событие официальной афиши Московской консерватории; добавлено в проходе до конца 2026 года.,remove,,generic official-listing placeholder plus pass provenance,generic_official_listing_pass,high
consv-bzk-virtuosi-2026-12-09,details,technical,Программа сверяется по официальной карточке.,remove,,source verification or internal process text without user-facing event content,pure_public_provenance,high
consv-mzk-chefanov-kudoyarov-2026-12-09,why,generic,Содержательное событие официальной афиши Московской консерватории; добавлено при системном проходе до конца 2026 года.,remove,,generic placeholder plus internal pass provenance,generic_official_listing_system_pass,high
consv-mzk-chefanov-kudoyarov-2026-12-09,details,empty,,no_action,,field is empty or absent,empty,high
mmdm-7357,why,technical,Подтверждённая позиция полного sweep Московского международного Дома музыки.,remove,,confirmation/provenance is not an editorial reason,confirmed_placeholder,high
mmdm-7357,details,technical,Событие подтверждено официальной афишей Московского международного Дома музыки.,remove,,source verification or internal process text without user-facing event content,pure_public_provenance,high
mmdm-7437,why,editorial,"Сольный фортепианный вечер с широкой программой от Баха и Бетховена до Рахманинова, Пьяццоллы и Таривердиева.",keep,"Сольный фортепианный вечер с широкой программой от Баха и Бетховена до Рахманинова, Пьяццоллы и Таривердиева.",content-specific editorial reason,none,high
mmdm-7437,details,content,"Бах, Бетховен, Шуберт, Шопен, Лист, Рахманинов, Пьяццолла, Таривердиев, Морриконе и др.",keep,"Бах, Бетховен, Шуберт, Шопен, Лист, Рахманинов, Пьяццолла, Таривердиев, Морриконе и др.",user-facing factual content,none,high
phil-schnittke-labyrinths-2026-12-09,why,technical,Подтверждённая дата полного sweep Московской филармонии до 31.12.2026; включена в широкий календарь без вкусового отсева.,remove,,confirmation/provenance is not an editorial reason,confirmed_placeholder,high
phil-schnittke-labyrinths-2026-12-09,details,content,Соната №2 для фортепиано; Струнный квартет №1; Три стихотворения Марины Цветаевой; Струнный квартет №2,keep,Соната №2 для фортепиано; Струнный квартет №1; Три стихотворения Марины Цветаевой; Струнный квартет №2,user-facing factual content,none,high
zaryadye-masleev-2026,why,mixed,"Гершвин, Цфасман, Шостакович в фестивальной программе; хороший широкий кандидат.",rewrite_existing_content_only,"Гершвин, Цфасман, Шостакович в фестивальной программе.",retain only existing event-specific content; remove radar/contour/calendar/inclusion policy wording,process_clause_removed,high
zaryadye-masleev-2026,details,content,"Гершвин, Цфасман, Шостакович.",keep,"Гершвин, Цфасман, Шостакович.",user-facing factual content,none,high
zaryadye-tango-2026-12-09,why,technical,Подтверждено официальной афишей Зала Зарядье в контрольном sweep октября–декабря 2026.,remove,,confirmation/provenance is not an editorial reason,confirmed_placeholder,high
zaryadye-tango-2026-12-09,details,technical,Событие подтверждено официальной афишей Зала Зарядье; актуальные программа и состав — по карточке источника.,remove,,source verification or internal process text without user-facing event content,pure_public_provenance,high
maly-wedding-wedding-dec26,why,generic,Репертуарная карточка: сохраняем постановку в полном театральном календаре.,remove,,"generic repertoire placeholder, not an editorial reason",repertoire_card_placeholder,high
maly-wedding-wedding-dec26,details,content,"9 и 20 декабря. 1 ч 40 мин, один антракт.",keep,"9 и 20 декабря. 1 ч 40 мин, один антракт.",user-facing factual content,none,high
mmdm-6870,why,technical,Подтверждённая позиция полного sweep Московского международного Дома музыки.,remove,,confirmation/provenance is not an editorial reason,confirmed_placeholder,high
mmdm-6870,details,technical,Событие подтверждено официальной афишей Московского международного Дома музыки.,remove,,source verification or internal process text without user-facing event content,pure_public_provenance,high
mmdm-6871,why,editorial,Сценическая танго-программа с одним из ведущих российских танго-оркестров и профессиональными танцевальными парами.,keep,Сценическая танго-программа с одним из ведущих российских танго-оркестров и профессиональными танцевальными парами.,content-specific editorial reason,none,high
mmdm-6871,details,content,Музыка и сценическое аргентинское танго; программа к Международному дню танго.,keep,Музыка и сценическое аргентинское танго; программа к Международному дню танго.,user-facing factual content,none,high
mmdm-7277,why,technical,Подтверждённая позиция полного sweep Московского международного Дома музыки.,remove,,confirmation/provenance is not an editorial reason,confirmed_placeholder,high
mmdm-7277,details,technical,Событие подтверждено официальной афишей Московского международного Дома музыки.,remove,,source verification or internal process text without user-facing event content,pure_public_provenance,high
mmdm-7324,why,technical,Подтверждённая позиция полного sweep Московского международного Дома музыки.,remove,,confirmation/provenance is not an editorial reason,confirmed_placeholder,high
mmdm-7324,details,technical,Событие подтверждено официальной афишей Московского международного Дома музыки.,remove,,source verification or internal process text without user-facing event content,pure_public_provenance,high
phil-beethoven-universe-2026-12-10,why,generic,Содержательное событие официальной афиши Московской филармонии; добавлено при системном проходе ноября–декабря.,remove,,generic placeholder plus internal pass provenance,generic_official_listing_system_pass,high
phil-beethoven-universe-2026-12-10,details,content,Шуберт — Увертюра в итальянском стиле; Гуммель — Концерт для фортепиано и скрипки; Бетховен — Симфония №4.,keep,Шуберт — Увертюра в итальянском стиле; Гуммель — Концерт для фортепиано и скрипки; Бетховен — Симфония №4.,user-facing factual content,none,high
zaryadye-shagimuratova-2026-12-10,why,technical,Подтверждено официальной афишей Зала Зарядье в контрольном sweep октября–декабря 2026.,remove,,confirmation/provenance is not an editorial reason,confirmed_placeholder,high
zaryadye-shagimuratova-2026-12-10,details,technical,Событие подтверждено официальной афишей Зала Зарядье; актуальные программа и состав — по карточке источника.,remove,,source verification or internal process text without user-facing event content,pure_public_provenance,high
maly-tartuffe-dec26,why,generic,Репертуарная карточка: сохраняем постановку в полном театральном календаре.,remove,,"generic repertoire placeholder, not an editorial reason",repertoire_card_placeholder,high
maly-tartuffe-dec26,details,content,"10 и 25 декабря. 2 ч 10 мин, один антракт.",keep,"10 и 25 декабря. 2 ч 10 мин, один антракт.",user-facing factual content,none,high
consv-mzk-fedotov-petrova-2026-12-11,why,generic,Содержательное событие официальной афиши Московской консерватории; добавлено при системном проходе до конца 2026 года.,remove,,generic placeholder plus internal pass provenance,generic_official_listing_system_pass,high
consv-mzk-fedotov-petrova-2026-12-11,details,empty,,no_action,,field is empty or absent,empty,high
mmdm-6861,why,technical,Подтверждённая позиция полного sweep Московского международного Дома музыки.,remove,,confirmation/provenance is not an editorial reason,confirmed_placeholder,high
mmdm-6861,details,technical,Событие подтверждено официальной афишей Московского международного Дома музыки.,remove,,source verification or internal process text without user-facing event content,pure_public_provenance,high
mmdm-6872,why,technical,Подтверждённая позиция полного sweep Московского международного Дома музыки.,remove,,confirmation/provenance is not an editorial reason,confirmed_placeholder,high
mmdm-6872,details,technical,Событие подтверждено официальной афишей Московского международного Дома музыки.,remove,,source verification or internal process text without user-facing event content,pure_public_provenance,high
mmdm-7332,why,technical,Подтверждённая позиция полного sweep Московского международного Дома музыки.,remove,,confirmation/provenance is not an editorial reason,confirmed_placeholder,high
mmdm-7332,details,technical,Событие подтверждено официальной афишей Московского международного Дома музыки.,remove,,source verification or internal process text without user-facing event content,pure_public_provenance,high
mmdm-7502,why,editorial,"Полноценная концертно-хореографическая программа аргентинского танго, а не эстрадный танцевальный номер.",keep,"Полноценная концертно-хореографическая программа аргентинского танго, а не эстрадный танцевальный номер.",content-specific editorial reason,none,high
mmdm-7502,details,content,Solo Tango Orquesta и профессиональные исполнители аргентинского танго.,keep,Solo Tango Orquesta и профессиональные исполнители аргентинского танго.,user-facing factual content,none,high
phil-mad-italy-2026-12-11,why,editorial,Изменённая программа абонемента «От истоков до триумфа барокко»; редкая барочная программа Камерного зала.,keep,Изменённая программа абонемента «От истоков до триумфа барокко»; редкая барочная программа Камерного зала.,content-specific editorial reason,none,high
phil-mad-italy-2026-12-11,details,content,"11 декабря 2026, 19:00. По официальному разделу изменений Филармонии в эту дату исполняется программа «Безумная Италия».",keep,"11 декабря 2026, 19:00. По официальному разделу изменений Филармонии в эту дату исполняется программа «Безумная Италия».",user-facing factual content,none,high
phil-spivakov-npro-2026-12-11,why,technical,Подтверждённая дата полного sweep Московской филармонии до 31.12.2026; включена в широкий календарь без вкусового отсева.,remove,,confirmation/provenance is not an editorial reason,confirmed_placeholder,high
phil-spivakov-npro-2026-12-11,details,content,Прокофьев — фрагменты из «Ромео и Джульетты»; Прокофьев — сюита «Поручик Киже»; Шостакович — Сюита для эстрадного оркестра,keep,Прокофьев — фрагменты из «Ромео и Джульетты»; Прокофьев — сюита «Поручик Киже»; Шостакович — Сюита для эстрадного оркестра,user-facing factual content,none,high
zaryadye-human-voice-waiting-2026-12-11,why,technical,Подтверждено официальной афишей Зала Зарядье в контрольном sweep октября–декабря 2026.,remove,,confirmation/provenance is not an editorial reason,confirmed_placeholder,high
zaryadye-human-voice-waiting-2026-12-11,details,technical,Событие подтверждено официальной афишей Зала Зарядье; актуальные программа и состав — по карточке источника.,remove,,source verification or internal process text without user-facing event content,pure_public_provenance,high
maly-wolves-sheep-dec26,why,generic,Репертуарная карточка: сохраняем постановку в полном театральном календаре.,remove,,"generic repertoire placeholder, not an editorial reason",repertoire_card_placeholder,high
maly-wolves-sheep-dec26,details,content,"11 и 18 декабря. 3 ч 15 мин, один антракт.",keep,"11 и 18 декабря. 3 ч 15 мин, один антракт.",user-facing factual content,none,high
mmdm-6819,why,technical,Подтверждённая позиция полного sweep Московского международного Дома музыки.,remove,,confirmation/provenance is not an editorial reason,confirmed_placeholder,high
mmdm-6819,details,technical,Событие подтверждено официальной афишей Московского международного Дома музыки.,remove,,source verification or internal process text without user-facing event content,pure_public_provenance,high
zaryadye-spivakov-scholars-2026-12-12,why,technical,Подтверждено официальной афишей Зала Зарядье в контрольном sweep октября–декабря 2026.,remove,,confirmation/provenance is not an editorial reason,confirmed_placeholder,high
zaryadye-spivakov-scholars-2026-12-12,details,technical,Событие подтверждено официальной афишей Зала Зарядье; актуальные программа и состав — по карточке источника.,remove,,source verification or internal process text without user-facing event content,pure_public_provenance,high
consv-bzk-three-tenors-christmas-2026-12-12,why,mixed,Праздничный вокально-симфонический концерт в БЗК; включаем в календарь и оставляем решение о релевантности пользователю.,rewrite_existing_content_only,Праздничный вокально-симфонический концерт в БЗК,"retain existing content clause, remove internal inclusion/process clause",content_plus_process_clause,high
consv-bzk-three-tenors-christmas-2026-12-12,details,mixed,Официальная карточка публикует состав исполнителей; детальная программа пока не указана.,rewrite_existing_content_only,Детальная программа пока не указана.,retain user-facing program-status fact; remove source-card provenance,manual_details_source_clause,high
voz-poetry-outside-object-2026-12-12,why,editorial,"Встреча о почтовом искусстве, тексте в пространстве выставки и поэзии как объекте.",keep,"Встреча о почтовом искусстве, тексте в пространстве выставки и поэзии как объекте.",content-specific editorial reason,none,high
voz-poetry-outside-object-2026-12-12,details,content,"12 декабря, 14:00. Ры Никонова, Сергей Сигей, Андрей Вознесенский, Иэн Хэмилтон Финлей, Дженни Хольцер, Лоуренс Вайнер.",keep,"12 декабря, 14:00. Ры Никонова, Сергей Сигей, Андрей Вознесенский, Иэн Хэмилтон Финлей, Дженни Хольцер, Лоуренс Вайнер.",user-facing factual content,none,high
mmdm-7290,why,technical,Подтверждённая позиция полного sweep Московского международного Дома музыки.,remove,,confirmation/provenance is not an editorial reason,confirmed_placeholder,high
mmdm-7290,details,technical,Событие подтверждено официальной афишей Московского международного Дома музыки.,remove,,source verification or internal process text without user-facing event content,pure_public_provenance,high
maly-14-december-dec26,why,generic,Репертуарная карточка: сохраняем постановку в полном театральном календаре.,remove,,"generic repertoire placeholder, not an editorial reason",repertoire_card_placeholder,high
maly-14-december-dec26,details,mixed,12 и 20 декабря. Премьера; точная продолжительность на текущей официальной странице не указана.,rewrite_existing_content_only,12 и 20 декабря. Премьера.,retain dates/premiere; remove official-page availability note,manual_details_source_clause,high
maly-marriage-dec26,why,generic,Репертуарная карточка: сохраняем постановку в полном театральном календаре.,remove,,"generic repertoire placeholder, not an editorial reason",repertoire_card_placeholder,high
maly-marriage-dec26,details,content,"12 декабря. 2 ч 35 мин, один антракт.",keep,"12 декабря. 2 ч 35 мин, один антракт.",user-facing factual content,none,high
consv-bzk-tchaikovsky-gala-2026-12-12,why,generic,Содержательное событие официальной афиши Московской консерватории; добавлено при системном проходе до конца 2026 года.,remove,,generic placeholder plus internal pass provenance,generic_official_listing_system_pass,high
consv-bzk-tchaikovsky-gala-2026-12-12,details,content,«Спящая красавица»; «Лебединое озеро»; «Щелкунчик»; Концерт №1.,keep,«Спящая красавица»; «Лебединое озеро»; «Щелкунчик»; Концерт №1.,user-facing factual content,none,high
mmdm-6873,why,technical,Подтверждённая позиция полного sweep Московского международного Дома музыки.,remove,,confirmation/provenance is not an editorial reason,confirmed_placeholder,high
mmdm-6873,details,technical,Событие подтверждено официальной афишей Московского международного Дома музыки.,remove,,source verification or internal process text without user-facing event content,pure_public_provenance,high
mmdm-7291,why,technical,Подтверждённая позиция полного sweep Московского международного Дома музыки.,remove,,confirmation/provenance is not an editorial reason,confirmed_placeholder,high
mmdm-7291,details,technical,Событие подтверждено официальной афишей Московского международного Дома музыки.,remove,,source verification or internal process text without user-facing event content,pure_public_provenance,high
newopera-magic-flute-12,why,generic,"Концертная опера — отдельная линия радара; не редчайшая вещь, но формат заслуживает места.",remove,,generic/process rationale does not state a concrete event-specific reason,radar_inclusion_policy,high
newopera-magic-flute-12,details,content,2 часа 50 минут с одним антрактом.,keep,2 часа 50 минут с одним антрактом.,user-facing factual content,none,high
phil-emelyanov-chopin-2026-12-12,why,generic,"Релевантное событие официальной афиши Московской филармонии, добавленное в проходе до конца года.",remove,,generic relevance placeholder plus pass provenance,generic_official_listing_pass,high
phil-emelyanov-chopin-2026-12-12,details,content,Шопен — Концерты №1 и №2.,keep,Шопен — Концерты №1 и №2.,user-facing factual content,none,high
zaryadye-magic-flute-screening-2026-12-12,why,technical,Подтверждено официальной афишей Зала Зарядье в контрольном sweep октября–декабря 2026.,remove,,confirmation/provenance is not an editorial reason,confirmed_placeholder,high
zaryadye-magic-flute-screening-2026-12-12,details,technical,Событие подтверждено официальной афишей Зала Зарядье; актуальные программа и состав — по карточке источника.,remove,,source verification or internal process text without user-facing event content,pure_public_provenance,high
mmdm-7032,why,technical,Подтверждённая позиция полного sweep Московского международного Дома музыки.,remove,,confirmation/provenance is not an editorial reason,confirmed_placeholder,high
mmdm-7032,details,technical,Событие подтверждено официальной афишей Московского международного Дома музыки.,remove,,source verification or internal process text without user-facing event content,pure_public_provenance,high
phil-language-cinema-2026-12-13,why,technical,Подтверждённая дата полного sweep Московской филармонии до 31.12.2026; включена в широкий календарь без вкусового отсева.,remove,,confirmation/provenance is not an editorial reason,confirmed_placeholder,high
phil-language-cinema-2026-12-13,details,content,Музыка кино в интерактивном цикле «Язык музыки».,keep,Музыка кино в интерактивном цикле «Язык музыки».,user-facing factual content,none,high
zaryadye-new-year-trees-2026-12-13,why,technical,Подтверждено официальной афишей Зала Зарядье в контрольном sweep октября–декабря 2026.,remove,,confirmation/provenance is not an editorial reason,confirmed_placeholder,high
zaryadye-new-year-trees-2026-12-13,details,technical,Событие подтверждено официальной афишей Зала Зарядье; актуальные программа и состав — по карточке источника.,remove,,source verification or internal process text without user-facing event content,pure_public_provenance,high
mmdm-7280,why,technical,Подтверждённая позиция полного sweep Московского международного Дома музыки.,remove,,confirmation/provenance is not an editorial reason,confirmed_placeholder,high
mmdm-7280,details,technical,Событие подтверждено официальной афишей Московского международного Дома музыки.,remove,,source verification or internal process text without user-facing event content,pure_public_provenance,high
maly-tin-soldier-dec26,why,generic,Репертуарная карточка: сохраняем постановку в полном театральном календаре.,remove,,"generic repertoire placeholder, not an editorial reason",repertoire_card_placeholder,high
maly-tin-soldier-dec26,details,content,13 декабря. 50 минут.,keep,13 декабря. 50 минут.,user-facing factual content,none,high
mmdm-7281,why,technical,Подтверждённая позиция полного sweep Московского международного Дома музыки.,remove,,confirmation/provenance is not an editorial reason,confirmed_placeholder,high
mmdm-7281,details,technical,Событие подтверждено официальной афишей Московского международного Дома музыки.,remove,,source verification or internal process text without user-facing event content,pure_public_provenance,high
newopera-tristan-13,why,editorial,"Полный «Тристан» — событие, которое надо видеть за месяцы, а не за неделю.",keep,"Полный «Тристан» — событие, которое надо видеть за месяцы, а не за неделю.",content-specific editorial reason,none,high
newopera-tristan-13,details,content,Продолжительность 4 часа 40 минут с двумя антрактами.,keep,Продолжительность 4 часа 40 минут с двумя антрактами.,user-facing factual content,none,high
maly-dolly-dec26,why,generic,Репертуарная карточка: сохраняем постановку в полном театральном календаре.,remove,,"generic repertoire placeholder, not an editorial reason",repertoire_card_placeholder,high
maly-dolly-dec26,details,content,"13 декабря. 3 ч 20 мин, один антракт.",keep,"13 декабря. 3 ч 20 мин, один антракт.",user-facing factual content,none,high
maly-inspector-dec26,why,generic,Репертуарная карточка: сохраняем постановку в полном театральном календаре.,remove,,"generic repertoire placeholder, not an editorial reason",repertoire_card_placeholder,high
maly-inspector-dec26,details,content,"13 декабря. 3 ч 55 мин, два антракта.",keep,"13 декабря. 3 ч 55 мин, два антракта.",user-facing factual content,none,high
mmdm-christmas-gala-2026-2026-12-13,why,technical,Подтверждённая позиция полного sweep Московского международного Дома музыки.,remove,,confirmation/provenance is not an editorial reason,confirmed_placeholder,high
mmdm-christmas-gala-2026-2026-12-13,details,technical,Событие подтверждено официальной афишей Московского международного Дома музыки.,remove,,source verification or internal process text without user-facing event content,pure_public_provenance,high
phil-matsuev-solo-2026-12-13,why,technical,Подтверждённая дата полного sweep Московской филармонии до 31.12.2026; включена в широкий календарь без вкусового отсева.,remove,,confirmation/provenance is not an editorial reason,confirmed_placeholder,high
phil-matsuev-solo-2026-12-13,details,content,Сольная фортепианная программа.,keep,Сольная фортепианная программа.,user-facing factual content,none,high
phil-pratum-integrum-italy-russian-court-2026-12-13,why,generic,Содержательное событие официальной афиши Московской филармонии; добавлено при системном проходе ноября–декабря.,remove,,generic placeholder plus internal pass provenance,generic_official_listing_system_pass,high
phil-pratum-integrum-italy-russian-court-2026-12-13,details,content,"Сарти, Верокаи, Манфредини, Березовский, Далольо.",keep,"Сарти, Верокаи, Манфредини, Березовский, Далольо.",user-facing factual content,none,high
zaryadye-midnight-mass-2026-12-13,why,technical,Подтверждено официальной афишей Зала Зарядье в контрольном sweep октября–декабря 2026.,remove,,confirmation/provenance is not an editorial reason,confirmed_placeholder,high
zaryadye-midnight-mass-2026-12-13,details,technical,Событие подтверждено официальной афишей Зала Зарядье; актуальные программа и состав — по карточке источника.,remove,,source verification or internal process text without user-facing event content,pure_public_provenance,high
mmdm-7325,why,technical,Подтверждённая позиция полного sweep Московского международного Дома музыки.,remove,,confirmation/provenance is not an editorial reason,confirmed_placeholder,high
mmdm-7325,details,technical,Событие подтверждено официальной афишей Московского международного Дома музыки.,remove,,source verification or internal process text without user-facing event content,pure_public_provenance,high
mmdm-7443,why,technical,Подтверждённая позиция полного sweep Московского международного Дома музыки.,remove,,confirmation/provenance is not an editorial reason,confirmed_placeholder,high
mmdm-7443,details,technical,Событие подтверждено официальной афишей Московского международного Дома музыки.,remove,,source verification or internal process text without user-facing event content,pure_public_provenance,high
phil-ottoman-music-2026-12-14,why,generic,Содержательное событие официальной афиши Московской филармонии; добавлено при системном проходе ноября–декабря.,remove,,generic placeholder plus internal pass provenance,generic_official_listing_system_pass,high
phil-ottoman-music-2026-12-14,details,empty,,no_action,,field is empty or absent,empty,high
phil-young-talents-2026-12-14,why,technical,Подтверждённая дата полного sweep Московской филармонии до 31.12.2026; включена в широкий календарь без вкусового отсева.,remove,,confirmation/provenance is not an editorial reason,confirmed_placeholder,high
phil-young-talents-2026-12-14,details,content,Гайдн — Концерт №1 для виолончели; Моцарт — Концерт №12 для фортепиано; Равель — «Цыганка»; Рахманинов — Концерт №2 для фортепиано,keep,Гайдн — Концерт №1 для виолончели; Моцарт — Концерт №12 для фортепиано; Равель — «Цыганка»; Рахманинов — Концерт №2 для фортепиано,user-facing factual content,none,high
consv-rach-remembering-future-2026-12-15,why,generic,Содержательное событие официальной афиши Московской консерватории; добавлено при системном проходе до конца 2026 года.,remove,,generic placeholder plus internal pass provenance,generic_official_listing_system_pass,high
consv-rach-remembering-future-2026-12-15,details,empty,,no_action,,field is empty or absent,empty,high
mmdm-7229,why,editorial,"Спектакль по пьесе Людмилы Разумовской о моральном выборе, ответственности и границах компромисса.",keep,"Спектакль по пьесе Людмилы Разумовской о моральном выборе, ответственности и границах компромисса.",content-specific editorial reason,none,high
mmdm-7229,details,content,Пьеса Людмилы Разумовской; режиссёр-постановщик Павел Пархоменко.,keep,Пьеса Людмилы Разумовской; режиссёр-постановщик Павел Пархоменко.,user-facing factual content,none,high
mmdm-7454,why,editorial,"Сильный молодой пианистический состав и программа от Баха и Брамса до Рахманинова, Листа и Шопена; среди исполнителей Даниил Харитонов.",keep,"Сильный молодой пианистический состав и программа от Баха и Брамса до Рахманинова, Листа и Шопена; среди исполнителей Даниил Харитонов.",content-specific editorial reason,none,high
mmdm-7454,details,content,"Брамс, Рахманинов, Лист, Бах, Шопен; у Николь Горгадзе — Прелюдия и фуга до минор из I тома ХТК.",keep,"Брамс, Рахманинов, Лист, Бах, Шопен; у Николь Горгадзе — Прелюдия и фуга до минор из I тома ХТК.",user-facing factual content,none,high
phil-bashmet-berezovsky-2026-12-15,why,generic,Содержательное событие официальной афиши Московской филармонии; добавлено при системном проходе ноября–декабря.,remove,,generic placeholder plus internal pass provenance,generic_official_listing_system_pass,high
phil-bashmet-berezovsky-2026-12-15,details,empty,,no_action,,field is empty or absent,empty,high
maly-woe-wit-dec26,why,generic,Репертуарная карточка: сохраняем постановку в полном театральном календаре.,remove,,"generic repertoire placeholder, not an editorial reason",repertoire_card_placeholder,high
maly-woe-wit-dec26,details,content,"15 декабря. 3 часа, один антракт.",keep,"15 декабря. 3 часа, один антракт.",user-facing factual content,none,high
ges2-gala-2026-12-16,why,editorial,Юбилейный гала-концерт ГЭС-2 с историческим и современным репертуаром.,keep,Юбилейный гала-концерт ГЭС-2 с историческим и современным репертуаром.,content-specific editorial reason,none,high
ges2-gala-2026-12-16,details,content,"В программе заявлены Альбинони, Дюкре и Овсянико-Куликовский; точное время сверить.",keep,"В программе заявлены Альбинони, Дюкре и Овсянико-Куликовский; точное время сверить.",user-facing factual content,none,high
maly-night-tender-2026-12-16,why,editorial,"Камерная психологическая работа по Фицджеральду; лучше соответствует профилю, чем большая часть репертуарной классики Малого.",keep,"Камерная психологическая работа по Фицджеральду; лучше соответствует профилю, чем большая часть репертуарной классики Малого.",content-specific editorial reason,none,high
maly-night-tender-2026-12-16,details,content,16 декабря. 1 ч 50 мин без антракта.,keep,16 декабря. 1 ч 50 мин без антракта.,user-facing factual content,none,high
mmdm-6875,why,technical,Подтверждённая позиция полного sweep Московского международного Дома музыки.,remove,,confirmation/provenance is not an editorial reason,confirmed_placeholder,high
mmdm-6875,details,technical,Событие подтверждено официальной афишей Московского международного Дома музыки.,remove,,source verification or internal process text without user-facing event content,pure_public_provenance,high
mmdm-7333,why,technical,Подтверждённая позиция полного sweep Московского международного Дома музыки.,remove,,confirmation/provenance is not an editorial reason,confirmed_placeholder,high
mmdm-7333,details,technical,Событие подтверждено официальной афишей Московского международного Дома музыки.,remove,,source verification or internal process text without user-facing event content,pure_public_provenance,high
mmdm-7351,why,technical,Подтверждённая позиция полного sweep Московского международного Дома музыки.,remove,,confirmation/provenance is not an editorial reason,confirmed_placeholder,high
mmdm-7351,details,technical,Событие подтверждено официальной афишей Московского международного Дома музыки.,remove,,source verification or internal process text without user-facing event content,pure_public_provenance,high
newopera-tristan-16dec-2026,why,editorial,"Вторая декабрьская дата полного «Тристана», важна для выбора билета.",keep,"Вторая декабрьская дата полного «Тристана», важна для выбора билета.",content-specific editorial reason,none,high
newopera-tristan-16dec-2026,details,content,"16 декабря, 19:00. Полная постановка; продолжительность около 4 ч 40 мин.",keep,"16 декабря, 19:00. Полная постановка; продолжительность около 4 ч 40 мин.",user-facing factual content,none,high
phil-bridges-to-bach-2026-12-16,why,generic,Содержательное событие официальной афиши Московской филармонии; добавлено при системном проходе ноября–декабря.,remove,,generic placeholder plus internal pass provenance,generic_official_listing_system_pass,high
phil-bridges-to-bach-2026-12-16,details,empty,,no_action,,field is empty or absent,empty,high
phil-tatarnikov-volkova-2026-12-16,why,technical,Подтверждённая дата полного sweep Московской филармонии до 31.12.2026; включена в широкий календарь без вкусового отсева.,remove,,confirmation/provenance is not an editorial reason,confirmed_placeholder,high
phil-tatarnikov-volkova-2026-12-16,details,content,Сибелиус — Концерт для скрипки с оркестром; Скрябин — Симфония №3 «Божественная поэма»,keep,Сибелиус — Концерт для скрипки с оркестром; Скрябин — Симфония №3 «Божественная поэма»,user-facing factual content,none,high
maly-krotkaya-dec26,why,generic,Репертуарная карточка: сохраняем постановку в полном театральном календаре.,remove,,"generic repertoire placeholder, not an editorial reason",repertoire_card_placeholder,high
maly-krotkaya-dec26,details,content,"16 декабря. 2 ч 35 мин, один антракт.",keep,"16 декабря. 2 ч 35 мин, один антракт.",user-facing factual content,none,high
maly-player-dec26,why,generic,Репертуарная карточка: сохраняем постановку в полном театральном календаре.,remove,,"generic repertoire placeholder, not an editorial reason",repertoire_card_placeholder,high
maly-player-dec26,details,content,"16 и 27 декабря. 2 ч 30 мин, один антракт.",keep,"16 и 27 декабря. 2 ч 30 мин, один антракт.",user-facing factual content,none,high
maly-carefree-dec26,why,generic,Репертуарная карточка: сохраняем постановку в полном театральном календаре.,remove,,"generic repertoire placeholder, not an editorial reason",repertoire_card_placeholder,high
maly-carefree-dec26,details,content,"17 и 22 декабря. 2 ч 30 мин, один антракт.",keep,"17 и 22 декабря. 2 ч 30 мин, один антракт.",user-facing factual content,none,high
consv-mzk-organ-voice-2026-12-17,why,generic,Содержательное событие официальной афиши Московской консерватории; добавлено при системном проходе до конца 2026 года.,remove,,generic placeholder plus internal pass provenance,generic_official_listing_system_pass,high
consv-mzk-organ-voice-2026-12-17,details,empty,,no_action,,field is empty or absent,empty,high
mmdm-6876,why,technical,Подтверждённая позиция полного sweep Московского международного Дома музыки.,remove,,confirmation/provenance is not an editorial reason,confirmed_placeholder,high
mmdm-6876,details,technical,Событие подтверждено официальной афишей Московского международного Дома музыки.,remove,,source verification or internal process text without user-facing event content,pure_public_provenance,high
mmdm-6877,why,technical,Подтверждённая позиция полного sweep Московского международного Дома музыки.,remove,,confirmation/provenance is not an editorial reason,confirmed_placeholder,high
mmdm-6877,details,technical,Событие подтверждено официальной афишей Московского международного Дома музыки.,remove,,source verification or internal process text without user-facing event content,pure_public_provenance,high
mmdm-6878,why,technical,Подтверждённая позиция полного sweep Московского международного Дома музыки.,remove,,confirmation/provenance is not an editorial reason,confirmed_placeholder,high
mmdm-6878,details,technical,Событие подтверждено официальной афишей Московского международного Дома музыки.,remove,,source verification or internal process text without user-facing event content,pure_public_provenance,high
mmdm-7352,why,technical,Подтверждённая позиция полного sweep Московского международного Дома музыки.,remove,,confirmation/provenance is not an editorial reason,confirmed_placeholder,high
mmdm-7352,details,technical,Событие подтверждено официальной афишей Московского международного Дома музыки.,remove,,source verification or internal process text without user-facing event content,pure_public_provenance,high
phil-chizhevsky-mahler-strauss-2026-12-17,why,generic,"Релевантное событие официальной афиши Московской филармонии, добавленное в проходе до конца года.",remove,,generic relevance placeholder plus pass provenance,generic_official_listing_pass,high
phil-chizhevsky-mahler-strauss-2026-12-17,details,content,Малер — «Волшебный рог мальчика»; Р. Штраус — «Так говорил Заратустра».,keep,Малер — «Волшебный рог мальчика»; Р. Штраус — «Так говорил Заратустра».,user-facing factual content,none,high
phil-contrasts-okolobach-2026-12-17,why,technical,Подтверждённая дата полного sweep Московской филармонии до 31.12.2026; включена в широкий календарь без вкусового отсева.,remove,,confirmation/provenance is not an editorial reason,confirmed_placeholder,high
phil-contrasts-okolobach-2026-12-17,details,content,"Вустин, Амасян, Шуберт, Десятников, Стравинский, Соллима, Тан Дун, Хиндемит, Барток.",keep,"Вустин, Амасян, Шуберт, Десятников, Стравинский, Соллима, Тан Дун, Хиндемит, Барток.",user-facing factual content,none,high
zaryadye-kopachevsky-bso-2026-12-17,why,technical,Подтверждено официальной афишей Зала Зарядье в контрольном sweep октября–декабря 2026.,remove,,confirmation/provenance is not an editorial reason,confirmed_placeholder,high
zaryadye-kopachevsky-bso-2026-12-17,details,technical,Событие подтверждено официальной афишей Зала Зарядье; актуальные программа и состав — по карточке источника.,remove,,source verification or internal process text without user-facing event content,pure_public_provenance,high
maly-anna-karenina-2026-12-17,why,editorial,Современная режиссёрская работа внутри академической сцены; есть отдельная причина смотреть не из-за одного названия Толстого.,keep,Современная режиссёрская работа внутри академической сцены; есть отдельная причина смотреть не из-за одного названия Толстого.,content-specific editorial reason,none,high
maly-anna-karenina-2026-12-17,details,content,"17 и 18 декабря. 3 ч 30 мин, один антракт.",keep,"17 и 18 декабря. 3 ч 30 мин, один антракт.",user-facing factual content,none,high
mmdm-6879,why,technical,Подтверждённая позиция полного sweep Московского международного Дома музыки.,remove,,confirmation/provenance is not an editorial reason,confirmed_placeholder,high
mmdm-6879,details,technical,Событие подтверждено официальной афишей Московского международного Дома музыки.,remove,,source verification or internal process text without user-facing event content,pure_public_provenance,high
mmdm-6978,why,technical,Подтверждённая позиция полного sweep Московского международного Дома музыки.,remove,,confirmation/provenance is not an editorial reason,confirmed_placeholder,high
mmdm-6978,details,technical,Событие подтверждено официальной афишей Московского международного Дома музыки.,remove,,source verification or internal process text without user-facing event content,pure_public_provenance,high
mmdm-7070,why,technical,Подтверждённая позиция полного sweep Московского международного Дома музыки.,remove,,confirmation/provenance is not an editorial reason,confirmed_placeholder,high
mmdm-7070,details,technical,Событие подтверждено официальной афишей Московского международного Дома музыки.,remove,,source verification or internal process text without user-facing event content,pure_public_provenance,high
mmdm-7227,why,editorial,"Традиционное многоголосие донских, кубанских и терских казачьих песен в современной концертной подаче.",keep,"Традиционное многоголосие донских, кубанских и терских казачьих песен в современной концертной подаче.",content-specific editorial reason,none,high
mmdm-7227,details,content,"Старинные казачьи напевы, романсы, походные, исторические и лирические песни; казачий пляс и фланкировка.",keep,"Старинные казачьи напевы, романсы, походные, исторические и лирические песни; казачий пляс и фланкировка.",user-facing factual content,none,high
phil-opera-ghosts-2026-12-18,why,editorial,Необычная камерная программа: оперный репертуар в транскрипциях для контрабаса и фортепиано.,keep,Необычная камерная программа: оперный репертуар в транскрипциях для контрабаса и фортепиано.,content-specific editorial reason,none,high
phil-opera-ghosts-2026-12-18,details,content,"Глинка, Доницетти, Боттезини, Чайковский, Вагнер.",keep,"Глинка, Доницетти, Боттезини, Чайковский, Вагнер.",user-facing factual content,none,high
mmdm-6880,why,technical,Подтверждённая позиция полного sweep Московского международного Дома музыки.,remove,,confirmation/provenance is not an editorial reason,confirmed_placeholder,high
mmdm-6880,details,technical,Событие подтверждено официальной афишей Московского международного Дома музыки.,remove,,source verification or internal process text without user-facing event content,pure_public_provenance,high
mmdm-6881,why,technical,Подтверждённая позиция полного sweep Московского международного Дома музыки.,remove,,confirmation/provenance is not an editorial reason,confirmed_placeholder,high
mmdm-6881,details,technical,Событие подтверждено официальной афишей Московского международного Дома музыки.,remove,,source verification or internal process text without user-facing event content,pure_public_provenance,high
mmdm-7050,why,editorial,"Полноценный музыкальный спектакль по Гоголю с народными мелодиями; содержательный семейный театр, а не чистый развлекательный мюзикловый хвост.",keep,"Полноценный музыкальный спектакль по Гоголю с народными мелодиями; содержательный семейный театр, а не чистый развлекательный мюзикловый хвост.",content-specific editorial reason,none,high
mmdm-7050,details,content,Музыкальный спектакль по мотивам повести Н. В. Гоголя; Камерный музыкальный театр «Эль Арт».,keep,Музыкальный спектакль по мотивам повести Н. В. Гоголя; Камерный музыкальный театр «Эль Арт».,user-facing factual content,none,high
maly-captains-daughter-dec26,why,generic,Репертуарная карточка: сохраняем постановку в полном театральном календаре.,remove,,"generic repertoire placeholder, not an editorial reason",repertoire_card_placeholder,high
maly-captains-daughter-dec26,details,content,"19 декабря: 13:00 и 18:00. 2 ч 20 мин, один антракт.",keep,"19 декабря: 13:00 и 18:00. 2 ч 20 мин, один антракт.",user-facing factual content,none,high
voz-poetry-outside-tape-2026-12-19,why,editorial,"Финальная встреча книжного клуба о голосе, записи, шуме и поэзии на пленке.",keep,"Финальная встреча книжного клуба о голосе, записи, шуме и поэзии на пленке.",content-specific editorial reason,none,high
voz-poetry-outside-tape-2026-12-19,details,content,"19 декабря, 14:00. Егор Летов и Бернар Хайдсик; запись как часть поэтического произведения.",keep,"19 декабря, 14:00. Егор Летов и Бернар Хайдсик; запись как часть поэтического произведения.",user-facing factual content,none,high
mmdm-7390,why,technical,Подтверждённая позиция полного sweep Московского международного Дома музыки.,remove,,confirmation/provenance is not an editorial reason,confirmed_placeholder,high
mmdm-7390,details,technical,Событие подтверждено официальной афишей Московского международного Дома музыки.,remove,,source verification or internal process text without user-facing event content,pure_public_provenance,high
mmdm-7050-2026-12-19-1700,why,editorial,"Полноценный музыкальный спектакль по Гоголю с народными мелодиями; содержательный семейный театр, а не чистый развлекательный мюзикловый хвост.",keep,"Полноценный музыкальный спектакль по Гоголю с народными мелодиями; содержательный семейный театр, а не чистый развлекательный мюзикловый хвост.",content-specific editorial reason,none,high
mmdm-7050-2026-12-19-1700,details,content,Музыкальный спектакль по мотивам повести Н. В. Гоголя; Камерный музыкальный театр «Эль Арт».,keep,Музыкальный спектакль по мотивам повести Н. В. Гоголя; Камерный музыкальный театр «Эль Арт».,user-facing factual content,none,high
zaryadye-lohengrin-19,why,mixed,"Вагнер в Зарядье — событие длинного горизонта, которое нельзя оставлять за пределами оперного радара.",rewrite_existing_content_only,Вагнер в Зарядье.,retain only existing event-specific content; remove radar/contour/calendar/inclusion policy wording,process_clause_removed,high
zaryadye-lohengrin-19,details,technical,Дата и наличие события подтверждаются декабрьской афишей; состав и формат перед покупкой нужно сверить на официальной странице.,remove,,source verification or internal process text without user-facing event content,pure_public_provenance,high
maly-zashchita-luzhina-2026-12-19,why,mixed,"Набоков и психологическая история шахматиста на малой сцене; гораздо ближе к профилю радара, чем массовая «классика для галочки».",rewrite_existing_content_only,Набоков и психологическая история шахматиста на малой сцене.,retain only existing event-specific content; remove radar/contour/calendar/inclusion policy wording,process_clause_removed,high
maly-zashchita-luzhina-2026-12-19,details,content,"19 декабря. 2 ч 15 мин, один антракт.",keep,"19 декабря. 2 ч 15 мин, один антракт.",user-facing factual content,none,high
consv-mzk-new-year-ball-hightime-2026-12-19,why,technical,Подтверждено актуальной официальной декабрьской афишей Московской консерватории при контрольной сверке по дням.,remove,,confirmation/provenance is not an editorial reason,confirmed_placeholder,high
consv-mzk-new-year-ball-hightime-2026-12-19,details,technical,Событие подтверждено актуальной официальной афишей Московской консерватории.,remove,,source verification or internal process text without user-facing event content,pure_public_provenance,high
mmdm-6807,why,technical,Подтверждённая позиция полного sweep Московского международного Дома музыки.,remove,,confirmation/provenance is not an editorial reason,confirmed_placeholder,high
mmdm-6807,details,technical,Событие подтверждено официальной афишей Московского международного Дома музыки.,remove,,source verification or internal process text without user-facing event content,pure_public_provenance,high
mmdm-7347,why,technical,Подтверждённая позиция полного sweep Московского международного Дома музыки.,remove,,confirmation/provenance is not an editorial reason,confirmed_placeholder,high
mmdm-7347,details,technical,Событие подтверждено официальной афишей Московского международного Дома музыки.,remove,,source verification or internal process text without user-facing event content,pure_public_provenance,high
mmdm-7391,why,technical,Подтверждённая позиция полного sweep Московского международного Дома музыки.,remove,,confirmation/provenance is not an editorial reason,confirmed_placeholder,high
mmdm-7391,details,technical,Событие подтверждено официальной афишей Московского международного Дома музыки.,remove,,source verification or internal process text without user-facing event content,pure_public_provenance,high
maly-buratino-dec26,why,generic,Репертуарная карточка: сохраняем постановку в полном театральном календаре.,remove,,"generic repertoire placeholder, not an editorial reason",repertoire_card_placeholder,high
maly-buratino-dec26,details,content,"20 декабря. 1 ч 45 мин, один антракт.",keep,"20 декабря. 1 ч 45 мин, один антракт.",user-facing factual content,none,high
mmdm-6808,why,technical,Подтверждённая позиция полного sweep Московского международного Дома музыки.,remove,,confirmation/provenance is not an editorial reason,confirmed_placeholder,high
mmdm-6808,details,technical,Событие подтверждено официальной афишей Московского международного Дома музыки.,remove,,source verification or internal process text without user-facing event content,pure_public_provenance,high
mmdm-6809,why,technical,Подтверждённая позиция полного sweep Московского международного Дома музыки.,remove,,confirmation/provenance is not an editorial reason,confirmed_placeholder,high
mmdm-6809,details,technical,Событие подтверждено официальной афишей Московского международного Дома музыки.,remove,,source verification or internal process text without user-facing event content,pure_public_provenance,high
phil-mechetina-piano-stories-2026-12-20,why,technical,Подтверждённая дата полного sweep Московской филармонии до 31.12.2026; включена в широкий календарь без вкусового отсева.,remove,,confirmation/provenance is not an editorial reason,confirmed_placeholder,high
phil-mechetina-piano-stories-2026-12-20,details,content,"Бах, Шуман, Григ — концерт с рассказами для подростков и взрослых.",keep,"Бах, Шуман, Григ — концерт с рассказами для подростков и взрослых.",user-facing factual content,none,high
consv-myaskovsky-new-year-organ-2026-12-20,why,editorial,"Хотя это семейный формат, программа с Бахом, Генделем, органом и виолончелью содержательно релевантна и может подойти для похода с Тимофеем.",keep,"Хотя это семейный формат, программа с Бахом, Генделем, органом и виолончелью содержательно релевантна и может подойти для похода с Тимофеем.",content-specific editorial reason,none,high
consv-myaskovsky-new-year-organ-2026-12-20,details,content,"Бах, Гедике, Гендель, Элгар.",keep,"Бах, Гедике, Гендель, Элгар.",user-facing factual content,none,high
mmdm-7413,why,technical,Подтверждённая позиция полного sweep Московского международного Дома музыки.,remove,,confirmation/provenance is not an editorial reason,confirmed_placeholder,high
mmdm-7413,details,technical,Событие подтверждено официальной афишей Московского международного Дома музыки.,remove,,source verification or internal process text without user-facing event content,pure_public_provenance,high
zaryadye-lohengrin-20,why,editorial,Вторая дата важна для выбора и билетов.,keep,Вторая дата важна для выбора и билетов.,content-specific editorial reason,none,high
zaryadye-lohengrin-20,details,content,Повторный показ 20 декабря.,keep,Повторный показ 20 декабря.,user-facing factual content,none,high
consv-bzk-vishnevsky-2026-12-20,why,generic,Содержательное событие официальной афиши Московской консерватории; добавлено при системном проходе до конца 2026 года.,remove,,generic placeholder plus internal pass provenance,generic_official_listing_system_pass,high
consv-bzk-vishnevsky-2026-12-20,details,content,Мусоргский — «Картинки с выставки»; Чайковский–Плетнёв — концертная сюита из «Спящей красавицы».,keep,Мусоргский — «Картинки с выставки»; Чайковский–Плетнёв — концертная сюита из «Спящей красавицы».,user-facing factual content,none,high
mmdm-7252,why,technical,Подтверждённая позиция полного sweep Московского международного Дома музыки.,remove,,confirmation/provenance is not an editorial reason,confirmed_placeholder,high
mmdm-7252,details,technical,Событие подтверждено официальной афишей Московского международного Дома музыки.,remove,,source verification or internal process text without user-facing event content,pure_public_provenance,high
mmdm-7349,why,technical,Подтверждённая позиция полного sweep Московского международного Дома музыки.,remove,,confirmation/provenance is not an editorial reason,confirmed_placeholder,high
mmdm-7349,details,technical,Событие подтверждено официальной афишей Московского международного Дома музыки.,remove,,source verification or internal process text without user-facing event content,pure_public_provenance,high
mmdm-7404,why,technical,Подтверждённая позиция полного sweep Московского международного Дома музыки.,remove,,confirmation/provenance is not an editorial reason,confirmed_placeholder,high
mmdm-7404,details,technical,Событие подтверждено официальной афишей Московского международного Дома музыки.,remove,,source verification or internal process text without user-facing event content,pure_public_provenance,high
mmdm-6983,why,editorial,Сценическая интерпретация Булгакова средствами национального испанского танца и музыки фламенко.,keep,Сценическая интерпретация Булгакова средствами национального испанского танца и музыки фламенко.,content-specific editorial reason,none,high
mmdm-6983,details,content,Фламенко-спектакль по мотивам романа «Мастер и Маргарита»; театр Flamenco Live.,keep,Фламенко-спектакль по мотивам романа «Мастер и Маргарита»; театр Flamenco Live.,user-facing factual content,none,high
mmdm-7329,why,technical,Подтверждённая позиция полного sweep Московского международного Дома музыки.,remove,,confirmation/provenance is not an editorial reason,confirmed_placeholder,high
mmdm-7329,details,technical,Событие подтверждено официальной афишей Московского международного Дома музыки.,remove,,source verification or internal process text without user-facing event content,pure_public_provenance,high
mmdm-7421,why,editorial,"Современная сценическая версия пушкинского романа в стихах с сильным актёрским составом, живой музыкальной линией и ансамблем «4:33».",keep,"Современная сценическая версия пушкинского романа в стихах с сильным актёрским составом, живой музыкальной линией и ансамблем «4:33».",content-specific editorial reason,none,high
mmdm-7421,details,content,"Спектакль по «Евгению Онегину»; композитор Денис Калинский, режиссёр и автор сценической версии Наталья Семенова.",keep,"Спектакль по «Евгению Онегину»; композитор Денис Калинский, режиссёр и автор сценической версии Наталья Семенова.",user-facing factual content,none,high
mmdm-7481,why,editorial,Литературно-музыкальная программа по «Маленьким трагедиям» Пушкина с Алексеем Гуськовым и оркестром имени Некрасова.,keep,Литературно-музыкальная программа по «Маленьким трагедиям» Пушкина с Алексеем Гуськовым и оркестром имени Некрасова.,content-specific editorial reason,none,high
mmdm-7481,details,content,"А. Пушкин — «Пир во время чумы», «Каменный гость»; классическая музыка русских и зарубежных композиторов.",keep,"А. Пушкин — «Пир во время чумы», «Каменный гость»; классическая музыка русских и зарубежных композиторов.",user-facing factual content,none,high
phil-nonhunting-stories-2026-12-21,why,technical,Подтверждённая дата полного sweep Московской филармонии до 31.12.2026; включена в широкий календарь без вкусового отсева.,remove,,confirmation/provenance is not an editorial reason,confirmed_placeholder,high
phil-nonhunting-stories-2026-12-21,details,content,Литературный вечер Павла Любимцева.,keep,Литературный вечер Павла Любимцева.,user-facing factual content,none,high
phil-zakharova-repin-pas-de-de-2026-12-21,why,editorial,Содержательный межжанровый проект музыки и балета; отдельная декабрьская дата КЗЧ.,keep,Содержательный межжанровый проект музыки и балета; отдельная декабрьская дата КЗЧ.,content-specific editorial reason,none,high
phil-zakharova-repin-pas-de-de-2026-12-21,details,content,Концерт в одном отделении.,keep,Концерт в одном отделении.,user-facing factual content,none,high
zaryadye-rostropovich100-2026-12-21,why,technical,Подтверждено официальной афишей Зала Зарядье в контрольном sweep октября–декабря 2026.,remove,,confirmation/provenance is not an editorial reason,confirmed_placeholder,high
zaryadye-rostropovich100-2026-12-21,details,technical,Событие подтверждено официальной афишей Зала Зарядье; актуальные программа и состав — по карточке источника.,remove,,source verification or internal process text without user-facing event content,pure_public_provenance,high
helikon-fledermaus-dec-2026,why,generic,Предновогодний репертуарный блок; сохраняем в полном оперном календаре.,remove,,generic/process rationale does not state a concrete event-specific reason,calendar_presence_policy,high
helikon-fledermaus-dec-2026,details,content,Показы 22 и 26 декабря.,keep,Показы 22 и 26 декабря.,user-facing factual content,none,high
mmdm-6810,why,technical,Подтверждённая позиция полного sweep Московского международного Дома музыки.,remove,,confirmation/provenance is not an editorial reason,confirmed_placeholder,high
mmdm-6810,details,technical,Событие подтверждено официальной афишей Московского международного Дома музыки.,remove,,source verification or internal process text without user-facing event content,pure_public_provenance,high
mmdm-7257,why,technical,Подтверждённая позиция полного sweep Московского международного Дома музыки.,remove,,confirmation/provenance is not an editorial reason,confirmed_placeholder,high
mmdm-7257,details,technical,Событие подтверждено официальной афишей Московского международного Дома музыки.,remove,,source verification or internal process text without user-facing event content,pure_public_provenance,high
mmdm-7400,why,technical,Подтверждённая позиция полного sweep Московского международного Дома музыки.,remove,,confirmation/provenance is not an editorial reason,confirmed_placeholder,high
mmdm-7400,details,technical,Событие подтверждено официальной афишей Московского международного Дома музыки.,remove,,source verification or internal process text without user-facing event content,pure_public_provenance,high
zaryadye-pratum-2026,why,editorial,Исторически информированное исполнение и небанальный репертуар вокруг Бетховена.,keep,Исторически информированное исполнение и небанальный репертуар вокруг Бетховена.,content-specific editorial reason,none,high
zaryadye-pratum-2026,details,content,Квартет Pratum Integrum. Программа «Соперники Бетховена».,keep,Квартет Pratum Integrum. Программа «Соперники Бетховена».,user-facing factual content,none,high
maly-eight-women-dec26,why,generic,Репертуарная карточка: сохраняем постановку в полном театральном календаре.,remove,,"generic repertoire placeholder, not an editorial reason",repertoire_card_placeholder,high
maly-eight-women-dec26,details,content,"22 декабря. 2 ч 30 мин, один антракт.",keep,"22 декабря. 2 ч 30 мин, один антракт.",user-facing factual content,none,high
maly-krechinsky-dec26,why,generic,Репертуарная карточка: сохраняем постановку в полном театральном календаре.,remove,,"generic repertoire placeholder, not an editorial reason",repertoire_card_placeholder,high
maly-krechinsky-dec26,details,content,"22 декабря. Мюзикл, 2 ч 20 мин, один антракт.",keep,"22 декабря. Мюзикл, 2 ч 20 мин, один антракт.",user-facing factual content,none,high
mmdm-7086,why,technical,Подтверждённая позиция полного sweep Московского международного Дома музыки.,remove,,confirmation/provenance is not an editorial reason,confirmed_placeholder,high
mmdm-7086,details,content,Мероприятие перенесено 22.12.2026 с 19:00 на 22:30; в базе хранится актуальное время.,keep,Мероприятие перенесено 22.12.2026 с 19:00 на 22:30; в базе хранится актуальное время.,user-facing factual content,none,high
helikon-christmas-ball-2026,why,mixed,Сезонная театрально-музыкальная программа; сохраняем как часть полного календаря.,rewrite_existing_content_only,Сезонная театрально-музыкальная программа,"retain existing content clause, remove internal inclusion/process clause",content_plus_process_clause,high
helikon-christmas-ball-2026,details,content,Показы 23–26 декабря.,keep,Показы 23–26 декабря.,user-facing factual content,none,high
maly-sandman-dec26,why,generic,Репертуарная карточка: сохраняем постановку в полном театральном календаре.,remove,,"generic repertoire placeholder, not an editorial reason",repertoire_card_placeholder,high
maly-sandman-dec26,details,content,23 декабря в 18:30 и 27 декабря в 14:00. 1 ч 20 мин без антракта.,keep,23 декабря в 18:30 и 27 декабря в 14:00. 1 ч 20 мин без антракта.,user-facing factual content,none,high
mmdm-6811,why,technical,Подтверждённая позиция полного sweep Московского международного Дома музыки.,remove,,confirmation/provenance is not an editorial reason,confirmed_placeholder,high
mmdm-6811,details,technical,Событие подтверждено официальной афишей Московского международного Дома музыки.,remove,,source verification or internal process text without user-facing event content,pure_public_provenance,high
mmdm-7326,why,technical,Подтверждённая позиция полного sweep Московского международного Дома музыки.,remove,,confirmation/provenance is not an editorial reason,confirmed_placeholder,high
mmdm-7326,details,technical,Событие подтверждено официальной афишей Московского международного Дома музыки.,remove,,source verification or internal process text without user-facing event content,pure_public_provenance,high
mmdm-7334,why,technical,Подтверждённая позиция полного sweep Московского международного Дома музыки.,remove,,confirmation/provenance is not an editorial reason,confirmed_placeholder,high
mmdm-7334,details,technical,Событие подтверждено официальной афишей Московского международного Дома музыки.,remove,,source verification or internal process text without user-facing event content,pure_public_provenance,high
phil-berezovsky-dohnanyi-scriabin-2026-12-23,why,generic,Содержательное событие официальной афиши Московской филармонии; добавлено при системном проходе ноября–декабря.,remove,,generic placeholder plus internal pass provenance,generic_official_listing_system_pass,high
phil-berezovsky-dohnanyi-scriabin-2026-12-23,details,content,Донаньи — Вариации на тему детской песенки; Скрябин — Фортепианный концерт.,keep,Донаньи — Вариации на тему детской песенки; Скрябин — Фортепианный концерт.,user-facing factual content,none,high
zaryadye-arielle-christmas-2026-12-23,why,technical,Подтверждено официальной афишей Зала Зарядье в контрольном sweep октября–декабря 2026.,remove,,confirmation/provenance is not an editorial reason,confirmed_placeholder,high
zaryadye-arielle-christmas-2026-12-23,details,technical,Событие подтверждено официальной афишей Зала Зарядье; актуальные программа и состав — по карточке источника.,remove,,source verification or internal process text without user-facing event content,pure_public_provenance,high
maly-dogs-heart-dec26,why,generic,Репертуарная карточка: сохраняем постановку в полном театральном календаре.,remove,,"generic repertoire placeholder, not an editorial reason",repertoire_card_placeholder,high
maly-dogs-heart-dec26,details,content,"23 декабря. 2 ч 30 мин, один антракт.",keep,"23 декабря. 2 ч 30 мин, один антракт.",user-facing factual content,none,high
maly-madrid-court-dec26,why,generic,Репертуарная карточка: сохраняем постановку в полном театральном календаре.,remove,,"generic repertoire placeholder, not an editorial reason",repertoire_card_placeholder,high
maly-madrid-court-dec26,details,content,"23 декабря. 3 часа, один антракт.",keep,"23 декабря. 3 часа, один антракт.",user-facing factual content,none,high
newopera-quiet-evening-2026-12-24,why,editorial,Традиционный концерт с намеренно не объявляемой заранее программой.,keep,Традиционный концерт с намеренно не объявляемой заранее программой.,content-specific editorial reason,none,high
newopera-quiet-evening-2026-12-24,details,content,24 декабря 2026; программа впервые не объявляется заранее.,keep,24 декабря 2026; программа впервые не объявляется заранее.,user-facing factual content,none,high
mmdm-6813,why,technical,Подтверждённая позиция полного sweep Московского международного Дома музыки.,remove,,confirmation/provenance is not an editorial reason,confirmed_placeholder,high
mmdm-6813,details,technical,Событие подтверждено официальной афишей Московского международного Дома музыки.,remove,,source verification or internal process text without user-facing event content,pure_public_provenance,high
mmdm-7026,why,technical,Подтверждённая позиция полного sweep Московского международного Дома музыки.,remove,,confirmation/provenance is not an editorial reason,confirmed_placeholder,high
mmdm-7026,details,technical,Событие подтверждено официальной афишей Московского международного Дома музыки.,remove,,source verification or internal process text without user-facing event content,pure_public_provenance,high
mmdm-7363,why,technical,Подтверждённая позиция полного sweep Московского международного Дома музыки.,remove,,confirmation/provenance is not an editorial reason,confirmed_placeholder,high
mmdm-7363,details,technical,Событие подтверждено официальной афишей Московского международного Дома музыки.,remove,,source verification or internal process text without user-facing event content,pure_public_provenance,high
mmdm-7407,why,technical,Подтверждённая позиция полного sweep Московского международного Дома музыки.,remove,,confirmation/provenance is not an editorial reason,confirmed_placeholder,high
mmdm-7407,details,technical,Событие подтверждено официальной афишей Московского международного Дома музыки.,remove,,source verification or internal process text without user-facing event content,pure_public_provenance,high
zaryadye-cherevichki-2026,why,editorial,Не самый часто встречающийся Чайковский; хороший кандидат для отдельного оперного слоя.,keep,Не самый часто встречающийся Чайковский; хороший кандидат для отдельного оперного слоя.,content-specific editorial reason,none,high
zaryadye-cherevichki-2026,details,content,Опера «Черевички» в Большом зале Зарядья.,keep,Опера «Черевички» в Большом зале Зарядья.,user-facing factual content,none,high
maly-players-gogol-dec26,why,generic,Репертуарная карточка: сохраняем постановку в полном театральном календаре.,remove,,"generic repertoire placeholder, not an editorial reason",repertoire_card_placeholder,high
maly-players-gogol-dec26,details,content,"24 декабря. 2 ч 30 мин, один антракт.",keep,"24 декабря. 2 ч 30 мин, один антракт.",user-facing factual content,none,high
mmdm-7087,why,technical,Подтверждённая позиция полного sweep Московского международного Дома музыки.,remove,,confirmation/provenance is not an editorial reason,confirmed_placeholder,high
mmdm-7087,details,technical,Событие подтверждено официальной афишей Московского международного Дома музыки.,remove,,source verification or internal process text without user-facing event content,pure_public_provenance,high
consv-mzk-borodin-quartet-2026-12-25,why,generic,Содержательное событие официальной афиши Московской консерватории; добавлено при системном проходе до конца 2026 года.,remove,,generic placeholder plus internal pass provenance,generic_official_listing_system_pass,high
consv-mzk-borodin-quartet-2026-12-25,details,empty,,no_action,,field is empty or absent,empty,high
mmdm-6814,why,technical,Подтверждённая позиция полного sweep Московского международного Дома музыки.,remove,,confirmation/provenance is not an editorial reason,confirmed_placeholder,high
mmdm-6814,details,technical,Событие подтверждено официальной афишей Московского международного Дома музыки.,remove,,source verification or internal process text without user-facing event content,pure_public_provenance,high
mmdm-6819-2026-12-25-1900,why,technical,Подтверждённая позиция полного sweep Московского международного Дома музыки.,remove,,confirmation/provenance is not an editorial reason,confirmed_placeholder,high
mmdm-6819-2026-12-25-1900,details,technical,Событие подтверждено официальной афишей Московского международного Дома музыки.,remove,,source verification or internal process text without user-facing event content,pure_public_provenance,high
mmdm-7401,why,technical,Подтверждённая позиция полного sweep Московского международного Дома музыки.,remove,,confirmation/provenance is not an editorial reason,confirmed_placeholder,high
mmdm-7401,details,technical,Событие подтверждено официальной афишей Московского международного Дома музыки.,remove,,source verification or internal process text without user-facing event content,pure_public_provenance,high
mmdm-7402,why,technical,Подтверждённая позиция полного sweep Московского международного Дома музыки.,remove,,confirmation/provenance is not an editorial reason,confirmed_placeholder,high
mmdm-7402,details,technical,Событие подтверждено официальной афишей Московского международного Дома музыки.,remove,,source verification or internal process text without user-facing event content,pure_public_provenance,high
phil-mkhitaryan-avetisyan-2026-12-25,why,technical,Подтверждённая дата полного sweep Московской филармонии до 31.12.2026; включена в широкий календарь без вкусового отсева.,remove,,confirmation/provenance is not an editorial reason,confirmed_placeholder,high
phil-mkhitaryan-avetisyan-2026-12-25,details,content,Вокально-симфонический вечер; детальная программа на странице пока не опубликована.,keep,Вокально-симфонический вечер; детальная программа на странице пока не опубликована.,user-facing factual content,none,high
mmdm-7088,why,technical,Подтверждённая позиция полного sweep Московского международного Дома музыки.,remove,,confirmation/provenance is not an editorial reason,confirmed_placeholder,high
mmdm-7088,details,technical,Событие подтверждено официальной афишей Московского международного Дома музыки.,remove,,source verification or internal process text without user-facing event content,pure_public_provenance,high
newopera-nutcracker-untold-2026-12-26,why,editorial,Танцевальная интерпретация партитуры Чайковского; отдельная балетная линия раздела «Опера / балет».,keep,Танцевальная интерпретация партитуры Чайковского; отдельная балетная линия раздела «Опера / балет».,content-specific editorial reason,none,high
newopera-nutcracker-untold-2026-12-26,details,content,Показы 26 и 27 декабря.,keep,Показы 26 и 27 декабря.,user-facing factual content,none,high
maly-minor-dec26,why,generic,Репертуарная карточка: сохраняем постановку в полном театральном календаре.,remove,,"generic repertoire placeholder, not an editorial reason",repertoire_card_placeholder,high
maly-minor-dec26,details,content,"26 декабря. 2 ч 20 мин, один антракт.",keep,"26 декабря. 2 ч 20 мин, один антракт.",user-facing factual content,none,high
mmdm-6815,why,technical,Подтверждённая позиция полного sweep Московского международного Дома музыки.,remove,,confirmation/provenance is not an editorial reason,confirmed_placeholder,high
mmdm-6815,details,technical,Событие подтверждено официальной афишей Московского международного Дома музыки.,remove,,source verification or internal process text without user-facing event content,pure_public_provenance,high
mmdm-7327,why,technical,Подтверждённая позиция полного sweep Московского международного Дома музыки.,remove,,confirmation/provenance is not an editorial reason,confirmed_placeholder,high
mmdm-7327,details,technical,Событие подтверждено официальной афишей Московского международного Дома музыки.,remove,,source verification or internal process text without user-facing event content,pure_public_provenance,high
maly-snowdrops-queen-dec26,why,generic,Репертуарная карточка: сохраняем постановку в полном театральном календаре.,remove,,"generic repertoire placeholder, not an editorial reason",repertoire_card_placeholder,high
maly-snowdrops-queen-dec26,details,content,"26 декабря: 13:00 и 18:00. 2 ч 15 мин, один антракт.",keep,"26 декабря: 13:00 и 18:00. 2 ч 15 мин, один антракт.",user-facing factual content,none,high
consv-mzk-nutcracker-sand-animation-2026-12-26,why,technical,Подтверждено актуальной официальной декабрьской афишей Московской консерватории при контрольной сверке по дням.,remove,,confirmation/provenance is not an editorial reason,confirmed_placeholder,high
consv-mzk-nutcracker-sand-animation-2026-12-26,details,technical,Событие подтверждено актуальной официальной афишей Московской консерватории.,remove,,source verification or internal process text without user-facing event content,pure_public_provenance,high
consv-rach-krakatuk-mouse-king-2026-12-26,why,technical,Подтверждено актуальной официальной декабрьской афишей Московской консерватории при контрольной сверке по дням.,remove,,confirmation/provenance is not an editorial reason,confirmed_placeholder,high
consv-rach-krakatuk-mouse-king-2026-12-26,details,technical,Событие подтверждено актуальной официальной афишей Московской консерватории.,remove,,source verification or internal process text without user-facing event content,pure_public_provenance,high
mmdm-7392,why,technical,Подтверждённая позиция полного sweep Московского международного Дома музыки.,remove,,confirmation/provenance is not an editorial reason,confirmed_placeholder,high
mmdm-7392,details,technical,Событие подтверждено официальной афишей Московского международного Дома музыки.,remove,,source verification or internal process text without user-facing event content,pure_public_provenance,high
maly-physicists-dec26,why,generic,Репертуарная карточка: сохраняем постановку в полном театральном календаре.,remove,,"generic repertoire placeholder, not an editorial reason",repertoire_card_placeholder,high
maly-physicists-dec26,details,content,"26 декабря. 2 ч 40 мин, один антракт.",keep,"26 декабря. 2 ч 40 мин, один антракт.",user-facing factual content,none,high
consv-mzk-nersesyan-2026-12-26,why,generic,Событие официальной афиши Московской консерватории; добавлено в проходе до конца 2026 года.,remove,,generic official-listing placeholder plus pass provenance,generic_official_listing_pass,high
consv-mzk-nersesyan-2026-12-26,details,content,Сольный вечер.,keep,Сольный вечер.,user-facing factual content,none,high
mmdm-6816,why,editorial,Литературно-музыкальный проект по Гофману: художественное слово Даниила Спиваковского и ансамбль Antonio Orchestra.,keep,Литературно-музыкальный проект по Гофману: художественное слово Даниила Спиваковского и ансамбль Antonio Orchestra.,content-specific editorial reason,none,high
mmdm-6816,details,content,Фантастическая трагикомедия Э. Т. А. Гофмана в исполнении Даниила Спиваковского; музыка выступает полноценным партнёром художественного слова.,keep,Фантастическая трагикомедия Э. Т. А. Гофмана в исполнении Даниила Спиваковского; музыка выступает полноценным партнёром художественного слова.,user-facing factual content,none,high
mmdm-7364,why,technical,Подтверждённая позиция полного sweep Московского международного Дома музыки.,remove,,confirmation/provenance is not an editorial reason,confirmed_placeholder,high
mmdm-7364,details,technical,Событие подтверждено официальной афишей Московского международного Дома музыки.,remove,,source verification or internal process text without user-facing event content,pure_public_provenance,high
mmdm-7393,why,technical,Подтверждённая позиция полного sweep Московского международного Дома музыки.,remove,,confirmation/provenance is not an editorial reason,confirmed_placeholder,high
mmdm-7393,details,technical,Событие подтверждено официальной афишей Московского международного Дома музыки.,remove,,source verification or internal process text without user-facing event content,pure_public_provenance,high
phil-lugansky-brahms-beethoven-2026-12-26,why,generic,Содержательное событие официальной афиши Московской филармонии; добавлено при системном проходе ноября–декабря.,remove,,generic placeholder plus internal pass provenance,generic_official_listing_system_pass,high
phil-lugansky-brahms-beethoven-2026-12-26,details,content,Брамс — Концерт №1; Бетховен — Симфония №7.,keep,Брамс — Концерт №1; Бетховен — Симфония №7.,user-facing factual content,none,high
zaryadye-kasprov-2026-12-26,why,technical,Подтверждено официальной афишей Зала Зарядье в контрольном sweep октября–декабря 2026.,remove,,confirmation/provenance is not an editorial reason,confirmed_placeholder,high
zaryadye-kasprov-2026-12-26,details,technical,Событие подтверждено официальной афишей Зала Зарядье; актуальные программа и состав — по карточке источника.,remove,,source verification or internal process text without user-facing event content,pure_public_provenance,high
mmdm-6817,why,technical,Подтверждённая позиция полного sweep Московского международного Дома музыки.,remove,,confirmation/provenance is not an editorial reason,confirmed_placeholder,high
mmdm-6817,details,technical,Событие подтверждено официальной афишей Московского международного Дома музыки.,remove,,source verification or internal process text without user-facing event content,pure_public_provenance,high
mmdm-6818,why,technical,Подтверждённая позиция полного sweep Московского международного Дома музыки.,remove,,confirmation/provenance is not an editorial reason,confirmed_placeholder,high
mmdm-6818,details,technical,Событие подтверждено официальной афишей Московского международного Дома музыки.,remove,,source verification or internal process text without user-facing event content,pure_public_provenance,high
consv-mzk-nutcracker-sand-animation-2026-12-27,why,technical,Подтверждено актуальной официальной декабрьской афишей Московской консерватории при контрольной сверке по дням.,remove,,confirmation/provenance is not an editorial reason,confirmed_placeholder,high
consv-mzk-nutcracker-sand-animation-2026-12-27,details,technical,Событие подтверждено актуальной официальной афишей Московской консерватории.,remove,,source verification or internal process text without user-facing event content,pure_public_provenance,high
mmdm-7394,why,technical,Подтверждённая позиция полного sweep Московского международного Дома музыки.,remove,,confirmation/provenance is not an editorial reason,confirmed_placeholder,high
mmdm-7394,details,technical,Событие подтверждено официальной афишей Московского международного Дома музыки.,remove,,source verification or internal process text without user-facing event content,pure_public_provenance,high
mmdm-6820,why,technical,Подтверждённая позиция полного sweep Московского международного Дома музыки.,remove,,confirmation/provenance is not an editorial reason,confirmed_placeholder,high
mmdm-6820,details,technical,Событие подтверждено официальной афишей Московского международного Дома музыки.,remove,,source verification or internal process text without user-facing event content,pure_public_provenance,high
maly-lev-gurych-dec26,why,generic,Репертуарная карточка: сохраняем постановку в полном театральном календаре.,remove,,"generic repertoire placeholder, not an editorial reason",repertoire_card_placeholder,high
maly-lev-gurych-dec26,details,content,"27 и 30 декабря. 27 декабря в 18:00 активен «Лев Гурыч Синичкин»; объявленная на тот же слот «Женитьба Бальзаминова» отменена. 2 ч 20 мин, один антракт.",keep,"27 и 30 декабря. 27 декабря в 18:00 активен «Лев Гурыч Синичкин»; объявленная на тот же слот «Женитьба Бальзаминова» отменена. 2 ч 20 мин, один антракт.",user-facing factual content,none,high
maly-hangover-dec26,why,generic,Репертуарная карточка: сохраняем постановку в полном театральном календаре.,remove,,"generic repertoire placeholder, not an editorial reason",repertoire_card_placeholder,high
maly-hangover-dec26,details,content,27 декабря. 1 ч 40 мин без антракта.,keep,27 декабря. 1 ч 40 мин без антракта.,user-facing factual content,none,high
mmdm-6822,why,technical,Подтверждённая позиция полного sweep Московского международного Дома музыки.,remove,,confirmation/provenance is not an editorial reason,confirmed_placeholder,high
mmdm-6822,details,technical,Событие подтверждено официальной афишей Московского международного Дома музыки.,remove,,source verification or internal process text without user-facing event content,pure_public_provenance,high
mmdm-7395,why,technical,Подтверждённая позиция полного sweep Московского международного Дома музыки.,remove,,confirmation/provenance is not an editorial reason,confirmed_placeholder,high
mmdm-7395,details,technical,Событие подтверждено официальной афишей Московского международного Дома музыки.,remove,,source verification or internal process text without user-facing event content,pure_public_provenance,high
consv-mzk-knyazev-brahms-2026-12-28,why,generic,Содержательное событие официальной афиши Московской консерватории; добавлено при системном проходе до конца 2026 года.,remove,,generic placeholder plus internal pass provenance,generic_official_listing_system_pass,high
consv-mzk-knyazev-brahms-2026-12-28,details,empty,,no_action,,field is empty or absent,empty,high
mmdm-6823,why,technical,Подтверждённая позиция полного sweep Московского международного Дома музыки.,remove,,confirmation/provenance is not an editorial reason,confirmed_placeholder,high
mmdm-6823,details,technical,Событие подтверждено официальной афишей Московского международного Дома музыки.,remove,,source verification or internal process text without user-facing event content,pure_public_provenance,high
mmdm-7330,why,technical,Подтверждённая позиция полного sweep Московского международного Дома музыки.,remove,,confirmation/provenance is not an editorial reason,confirmed_placeholder,high
mmdm-7330,details,technical,Событие подтверждено официальной афишей Московского международного Дома музыки.,remove,,source verification or internal process text without user-facing event content,pure_public_provenance,high
mmdm-7443-2026-12-28-1900,why,technical,Подтверждённая позиция полного sweep Московского международного Дома музыки.,remove,,confirmation/provenance is not an editorial reason,confirmed_placeholder,high
mmdm-7443-2026-12-28-1900,details,technical,Событие подтверждено официальной афишей Московского международного Дома музыки.,remove,,source verification or internal process text without user-facing event content,pure_public_provenance,high
phil-martynov-book-changes-2026-12-28,why,editorial,Прямой watchlist: Владимир Мартынов и Татьяна Гринденко; страница абонемента подтверждает отдельный концерт 28.12.2026.,keep,Прямой watchlist: Владимир Мартынов и Татьяна Гринденко; страница абонемента подтверждает отдельный концерт 28.12.2026.,content-specific editorial reason,none,high
phil-martynov-book-changes-2026-12-28,details,content,Владимир Мартынов — «Книга перемен».,keep,Владимир Мартынов — «Книга перемен».,user-facing factual content,none,high
mmdm-6824,why,technical,Подтверждённая позиция полного sweep Московского международного Дома музыки.,remove,,confirmation/provenance is not an editorial reason,confirmed_placeholder,high
mmdm-6824,details,technical,Событие подтверждено официальной афишей Московского международного Дома музыки.,remove,,source verification or internal process text without user-facing event content,pure_public_provenance,high
mmdm-7089,why,technical,Подтверждённая позиция полного sweep Московского международного Дома музыки.,remove,,confirmation/provenance is not an editorial reason,confirmed_placeholder,high
mmdm-7089,details,technical,Событие подтверждено официальной афишей Московского международного Дома музыки.,remove,,source verification or internal process text without user-facing event content,pure_public_provenance,high
mmdm-7444,why,technical,Подтверждённая позиция полного sweep Московского международного Дома музыки.,remove,,confirmation/provenance is not an editorial reason,confirmed_placeholder,high
mmdm-7444,details,technical,Событие подтверждено официальной афишей Московского международного Дома музыки.,remove,,source verification or internal process text without user-facing event content,pure_public_provenance,high
newopera-cabaret-2026,why,editorial,"Вайль, Шёнберг, Бриттен и Сати в новогодней афише — содержательно сильнее большинства сезонного шума.",keep,"Вайль, Шёнберг, Бриттен и Сати в новогодней афише — содержательно сильнее большинства сезонного шума.",content-specific editorial reason,none,high
newopera-cabaret-2026,details,content,"Песни Курта Вайля, Арнольда Шёнберга, Бенджамина Бриттена, Эрика Сати и других.",keep,"Песни Курта Вайля, Арнольда Шёнберга, Бенджамина Бриттена, Эрика Сати и других.",user-facing factual content,none,high
zaryadye-brahms-franck-2026-12-29,why,technical,Подтверждено официальной афишей Зала Зарядье в контрольном sweep октября–декабря 2026.,remove,,confirmation/provenance is not an editorial reason,confirmed_placeholder,high
zaryadye-brahms-franck-2026-12-29,details,technical,Событие подтверждено официальной афишей Зала Зарядье; актуальные программа и состав — по карточке источника.,remove,,source verification or internal process text without user-facing event content,pure_public_provenance,high
maly-little-tragedies-dec26,why,generic,Репертуарная карточка: сохраняем постановку в полном театральном календаре.,remove,,"generic repertoire placeholder, not an editorial reason",repertoire_card_placeholder,high
maly-little-tragedies-dec26,details,content,"29 декабря. 3 часа, два антракта.",keep,"29 декабря. 3 часа, два антракта.",user-facing factual content,none,high
maly-windsor-wives-dec26,why,generic,Репертуарная карточка: сохраняем постановку в полном театральном календаре.,remove,,"generic repertoire placeholder, not an editorial reason",repertoire_card_placeholder,high
maly-windsor-wives-dec26,details,content,"29 декабря. 2 ч 30 мин, один антракт.",keep,"29 декабря. 2 ч 30 мин, один антракт.",user-facing factual content,none,high
mmdm-7396,why,technical,Подтверждённая позиция полного sweep Московского международного Дома музыки.,remove,,confirmation/provenance is not an editorial reason,confirmed_placeholder,high
mmdm-7396,details,technical,Событие подтверждено официальной афишей Московского международного Дома музыки.,remove,,source verification or internal process text without user-facing event content,pure_public_provenance,high
consv-mzk-kings-tango-waltz-2026-12-30,why,technical,Подтверждено актуальной официальной декабрьской афишей Московской консерватории при контрольной сверке по дням.,remove,,confirmation/provenance is not an editorial reason,confirmed_placeholder,high
consv-mzk-kings-tango-waltz-2026-12-30,details,technical,Событие подтверждено актуальной официальной афишей Московской консерватории.,remove,,source verification or internal process text without user-facing event content,pure_public_provenance,high
mmdm-6825,why,technical,Подтверждённая позиция полного sweep Московского международного Дома музыки.,remove,,confirmation/provenance is not an editorial reason,confirmed_placeholder,high
mmdm-6825,details,technical,Событие подтверждено официальной афишей Московского международного Дома музыки.,remove,,source verification or internal process text without user-facing event content,pure_public_provenance,high
mmdm-7451,why,technical,Подтверждённая позиция полного sweep Московского международного Дома музыки.,remove,,confirmation/provenance is not an editorial reason,confirmed_placeholder,high
mmdm-7451,details,technical,Событие подтверждено официальной афишей Московского международного Дома музыки.,remove,,source verification or internal process text without user-facing event content,pure_public_provenance,high
mmdm-hollywood-christmas-anastasiya-lyutova-i-lyutyj-bend-1-2026-12-30,why,technical,Подтверждённая позиция полного sweep Московского международного Дома музыки.,remove,,confirmation/provenance is not an editorial reason,confirmed_placeholder,high
mmdm-hollywood-christmas-anastasiya-lyutova-i-lyutyj-bend-1-2026-12-30,details,technical,Событие подтверждено официальной афишей Московского международного Дома музыки.,remove,,source verification or internal process text without user-facing event content,pure_public_provenance,high
maly-bride-without-dowry-dec26,why,generic,Репертуарная карточка: сохраняем постановку в полном театральном календаре.,remove,,"generic repertoire placeholder, not an editorial reason",repertoire_card_placeholder,high
maly-bride-without-dowry-dec26,details,content,"30 декабря. 2 ч 40 мин, один антракт.",keep,"30 декабря. 2 ч 40 мин, один антракт.",user-facing factual content,none,high
maly-tsar-saltan-dec26,why,generic,Репертуарная карточка: сохраняем постановку в полном театральном календаре.,remove,,"generic repertoire placeholder, not an editorial reason",repertoire_card_placeholder,high
maly-tsar-saltan-dec26,details,content,"31 декабря: 11:00 и 15:00. 1 ч 40 мин, один антракт.",keep,"31 декабря: 11:00 и 15:00. 1 ч 40 мин, один антракт.",user-facing factual content,none,high
mmdm-5924,why,technical,Подтверждённая позиция полного sweep Московского международного Дома музыки.,remove,,confirmation/provenance is not an editorial reason,confirmed_placeholder,high
mmdm-5924,details,technical,Событие подтверждено официальной афишей Московского международного Дома музыки.,remove,,source verification or internal process text without user-facing event content,pure_public_provenance,high
mmdm-7366,why,technical,Подтверждённая позиция полного sweep Московского международного Дома музыки.,remove,,confirmation/provenance is not an editorial reason,confirmed_placeholder,high
mmdm-7366,details,technical,Событие подтверждено официальной афишей Московского международного Дома музыки.,remove,,source verification or internal process text without user-facing event content,pure_public_provenance,high
phil-klyuchko-new-year-2026-12-31,why,technical,Подтверждённая дата полного sweep Московской филармонии до 31.12.2026; включена в широкий календарь без вкусового отсева.,remove,,confirmation/provenance is not an editorial reason,confirmed_placeholder,high
phil-klyuchko-new-year-2026-12-31,details,content,"Транскрипции и концертные парафразы Володося, Шульц-Эвлера, Грюнфельда, Гинзбурга, Плетнёва на музыку Бизе, Штрауса, Россини, Грига и Чайковского.",keep,"Транскрипции и концертные парафразы Володося, Шульц-Эвлера, Грюнфельда, Гинзбурга, Плетнёва на музыку Бизе, Штрауса, Россини, Грига и Чайковского.",user-facing factual content,none,high
mmdm-7366-2026-12-31-1800,why,technical,Подтверждённая позиция полного sweep Московского международного Дома музыки.,remove,,confirmation/provenance is not an editorial reason,confirmed_placeholder,high
mmdm-7366-2026-12-31-1800,details,technical,Событие подтверждено официальной афишей Московского международного Дома музыки.,remove,,source verification or internal process text without user-facing event content,pure_public_provenance,high
consv-myaskovsky-dialogue-artist-2027-01-10,why,editorial,Камерный междисциплинарный цикл зала Мясковского: музыка вступает в прямой диалог с визуальным искусством.,keep,Камерный междисциплинарный цикл зала Мясковского: музыка вступает в прямой диалог с визуальным искусством.,content-specific editorial reason,none,high
consv-myaskovsky-dialogue-artist-2027-01-10,details,empty,,no_action,,field is empty or absent,empty,high
shostakovich-quartets-4,why,generic,Дальний радар полного цикла; квартеты № 10–12.,remove,,generic/process rationale does not state a concrete event-specific reason,radar_cycle_placeholder,high
shostakovich-quartets-4,details,content,"Шостакович — Струнные квартеты № 10 ля-бемоль мажор, ор. 118; № 11 фа минор, ор. 122; № 12 ре-бемоль мажор, ор. 133.",keep,"Шостакович — Струнные квартеты № 10 ля-бемоль мажор, ор. 118; № 11 фа минор, ор. 122; № 12 ре-бемоль мажор, ор. 133.",user-facing factual content,none,high
phil-stars21-2027-01-17,why,generic,Опубликованное событие сезона 2026/27 базовой музыкальной площадки; включено в дальний радар.,remove,,generic/process rationale does not state a concrete event-specific reason,published_season_base_venue_radar,high
phil-stars21-2027-01-17,details,empty,,no_action,,field is empty or absent,empty,high
phil-handel-baroque-2027-01-18,why,generic,Опубликованное событие сезона 2026/27 базовой музыкальной площадки; включено в дальний радар.,remove,,generic/process rationale does not state a concrete event-specific reason,published_season_base_venue_radar,high
phil-handel-baroque-2027-01-18,details,empty,,no_action,,field is empty or absent,empty,high
zaryadye-kolesnikov-2027-01-23,why,generic,Опубликованное событие сезона 2026/27 базовой музыкальной площадки; включено в дальний радар.,remove,,generic/process rationale does not state a concrete event-specific reason,published_season_base_venue_radar,high
zaryadye-kolesnikov-2027-01-23,details,empty,,no_action,,field is empty or absent,empty,high
consv-mzk-shevchenko-organ-2027-01-24,why,generic,Опубликованное событие сезона 2026/27 базовой музыкальной площадки; включено в дальний радар.,remove,,generic/process rationale does not state a concrete event-specific reason,published_season_base_venue_radar,high
consv-mzk-shevchenko-organ-2027-01-24,details,empty,,no_action,,field is empty or absent,empty,high
phil-mahler10-2027-01-28,why,editorial,Малер №10 и Чижевский — один из наиболее содержательно сильных пунктов дальнего сезона.,keep,Малер №10 и Чижевский — один из наиболее содержательно сильных пунктов дальнего сезона.,content-specific editorial reason,none,high
phil-mahler10-2027-01-28,details,content,"Малер — Симфония № 10. Лекция-концерт в одном отделении, около 80 минут.",keep,"Малер — Симфония № 10. Лекция-концерт в одном отделении, около 80 минут.",user-facing factual content,none,high
phil-105-2027-01-29,why,generic,Опубликованное событие сезона 2026/27 базовой музыкальной площадки; включено в дальний радар.,remove,,generic/process rationale does not state a concrete event-specific reason,published_season_base_venue_radar,high
phil-105-2027-01-29,details,empty,,no_action,,field is empty or absent,empty,high
zaryadye-baroque-europe-2027-01-29,why,generic,Опубликованное событие сезона 2026/27 базовой музыкальной площадки; включено в дальний радар.,remove,,generic/process rationale does not state a concrete event-specific reason,published_season_base_venue_radar,high
zaryadye-baroque-europe-2027-01-29,details,empty,,no_action,,field is empty or absent,empty,high
phil-rno-bach-2027-01-30,why,generic,Опубликованное событие сезона 2026/27 базовой музыкальной площадки; включено в дальний радар.,remove,,generic/process rationale does not state a concrete event-specific reason,published_season_base_venue_radar,high
phil-rno-bach-2027-01-30,details,empty,,no_action,,field is empty or absent,empty,high
consv-mzk-melnikov-2027-01-31,why,generic,Опубликованное событие сезона 2026/27 базовой музыкальной площадки; включено в дальний радар.,remove,,generic/process rationale does not state a concrete event-specific reason,published_season_base_venue_radar,high
consv-mzk-melnikov-2027-01-31,details,empty,,no_action,,field is empty or absent,empty,high
phil-stravinsky-2027-02-04,why,generic,Опубликованное событие сезона 2026/27 базовой музыкальной площадки; включено в дальний радар.,remove,,generic/process rationale does not state a concrete event-specific reason,published_season_base_venue_radar,high
phil-stravinsky-2027-02-04,details,empty,,no_action,,field is empty or absent,empty,high
consv-bzk-khachikyan-2027-02-05,why,generic,Опубликованное событие сезона 2026/27 базовой музыкальной площадки; включено в дальний радар.,remove,,generic/process rationale does not state a concrete event-specific reason,published_season_base_venue_radar,high
consv-bzk-khachikyan-2027-02-05,details,empty,,no_action,,field is empty or absent,empty,high
consv-mzk-kravchenko-sergeeva-2027-02-05,why,generic,Опубликованное событие сезона 2026/27 базовой музыкальной площадки; включено в дальний радар.,remove,,generic/process rationale does not state a concrete event-specific reason,published_season_base_venue_radar,high
consv-mzk-kravchenko-sergeeva-2027-02-05,details,empty,,no_action,,field is empty or absent,empty,high
phil-lugansky-chamber-2027-02-05,why,empty,,no_action,,field is empty or absent,empty,high
phil-lugansky-chamber-2027-02-05,details,empty,,no_action,,field is empty or absent,empty,high
consv-mzk-shmitov-bach-2027-02-07,why,generic,Опубликованное событие сезона 2026/27 базовой музыкальной площадки; включено в дальний радар.,remove,,generic/process rationale does not state a concrete event-specific reason,published_season_base_venue_radar,high
consv-mzk-shmitov-bach-2027-02-07,details,empty,,no_action,,field is empty or absent,empty,high
phil-rno-rudin-repin-2027-02-07,why,empty,,no_action,,field is empty or absent,empty,high
phil-rno-rudin-repin-2027-02-07,details,content,Мартину — «Фрески Пьеро делла Франческа»; Респиги — «Триптих Боттичелли»; Брух — Концерт №1; Лист — «Фауст-симфония».,keep,Мартину — «Фрески Пьеро делла Франческа»; Респиги — «Триптих Боттичелли»; Брух — Концерт №1; Лист — «Фауст-симфония».,user-facing factual content,none,high
shostakovich-quartets-5,why,editorial,Финал полного цикла — поздние квартеты № 13–15.,keep,Финал полного цикла — поздние квартеты № 13–15.,content-specific editorial reason,none,high
shostakovich-quartets-5,details,content,"Шостакович — Струнные квартеты № 13 си-бемоль минор, ор. 138; № 14 фа-диез мажор, ор. 142; № 15 ми-бемоль минор, ор. 144.",keep,"Шостакович — Струнные квартеты № 13 си-бемоль минор, ор. 138; № 14 фа-диез мажор, ор. 142; № 15 ми-бемоль минор, ор. 144.",user-facing factual content,none,high
zaryadye-barber-film-2027-02-09,why,generic,Опубликованное событие сезона 2026/27 базовой музыкальной площадки; включено в дальний радар.,remove,,generic/process rationale does not state a concrete event-specific reason,published_season_base_venue_radar,high
zaryadye-barber-film-2027-02-09,details,empty,,no_action,,field is empty or absent,empty,high
consv-mzk-bugaev-zaitseva-2027-02-11,why,generic,Опубликованное событие сезона 2026/27 базовой музыкальной площадки; включено в дальний радар.,remove,,generic/process rationale does not state a concrete event-specific reason,published_season_base_venue_radar,high
consv-mzk-bugaev-zaitseva-2027-02-11,details,empty,,no_action,,field is empty or absent,empty,high
phil-bach-goldberg-trio-2027-02-12,why,generic,Опубликованное событие сезона 2026/27 базовой музыкальной площадки; включено в дальний радар.,remove,,generic/process rationale does not state a concrete event-specific reason,published_season_base_venue_radar,high
phil-bach-goldberg-trio-2027-02-12,details,empty,,no_action,,field is empty or absent,empty,high
zaryadye-donizetti-elixir-2027-02-14,why,generic,Опубликованное событие сезона 2026/27 базовой музыкальной площадки; включено в дальний радар.,remove,,generic/process rationale does not state a concrete event-specific reason,published_season_base_venue_radar,high
zaryadye-donizetti-elixir-2027-02-14,details,empty,,no_action,,field is empty or absent,empty,high
consv-bzk-verdi-oberto-2027-02-16,why,generic,Опубликованное событие сезона 2026/27 базовой музыкальной площадки; включено в дальний радар.,remove,,generic/process rationale does not state a concrete event-specific reason,published_season_base_venue_radar,high
consv-bzk-verdi-oberto-2027-02-16,details,empty,,no_action,,field is empty or absent,empty,high
phil-other-space-2027-02-17,why,generic,Опубликованное событие сезона 2026/27 базовой музыкальной площадки; включено в дальний радар.,remove,,generic/process rationale does not state a concrete event-specific reason,published_season_base_venue_radar,high
phil-other-space-2027-02-17,details,empty,,no_action,,field is empty or absent,empty,high
consv-rach-golden-age-2027-02-18,why,generic,Опубликованное событие сезона 2026/27 базовой музыкальной площадки; включено в дальний радар.,remove,,generic/process rationale does not state a concrete event-specific reason,published_season_base_venue_radar,high
consv-rach-golden-age-2027-02-18,details,empty,,no_action,,field is empty or absent,empty,high
consv-mzk-pisarev-2027-02-20,why,generic,Опубликованное событие сезона 2026/27 базовой музыкальной площадки; включено в дальний радар.,remove,,generic/process rationale does not state a concrete event-specific reason,published_season_base_venue_radar,high
consv-mzk-pisarev-2027-02-20,details,empty,,no_action,,field is empty or absent,empty,high
phil-masm-2027-02-20,why,generic,Опубликованное событие сезона 2026/27 базовой музыкальной площадки; включено в дальний радар.,remove,,generic/process rationale does not state a concrete event-specific reason,published_season_base_venue_radar,high
phil-masm-2027-02-20,details,empty,,no_action,,field is empty or absent,empty,high
zaryadye-stop-moment-2027-02-21,why,generic,Опубликованное событие сезона 2026/27 базовой музыкальной площадки; включено в дальний радар.,remove,,generic/process rationale does not state a concrete event-specific reason,published_season_base_venue_radar,high
zaryadye-stop-moment-2027-02-21,details,empty,,no_action,,field is empty or absent,empty,high
consv-mzk-katsnelson-2027-02-21,why,generic,Опубликованное событие сезона 2026/27 базовой музыкальной площадки; включено в дальний радар.,remove,,generic/process rationale does not state a concrete event-specific reason,published_season_base_venue_radar,high
consv-mzk-katsnelson-2027-02-21,details,empty,,no_action,,field is empty or absent,empty,high
phil-davnis-2027-02-22,why,generic,Опубликованное событие сезона 2026/27 базовой музыкальной площадки; включено в дальний радар.,remove,,generic/process rationale does not state a concrete event-specific reason,published_season_base_venue_radar,high
phil-davnis-2027-02-22,details,empty,,no_action,,field is empty or absent,empty,high
consv-mzk-anchevskaya-kuksova-2027-02-24,why,generic,Опубликованное событие сезона 2026/27 базовой музыкальной площадки; включено в дальний радар.,remove,,generic/process rationale does not state a concrete event-specific reason,published_season_base_venue_radar,high
consv-mzk-anchevskaya-kuksova-2027-02-24,details,empty,,no_action,,field is empty or absent,empty,high
consv-mzk-knorre-glavatskikh-2027-02-26,why,generic,Опубликованное событие сезона 2026/27 базовой музыкальной площадки; включено в дальний радар.,remove,,generic/process rationale does not state a concrete event-specific reason,published_season_base_venue_radar,high
consv-mzk-knorre-glavatskikh-2027-02-26,details,empty,,no_action,,field is empty or absent,empty,high
consv-bzk-pisarev-2027-02-28,why,generic,Опубликованное событие сезона 2026/27 базовой музыкальной площадки; включено в дальний радар.,remove,,generic/process rationale does not state a concrete event-specific reason,published_season_base_venue_radar,high
consv-bzk-pisarev-2027-02-28,details,empty,,no_action,,field is empty or absent,empty,high
consv-mzk-mrvic-2027-02-28,why,generic,Опубликованное событие сезона 2026/27 базовой музыкальной площадки; включено в дальний радар.,remove,,generic/process rationale does not state a concrete event-specific reason,published_season_base_venue_radar,high
consv-mzk-mrvic-2027-02-28,details,empty,,no_action,,field is empty or absent,empty,high
consv-rach-wind-dynasties-2027-02-28,why,generic,Опубликованное событие сезона 2026/27 базовой музыкальной площадки; включено в дальний радар.,remove,,generic/process rationale does not state a concrete event-specific reason,published_season_base_venue_radar,high
consv-rach-wind-dynasties-2027-02-28,details,empty,,no_action,,field is empty or absent,empty,high
consv-mzk-two-pianos-2027-03-03,why,generic,Опубликованное событие сезона 2026/27 базовой музыкальной площадки; включено в дальний радар.,remove,,generic/process rationale does not state a concrete event-specific reason,published_season_base_venue_radar,high
consv-mzk-two-pianos-2027-03-03,details,empty,,no_action,,field is empty or absent,empty,high
phil-bso-tsybulyeva-2027-03-03,why,empty,,no_action,,field is empty or absent,empty,high
phil-bso-tsybulyeva-2027-03-03,details,empty,,no_action,,field is empty or absent,empty,high
phil-cello-voice-2027-03-06,why,generic,Опубликованное событие сезона 2026/27 базовой музыкальной площадки; включено в дальний радар.,remove,,generic/process rationale does not state a concrete event-specific reason,published_season_base_venue_radar,high
phil-cello-voice-2027-03-06,details,empty,,no_action,,field is empty or absent,empty,high
phil-stravinsky-2027-03-06,why,generic,Опубликованное событие сезона 2026/27 базовой музыкальной площадки; включено в дальний радар.,remove,,generic/process rationale does not state a concrete event-specific reason,published_season_base_venue_radar,high
phil-stravinsky-2027-03-06,details,empty,,no_action,,field is empty or absent,empty,high
zaryadye-telemann-table-music-2027-03-06,why,generic,Опубликованное событие сезона 2026/27 базовой музыкальной площадки; включено в дальний радар.,remove,,generic/process rationale does not state a concrete event-specific reason,published_season_base_venue_radar,high
zaryadye-telemann-table-music-2027-03-06,details,empty,,no_action,,field is empty or absent,empty,high
phil-stilus-fantasticus-2027-03-10,why,generic,Опубликованное событие сезона 2026/27 базовой музыкальной площадки; включено в дальний радар.,remove,,generic/process rationale does not state a concrete event-specific reason,published_season_base_venue_radar,high
phil-stilus-fantasticus-2027-03-10,details,empty,,no_action,,field is empty or absent,empty,high
phil-stars21-2027-03-14,why,empty,,no_action,,field is empty or absent,empty,high
phil-stars21-2027-03-14,details,empty,,no_action,,field is empty or absent,empty,high
zaryadye-salome-dream-2027-03-17,why,generic,Опубликованное событие сезона 2026/27 базовой музыкальной площадки; включено в дальний радар.,remove,,generic/process rationale does not state a concrete event-specific reason,published_season_base_venue_radar,high
zaryadye-salome-dream-2027-03-17,details,empty,,no_action,,field is empty or absent,empty,high
phil-other-space-2027-03-18,why,generic,Опубликованное событие сезона 2026/27 базовой музыкальной площадки; включено в дальний радар.,remove,,generic/process rationale does not state a concrete event-specific reason,published_season_base_venue_radar,high
phil-other-space-2027-03-18,details,empty,,no_action,,field is empty or absent,empty,high
consv-mzk-rudin-martirosyan-2027-03-19,why,generic,Опубликованное событие сезона 2026/27 базовой музыкальной площадки; включено в дальний радар.,remove,,generic/process rationale does not state a concrete event-specific reason,published_season_base_venue_radar,high
consv-mzk-rudin-martirosyan-2027-03-19,details,empty,,no_action,,field is empty or absent,empty,high
consv-bzk-virsaladze-2027-03-20,why,generic,Опубликованное событие сезона 2026/27 базовой музыкальной площадки; включено в дальний радар.,remove,,generic/process rationale does not state a concrete event-specific reason,published_season_base_venue_radar,high
consv-bzk-virsaladze-2027-03-20,details,empty,,no_action,,field is empty or absent,empty,high
phil-schoenheit-organ-2027-03-20,why,generic,Опубликованное событие сезона 2026/27 базовой музыкальной площадки; включено в дальний радар.,remove,,generic/process rationale does not state a concrete event-specific reason,published_season_base_venue_radar,high
phil-schoenheit-organ-2027-03-20,details,empty,,no_action,,field is empty or absent,empty,high
consv-myaskovsky-dialogue-poet-2027-03-21,why,editorial,Камерный междисциплинарный цикл зала Мясковского — музыка и поэтический текст.,keep,Камерный междисциплинарный цикл зала Мясковского — музыка и поэтический текст.,content-specific editorial reason,none,high
consv-myaskovsky-dialogue-poet-2027-03-21,details,empty,,no_action,,field is empty or absent,empty,high
phil-bach-motets-cantatas-2027-03-21,why,generic,Опубликованное событие сезона 2026/27 базовой музыкальной площадки; включено в дальний радар.,remove,,generic/process rationale does not state a concrete event-specific reason,published_season_base_venue_radar,high
phil-bach-motets-cantatas-2027-03-21,details,empty,,no_action,,field is empty or absent,empty,high
phil-rnmso-2027-03-23,why,generic,Опубликованное событие сезона 2026/27 базовой музыкальной площадки; включено в дальний радар.,remove,,generic/process rationale does not state a concrete event-specific reason,published_season_base_venue_radar,high
phil-rnmso-2027-03-23,details,empty,,no_action,,field is empty or absent,empty,high
consv-mzk-ostrovsky-2027-03-25,why,generic,Опубликованное событие сезона 2026/27 базовой музыкальной площадки; включено в дальний радар.,remove,,generic/process rationale does not state a concrete event-specific reason,published_season_base_venue_radar,high
consv-mzk-ostrovsky-2027-03-25,details,empty,,no_action,,field is empty or absent,empty,high
zaryadye-lent-chants-2027-03-25,why,generic,Опубликованное событие сезона 2026/27 базовой музыкальной площадки; включено в дальний радар.,remove,,generic/process rationale does not state a concrete event-specific reason,published_season_base_venue_radar,high
zaryadye-lent-chants-2027-03-25,details,empty,,no_action,,field is empty or absent,empty,high
consv-mzk-chertok-afanasyeva-2027-03-28,why,generic,Опубликованное событие сезона 2026/27 базовой музыкальной площадки; включено в дальний радар.,remove,,generic/process rationale does not state a concrete event-specific reason,published_season_base_venue_radar,high
consv-mzk-chertok-afanasyeva-2027-03-28,details,empty,,no_action,,field is empty or absent,empty,high
consv-mzk-stadler-memory-2027-03-30,why,generic,Опубликованное событие сезона 2026/27 базовой музыкальной площадки; включено в дальний радар.,remove,,generic/process rationale does not state a concrete event-specific reason,published_season_base_venue_radar,high
consv-mzk-stadler-memory-2027-03-30,details,empty,,no_action,,field is empty or absent,empty,high
phil-young-talents-2027-03-30,why,generic,Опубликованное событие сезона 2026/27 базовой музыкальной площадки; включено в дальний радар.,remove,,generic/process rationale does not state a concrete event-specific reason,published_season_base_venue_radar,high
phil-young-talents-2027-03-30,details,empty,,no_action,,field is empty or absent,empty,high
consv-bzk-beethoven-mass-2027-03-31,why,generic,Опубликованное событие сезона 2026/27 базовой музыкальной площадки; включено в дальний радар.,remove,,generic/process rationale does not state a concrete event-specific reason,published_season_base_venue_radar,high
consv-bzk-beethoven-mass-2027-03-31,details,empty,,no_action,,field is empty or absent,empty,high
phil-era-tchaikovsky-2027-04-02,why,empty,,no_action,,field is empty or absent,empty,high
phil-era-tchaikovsky-2027-04-02,details,empty,,no_action,,field is empty or absent,empty,high
consv-mzk-osipova-kashunin-2027-04-03,why,generic,Опубликованное событие сезона 2026/27 базовой музыкальной площадки; включено в дальний радар.,remove,,generic/process rationale does not state a concrete event-specific reason,published_season_base_venue_radar,high
consv-mzk-osipova-kashunin-2027-04-03,details,empty,,no_action,,field is empty or absent,empty,high
consv-rach-marcello-falla-2027-04-04,why,generic,Опубликованное событие сезона 2026/27 базовой музыкальной площадки; включено в дальний радар.,remove,,generic/process rationale does not state a concrete event-specific reason,published_season_base_venue_radar,high
consv-rach-marcello-falla-2027-04-04,details,empty,,no_action,,field is empty or absent,empty,high
phil-rachmaninoff-days-2027-04-04,why,empty,,no_action,,field is empty or absent,empty,high
phil-rachmaninoff-days-2027-04-04,details,empty,,no_action,,field is empty or absent,empty,high
zaryadye-rhythms-east-2027-04-07,why,generic,Опубликованное событие сезона 2026/27 базовой музыкальной площадки; включено в дальний радар.,remove,,generic/process rationale does not state a concrete event-specific reason,published_season_base_venue_radar,high
zaryadye-rhythms-east-2027-04-07,details,empty,,no_action,,field is empty or absent,empty,high
consv-mzk-virsaladze-oistrakh-2027-04-10,why,generic,Опубликованное событие сезона 2026/27 базовой музыкальной площадки; включено в дальний радар.,remove,,generic/process rationale does not state a concrete event-specific reason,published_season_base_venue_radar,high
consv-mzk-virsaladze-oistrakh-2027-04-10,details,empty,,no_action,,field is empty or absent,empty,high
consv-mzk-emelyanov-2027-04-11,why,generic,Опубликованное событие сезона 2026/27 базовой музыкальной площадки; включено в дальний радар.,remove,,generic/process rationale does not state a concrete event-specific reason,published_season_base_venue_radar,high
consv-mzk-emelyanov-2027-04-11,details,empty,,no_action,,field is empty or absent,empty,high
consv-mzk-mndoyants-2027-04-14,why,generic,Опубликованное событие сезона 2026/27 базовой музыкальной площадки; включено в дальний радар.,remove,,generic/process rationale does not state a concrete event-specific reason,published_season_base_venue_radar,high
consv-mzk-mndoyants-2027-04-14,details,empty,,no_action,,field is empty or absent,empty,high
phil-bach-bminor-mass-2027-04-16,why,generic,Именно дальний сезонный пример пользователя; при этом отдельная продажа пока не подтверждена. Содержательно — ключевой Баховский радар.,remove,,"user/season/radar wording is process/personal context, not an event-specific editorial reason",manual_why_process_only,high
phil-bach-bminor-mass-2027-04-16,details,content,"И. С. Бах — Месса для солистов, хора и оркестра си минор BWV 232.",keep,"И. С. Бах — Месса для солистов, хора и оркестра си минор BWV 232.",user-facing factual content,none,high
zaryadye-ablonci-organ-2027-04-16,why,empty,,no_action,,field is empty or absent,empty,high
zaryadye-ablonci-organ-2027-04-16,details,content,"Бах, Дюрюфле, Регер, Лист, Сатмари, Вьерн.",keep,"Бах, Дюрюфле, Регер, Лист, Сатмари, Вьерн.",user-facing factual content,none,high
zaryadye-pushkin-playlist-2027-04-17,why,empty,,no_action,,field is empty or absent,empty,high
zaryadye-pushkin-playlist-2027-04-17,details,empty,,no_action,,field is empty or absent,empty,high
zaryadye-berezovsky-sladkovsky-2027-04-17,why,empty,,no_action,,field is empty or absent,empty,high
zaryadye-berezovsky-sladkovsky-2027-04-17,details,empty,,no_action,,field is empty or absent,empty,high
consv-myaskovsky-russian-folklore-2027-04-18,why,empty,,no_action,,field is empty or absent,empty,high
consv-myaskovsky-russian-folklore-2027-04-18,details,empty,,no_action,,field is empty or absent,empty,high
consv-mzk-semenov-bach-organ-2027-04-18,why,generic,Опубликованное событие сезона 2026/27 базовой музыкальной площадки; включено в дальний радар.,remove,,generic/process rationale does not state a concrete event-specific reason,published_season_base_venue_radar,high
consv-mzk-semenov-bach-organ-2027-04-18,details,empty,,no_action,,field is empty or absent,empty,high
consv-rach-mozart-winds-2027-04-18,why,empty,,no_action,,field is empty or absent,empty,high
consv-rach-mozart-winds-2027-04-18,details,empty,,no_action,,field is empty or absent,empty,high
phil-stars21-2027-04-18,why,empty,,no_action,,field is empty or absent,empty,high
phil-stars21-2027-04-18,details,empty,,no_action,,field is empty or absent,empty,high
consv-bzk-mozart-requiem-beethoven-2027-04-19,why,generic,Опубликованное событие сезона 2026/27 базовой музыкальной площадки; включено в дальний радар.,remove,,generic/process rationale does not state a concrete event-specific reason,published_season_base_venue_radar,high
consv-bzk-mozart-requiem-beethoven-2027-04-19,details,empty,,no_action,,field is empty or absent,empty,high
phil-masm-2027-04-19,why,generic,Опубликованное событие сезона 2026/27 базовой музыкальной площадки; включено в дальний радар.,remove,,generic/process rationale does not state a concrete event-specific reason,published_season_base_venue_radar,high
phil-masm-2027-04-19,details,empty,,no_action,,field is empty or absent,empty,high
consv-mzk-knyazev-brahms-2027-04-20,why,generic,Опубликованное событие сезона 2026/27 базовой музыкальной площадки; включено в дальний радар.,remove,,generic/process rationale does not state a concrete event-specific reason,published_season_base_venue_radar,high
consv-mzk-knyazev-brahms-2027-04-20,details,empty,,no_action,,field is empty or absent,empty,high
phil-berezovsky-2027-04-21,why,generic,Опубликованное событие сезона 2026/27 базовой музыкальной площадки; включено в дальний радар.,remove,,generic/process rationale does not state a concrete event-specific reason,published_season_base_venue_radar,high
phil-berezovsky-2027-04-21,details,empty,,no_action,,field is empty or absent,empty,high
zaryadye-laul-waltzes-2027-04-21,why,empty,,no_action,,field is empty or absent,empty,high
zaryadye-laul-waltzes-2027-04-21,details,empty,,no_action,,field is empty or absent,empty,high
consv-mzk-kazazyan-2027-04-22,why,generic,Опубликованное событие сезона 2026/27 базовой музыкальной площадки; включено в дальний радар.,remove,,generic/process rationale does not state a concrete event-specific reason,published_season_base_venue_radar,high
consv-mzk-kazazyan-2027-04-22,details,empty,,no_action,,field is empty or absent,empty,high
consv-mzk-sayamov-2027-04-23,why,generic,Опубликованное событие сезона 2026/27 базовой музыкальной площадки; включено в дальний радар.,remove,,generic/process rationale does not state a concrete event-specific reason,published_season_base_venue_radar,high
consv-mzk-sayamov-2027-04-23,details,empty,,no_action,,field is empty or absent,empty,high
consv-mzk-borodin-quartet-2027-04-24,why,generic,Опубликованное событие сезона 2026/27 базовой музыкальной площадки; включено в дальний радар.,remove,,generic/process rationale does not state a concrete event-specific reason,published_season_base_venue_radar,high
consv-mzk-borodin-quartet-2027-04-24,details,empty,,no_action,,field is empty or absent,empty,high
consv-mzk-kramer-2027-05-13,why,generic,Опубликованное событие сезона 2026/27 базовой музыкальной площадки; включено в дальний радар.,remove,,generic/process rationale does not state a concrete event-specific reason,published_season_base_venue_radar,high
consv-mzk-kramer-2027-05-13,details,empty,,no_action,,field is empty or absent,empty,high
phil-musica-sacra-schnittke-2027-05-14,why,generic,Опубликованное событие сезона 2026/27 базовой музыкальной площадки; включено в дальний радар.,remove,,generic/process rationale does not state a concrete event-specific reason,published_season_base_venue_radar,high
phil-musica-sacra-schnittke-2027-05-14,details,empty,,no_action,,field is empty or absent,empty,high
consv-myaskovsky-trumpet-ensemble-2027-05-16,why,editorial,Редкий инструментальный камерный формат в отдельном зале Консерватории.,keep,Редкий инструментальный камерный формат в отдельном зале Консерватории.,content-specific editorial reason,none,high
consv-myaskovsky-trumpet-ensemble-2027-05-16,details,empty,,no_action,,field is empty or absent,empty,high
consv-rach-remembering-future-2027-05-18,why,generic,Опубликованное событие сезона 2026/27 базовой музыкальной площадки; включено в дальний радар.,remove,,generic/process rationale does not state a concrete event-specific reason,published_season_base_venue_radar,high
consv-rach-remembering-future-2027-05-18,details,empty,,no_action,,field is empty or absent,empty,high
phil-rnmso-2027-05-20,why,generic,Опубликованное событие сезона 2026/27 базовой музыкальной площадки; включено в дальний радар.,remove,,generic/process rationale does not state a concrete event-specific reason,published_season_base_venue_radar,high
phil-rnmso-2027-05-20,details,empty,,no_action,,field is empty or absent,empty,high
phil-french-baroque-2027-05-22,why,generic,Опубликованное событие сезона 2026/27 базовой музыкальной площадки; включено в дальний радар.,remove,,generic/process rationale does not state a concrete event-specific reason,published_season_base_venue_radar,high
phil-french-baroque-2027-05-22,details,empty,,no_action,,field is empty or absent,empty,high
consv-mzk-favorin-2027-05-25,why,generic,Опубликованное событие сезона 2026/27 базовой музыкальной площадки; включено в дальний радар.,remove,,generic/process rationale does not state a concrete event-specific reason,published_season_base_venue_radar,high
consv-mzk-favorin-2027-05-25,details,empty,,no_action,,field is empty or absent,empty,high
consv-bzk-nersesyan-2027-05-26,why,generic,Опубликованное событие сезона 2026/27 базовой музыкальной площадки; включено в дальний радар.,remove,,generic/process rationale does not state a concrete event-specific reason,published_season_base_venue_radar,high
consv-bzk-nersesyan-2027-05-26,details,empty,,no_action,,field is empty or absent,empty,high
consv-mzk-brahms-trio-2027-05-27,why,generic,Опубликованное событие сезона 2026/27 базовой музыкальной площадки; включено в дальний радар.,remove,,generic/process rationale does not state a concrete event-specific reason,published_season_base_venue_radar,high
consv-mzk-brahms-trio-2027-05-27,details,empty,,no_action,,field is empty or absent,empty,high
phil-great-concerts-2027-05-27,why,empty,,no_action,,field is empty or absent,empty,high
phil-great-concerts-2027-05-27,details,empty,,no_action,,field is empty or absent,empty,high
zaryadye-lady-macbeth-2027-06-09,why,generic,Опубликованное событие сезона 2026/27 базовой музыкальной площадки; включено в дальний радар.,remove,,generic/process rationale does not state a concrete event-specific reason,published_season_base_venue_radar,high
zaryadye-lady-macbeth-2027-06-09,details,empty,,no_action,,field is empty or absent,empty,high
rameau,why,editorial,Редкая интерпретационная линия; важны исполнитель и масштаб программы.,keep,Редкая интерпретационная линия; важны исполнитель и масштаб программы.,content-specific editorial reason,none,high
rameau,details,technical,Основной тег — Рамо. Уточнение про современный рояль остаётся внутри карточки и не превращается в громоздкий фильтр.,remove,,"internal discovery/UI instruction, not user-facing event detail",internal_radar_or_ui_note,high
wtc1,why,technical,"Как только объявится полный I том, он должен всплыть независимо от площадки.",remove,,generic/process rationale does not state a concrete event-specific reason,internal_watch_instruction,high
wtc1,details,technical,"Независимый радар: искать полный I том ХТК по исполнителям и площадкам, а не ждать, пока он случайно попадётся в одной из привычных афиш.",remove,,"internal discovery/UI instruction, not user-facing event detail",internal_radar_or_ui_note,high
